entity_type,record_id,alignment_id,area_ha,case_number,case_type,centroid_lat,centroid_lon,court,current_stage,current_stage_sla_deadline,district,districts,doc_type,document_id,email,end_date,entitlement_employment,entitlement_house,family_id,filed_date,filename,gender,geometry_geojson,grievance_id,is_delayed,label,land_use,lat,linked_id,lon,masked_phone,members_count,name,note,overlapping_project_id,owner_id,parcel_id,password,primary_project_id,project_id,project_name,role,rr_status,sha256_hash,sla_days,stage,start_date,state,status,subsistence_allowance_inr,survey_number,tehsil,total_parcels,type,ulpin,uploaded_by_role,uploaded_date,version,village_id,village_name,vulnerable_sc_st,vulnerable_women_headed
village,VLG-001,,,,,,,,,,Narmadapuram,,,,,,,,,,,,,,,,,22.547133,,77.827015,,,Govindpur Kalan,,,,,,,,,,,,,,,Madhya Pradesh,,,,Itarsi,,,,,,,VLG-001,,,
village,VLG-002,,,,,,,,,,Narmadapuram,,,,,,,,,,,,,,,,,22.709944,,77.809345,,,Narmadapur Kalan,,,,,,,,,,,,,,,Madhya Pradesh,,,,Itarsi,,,,,,,VLG-002,,,
village,VLG-003,,,,,,,,,,Narmadapuram,,,,,,,,,,,,,,,,,22.509103,,77.633624,,,Lakshmipur,,,,,,,,,,,,,,,Madhya Pradesh,,,,Itarsi,,,,,,,VLG-003,,,
village,VLG-004,,,,,,,,,,Narmadapuram,,,,,,,,,,,,,,,,,22.665635,,77.777887,,,Devipura Kalan,,,,,,,,,,,,,,,Madhya Pradesh,,,,Itarsi,,,,,,,VLG-004,,,
village,VLG-005,,,,,,,,,,Narmadapuram,,,,,,,,,,,,,,,,,22.633753,,77.685028,,,Ratangarh,,,,,,,,,,,,,,,Madhya Pradesh,,,,Itarsi,,,,,,,VLG-005,,,
village,VLG-006,,,,,,,,,,Narmadapuram,,,,,,,,,,,,,,,,,22.571119,,77.815187,,,Ramgarh Khurd,,,,,,,,,,,,,,,Madhya Pradesh,,,,Itarsi,,,,,,,VLG-006,,,
village,VLG-007,,,,,,,,,,Narmadapuram,,,,,,,,,,,,,,,,,22.570199,,77.885777,,,Narmadapur Khurd,,,,,,,,,,,,,,,Madhya Pradesh,,,,Itarsi,,,,,,,VLG-007,,,
village,VLG-008,,,,,,,,,,Narmadapuram,,,,,,,,,,,,,,,,,22.63739,,77.855882,,,Govindpur Buzurg,,,,,,,,,,,,,,,Madhya Pradesh,,,,Itarsi,,,,,,,VLG-008,,,
village,VLG-009,,,,,,,,,,Narmadapuram,,,,,,,,,,,,,,,,,22.730301,,77.771071,,,Shivpura,,,,,,,,,,,,,,,Madhya Pradesh,,,,Itarsi,,,,,,,VLG-009,,,
village,VLG-010,,,,,,,,,,Narmadapuram,,,,,,,,,,,,,,,,,22.694154,,77.77538,,,Harijpur Kalan,,,,,,,,,,,,,,,Madhya Pradesh,,,,Itarsi,,,,,,,VLG-010,,,
village,VLG-011,,,,,,,,,,Narmadapuram,,,,,,,,,,,,,,,,,22.755655,,77.99029,,,Sitapur Buzurg,,,,,,,,,,,,,,,Madhya Pradesh,,,,Sohagpur,,,,,,,VLG-011,,,
village,VLG-012,,,,,,,,,,Narmadapuram,,,,,,,,,,,,,,,,,22.826246,,78.043654,,,Shivpura Khurd,,,,,,,,,,,,,,,Madhya Pradesh,,,,Sohagpur,,,,,,,VLG-012,,,
village,VLG-013,,,,,,,,,,Narmadapuram,,,,,,,,,,,,,,,,,22.788238,,77.956497,,,Harijpur Buzurg,,,,,,,,,,,,,,,Madhya Pradesh,,,,Sohagpur,,,,,,,VLG-013,,,
village,VLG-014,,,,,,,,,,Narmadapuram,,,,,,,,,,,,,,,,,22.747004,,77.929739,,,Balaji Nagar Buzurg,,,,,,,,,,,,,,,Madhya Pradesh,,,,Sohagpur,,,,,,,VLG-014,,,
village,VLG-015,,,,,,,,,,Narmadapuram,,,,,,,,,,,,,,,,,22.640013,,77.978508,,,Lakshmipur Khurd,,,,,,,,,,,,,,,Madhya Pradesh,,,,Sohagpur,,,,,,,VLG-015,,,
village,VLG-016,,,,,,,,,,Narmadapuram,,,,,,,,,,,,,,,,,22.811197,,77.906475,,,Sonpur,,,,,,,,,,,,,,,Madhya Pradesh,,,,Sohagpur,,,,,,,VLG-016,,,
village,VLG-017,,,,,,,,,,Narmadapuram,,,,,,,,,,,,,,,,,22.790437,,78.019536,,,Ratangarh Khurd,,,,,,,,,,,,,,,Madhya Pradesh,,,,Sohagpur,,,,,,,VLG-017,,,
village,VLG-018,,,,,,,,,,Narmadapuram,,,,,,,,,,,,,,,,,22.595085,,77.942252,,,Shivpura Buzurg,,,,,,,,,,,,,,,Madhya Pradesh,,,,Sohagpur,,,,,,,VLG-018,,,
village,VLG-019,,,,,,,,,,Narmadapuram,,,,,,,,,,,,,,,,,22.704007,,77.890846,,,Mohanpur Buzurg,,,,,,,,,,,,,,,Madhya Pradesh,,,,Sohagpur,,,,,,,VLG-019,,,
village,VLG-020,,,,,,,,,,Narmadapuram,,,,,,,,,,,,,,,,,22.64047,,77.905093,,,Sonpur Khurd,,,,,,,,,,,,,,,Madhya Pradesh,,,,Sohagpur,,,,,,,VLG-020,,,
village,VLG-021,,,,,,,,,,Raisen,,,,,,,,,,,,,,,,,23.515299,,78.384467,,,Ratangarh Buzurg,,,,,,,,,,,,,,,Madhya Pradesh,,,,Begumganj,,,,,,,VLG-021,,,
village,VLG-022,,,,,,,,,,Raisen,,,,,,,,,,,,,,,,,23.658391,,78.278839,,,Mohanpur,,,,,,,,,,,,,,,Madhya Pradesh,,,,Begumganj,,,,,,,VLG-022,,,
village,VLG-023,,,,,,,,,,Raisen,,,,,,,,,,,,,,,,,23.419387,,78.204468,,,Narmadapur,,,,,,,,,,,,,,,Madhya Pradesh,,,,Begumganj,,,,,,,VLG-023,,,
village,VLG-024,,,,,,,,,,Raisen,,,,,,,,,,,,,,,,,23.606766,,78.351664,,,Govindpur Khurd,,,,,,,,,,,,,,,Madhya Pradesh,,,,Begumganj,,,,,,,VLG-024,,,
village,VLG-025,,,,,,,,,,Raisen,,,,,,,,,,,,,,,,,23.557419,,78.285087,,,Manikpur Kalan,,,,,,,,,,,,,,,Madhya Pradesh,,,,Begumganj,,,,,,,VLG-025,,,
village,VLG-026,,,,,,,,,,Raisen,,,,,,,,,,,,,,,,,23.624046,,78.445938,,,Sonpur Buzurg,,,,,,,,,,,,,,,Madhya Pradesh,,,,Begumganj,,,,,,,VLG-026,,,
village,VLG-027,,,,,,,,,,Raisen,,,,,,,,,,,,,,,,,23.542599,,78.366551,,,Ramgarh Kalan,,,,,,,,,,,,,,,Madhya Pradesh,,,,Begumganj,,,,,,,VLG-027,,,
village,VLG-028,,,,,,,,,,Raisen,,,,,,,,,,,,,,,,,23.516892,,78.210131,,,Suryanagar Buzurg,,,,,,,,,,,,,,,Madhya Pradesh,,,,Begumganj,,,,,,,VLG-028,,,
village,VLG-029,,,,,,,,,,Raisen,,,,,,,,,,,,,,,,,23.627837,,78.441202,,,Sonpur Kalan,,,,,,,,,,,,,,,Madhya Pradesh,,,,Begumganj,,,,,,,VLG-029,,,
village,VLG-030,,,,,,,,,,Raisen,,,,,,,,,,,,,,,,,23.434302,,78.318807,,,Suryanagar Khurd,,,,,,,,,,,,,,,Madhya Pradesh,,,,Begumganj,,,,,,,VLG-030,,,
village,VLG-031,,,,,,,,,,Raisen,,,,,,,,,,,,,,,,,23.382729,,78.521614,,,Jaypur Khurd,,,,,,,,,,,,,,,Madhya Pradesh,,,,Silwani,,,,,,,VLG-031,,,
village,VLG-032,,,,,,,,,,Raisen,,,,,,,,,,,,,,,,,23.313834,,78.643801,,,Ratangarh Kalan,,,,,,,,,,,,,,,Madhya Pradesh,,,,Silwani,,,,,,,VLG-032,,,
village,VLG-033,,,,,,,,,,Raisen,,,,,,,,,,,,,,,,,23.313176,,78.503212,,,Mohanpur Kalan,,,,,,,,,,,,,,,Madhya Pradesh,,,,Silwani,,,,,,,VLG-033,,,
village,VLG-034,,,,,,,,,,Raisen,,,,,,,,,,,,,,,,,23.424583,,78.743887,,,Suryanagar,,,,,,,,,,,,,,,Madhya Pradesh,,,,Silwani,,,,,,,VLG-034,,,
village,VLG-035,,,,,,,,,,Raisen,,,,,,,,,,,,,,,,,23.359884,,78.589034,,,Krishnapur Buzurg,,,,,,,,,,,,,,,Madhya Pradesh,,,,Silwani,,,,,,,VLG-035,,,
village,VLG-036,,,,,,,,,,Raisen,,,,,,,,,,,,,,,,,23.304497,,78.726153,,,Vijaynagar,,,,,,,,,,,,,,,Madhya Pradesh,,,,Silwani,,,,,,,VLG-036,,,
village,VLG-037,,,,,,,,,,Raisen,,,,,,,,,,,,,,,,,23.196227,,78.497288,,,Devipura Khurd,,,,,,,,,,,,,,,Madhya Pradesh,,,,Silwani,,,,,,,VLG-037,,,
village,VLG-038,,,,,,,,,,Raisen,,,,,,,,,,,,,,,,,23.368978,,78.481722,,,Mohanpur Khurd,,,,,,,,,,,,,,,Madhya Pradesh,,,,Silwani,,,,,,,VLG-038,,,
village,VLG-039,,,,,,,,,,Raisen,,,,,,,,,,,,,,,,,23.208759,,78.715203,,,Lakshmipur Kalan,,,,,,,,,,,,,,,Madhya Pradesh,,,,Silwani,,,,,,,VLG-039,,,
village,VLG-040,,,,,,,,,,Raisen,,,,,,,,,,,,,,,,,23.244823,,78.662982,,,Devipura Buzurg,,,,,,,,,,,,,,,Madhya Pradesh,,,,Silwani,,,,,,,VLG-040,,,
owner,OWN-0001,,,,,,,,,,,,,,,,,,,,,M,,,,,,,,,93XXXXX656,,Om Prakash Rathore,,,OWN-0001,,,,,,,,,,,,,,,,,,,,,,,VLG-027,,,
owner,OWN-0002,,,,,,,,,,,,,,,,,,,,,M,,,,,,,,,60XXXXX387,,Bhagwan Sharma,,,OWN-0002,,,,,,,,,,,,,,,,,,,,,,,VLG-009,,,
owner,OWN-0003,,,,,,,,,,,,,,,,,,,,,M,,,,,,,,,93XXXXX801,,Ashok Korku,,,OWN-0003,,,,,,,,,,,,,,,,,,,,,,,VLG-016,,,
owner,OWN-0004,,,,,,,,,,,,,,,,,,,,,M,,,,,,,,,93XXXXX647,,Naresh Saket,,,OWN-0004,,,,,,,,,,,,,,,,,,,,,,,VLG-019,,,
owner,OWN-0005,,,,,,,,,,,,,,,,,,,,,M,,,,,,,,,92XXXXX805,,Kailash Kushwaha,,,OWN-0005,,,,,,,,,,,,,,,,,,,,,,,VLG-004,,,
owner,OWN-0006,,,,,,,,,,,,,,,,,,,,,M,,,,,,,,,70XXXXX136,,Shyam Saket,,,OWN-0006,,,,,,,,,,,,,,,,,,,,,,,VLG-008,,,
owner,OWN-0007,,,,,,,,,,,,,,,,,,,,,F,,,,,,,,,69XXXXX543,,Rekha Rathore,,,OWN-0007,,,,,,,,,,,,,,,,,,,,,,,VLG-021,,,
owner,OWN-0008,,,,,,,,,,,,,,,,,,,,,M,,,,,,,,,74XXXXX991,,Anil Dubey,,,OWN-0008,,,,,,,,,,,,,,,,,,,,,,,VLG-005,,,
owner,OWN-0009,,,,,,,,,,,,,,,,,,,,,F,,,,,,,,,82XXXXX278,,Savita Lodhi,,,OWN-0009,,,,,,,,,,,,,,,,,,,,,,,VLG-020,,,
owner,OWN-0010,,,,,,,,,,,,,,,,,,,,,F,,,,,,,,,68XXXXX182,,Shakuntala Lodhi,,,OWN-0010,,,,,,,,,,,,,,,,,,,,,,,VLG-018,,,
owner,OWN-0011,,,,,,,,,,,,,,,,,,,,,M,,,,,,,,,83XXXXX164,,Deepak Rajput,,,OWN-0011,,,,,,,,,,,,,,,,,,,,,,,VLG-003,,,
owner,OWN-0012,,,,,,,,,,,,,,,,,,,,,M,,,,,,,,,82XXXXX112,,Prakash Chouhan,,,OWN-0012,,,,,,,,,,,,,,,,,,,,,,,VLG-035,,,
owner,OWN-0013,,,,,,,,,,,,,,,,,,,,,M,,,,,,,,,76XXXXX533,,Pramod Tiwari,,,OWN-0013,,,,,,,,,,,,,,,,,,,,,,,VLG-007,,,
owner,OWN-0014,,,,,,,,,,,,,,,,,,,,,M,,,,,,,,,99XXXXX025,,Hariom Kushwaha,,,OWN-0014,,,,,,,,,,,,,,,,,,,,,,,VLG-027,,,
owner,OWN-0015,,,,,,,,,,,,,,,,,,,,,F,,,,,,,,,82XXXXX375,,Shobha Gond,,,OWN-0015,,,,,,,,,,,,,,,,,,,,,,,VLG-020,,,
owner,OWN-0016,,,,,,,,,,,,,,,,,,,,,M,,,,,,,,,76XXXXX868,,Sanjay Patel,,,OWN-0016,,,,,,,,,,,,,,,,,,,,,,,VLG-022,,,
owner,OWN-0017,,,,,,,,,,,,,,,,,,,,,M,,,,,,,,,79XXXXX556,,Rajesh Korku,,,OWN-0017,,,,,,,,,,,,,,,,,,,,,,,VLG-039,,,
owner,OWN-0018,,,,,,,,,,,,,,,,,,,,,F,,,,,,,,,74XXXXX356,,Sita Dubey,,,OWN-0018,,,,,,,,,,,,,,,,,,,,,,,VLG-005,,,
owner,OWN-0019,,,,,,,,,,,,,,,,,,,,,F,,,,,,,,,81XXXXX648,,Indira Mehra,,,OWN-0019,,,,,,,,,,,,,,,,,,,,,,,VLG-009,,,
owner,OWN-0020,,,,,,,,,,,,,,,,,,,,,M,,,,,,,,,79XXXXX443,,Naresh Dubey,,,OWN-0020,,,,,,,,,,,,,,,,,,,,,,,VLG-028,,,
owner,OWN-0021,,,,,,,,,,,,,,,,,,,,,F,,,,,,,,,97XXXXX148,,Manju Mehra,,,OWN-0021,,,,,,,,,,,,,,,,,,,,,,,VLG-040,,,
owner,OWN-0022,,,,,,,,,,,,,,,,,,,,,M,,,,,,,,,83XXXXX791,,Mahesh Gond,,,OWN-0022,,,,,,,,,,,,,,,,,,,,,,,VLG-030,,,
owner,OWN-0023,,,,,,,,,,,,,,,,,,,,,M,,,,,,,,,76XXXXX163,,Jitendra Rathore,,,OWN-0023,,,,,,,,,,,,,,,,,,,,,,,VLG-012,,,
owner,OWN-0024,,,,,,,,,,,,,,,,,,,,,F,,,,,,,,,68XXXXX889,,Pooja Pandey,,,OWN-0024,,,,,,,,,,,,,,,,,,,,,,,VLG-021,,,
owner,OWN-0025,,,,,,,,,,,,,,,,,,,,,M,,,,,,,,,98XXXXX348,,Deepak Lodhi,,,OWN-0025,,,,,,,,,,,,,,,,,,,,,,,VLG-032,,,
owner,OWN-0026,,,,,,,,,,,,,,,,,,,,,F,,,,,,,,,91XXXXX812,,Rekha Korku,,,OWN-0026,,,,,,,,,,,,,,,,,,,,,,,VLG-010,,,
owner,OWN-0027,,,,,,,,,,,,,,,,,,,,,M,,,,,,,,,71XXXXX603,,Mukesh Chouhan,,,OWN-0027,,,,,,,,,,,,,,,,,,,,,,,VLG-027,,,
owner,OWN-0028,,,,,,,,,,,,,,,,,,,,,M,,,,,,,,,69XXXXX668,,Jitendra Rathore,,,OWN-0028,,,,,,,,,,,,,,,,,,,,,,,VLG-035,,,
owner,OWN-0029,,,,,,,,,,,,,,,,,,,,,F,,,,,,,,,93XXXXX562,,Mamta Gond,,,OWN-0029,,,,,,,,,,,,,,,,,,,,,,,VLG-030,,,
owner,OWN-0030,,,,,,,,,,,,,,,,,,,,,M,,,,,,,,,66XXXXX272,,Deepak Kushwaha,,,OWN-0030,,,,,,,,,,,,,,,,,,,,,,,VLG-004,,,
owner,OWN-0031,,,,,,,,,,,,,,,,,,,,,M,,,,,,,,,77XXXXX417,,Mukesh Mehra,,,OWN-0031,,,,,,,,,,,,,,,,,,,,,,,VLG-002,,,
owner,OWN-0032,,,,,,,,,,,,,,,,,,,,,F,,,,,,,,,83XXXXX092,,Rani Sharma,,,OWN-0032,,,,,,,,,,,,,,,,,,,,,,,VLG-016,,,
owner,OWN-0033,,,,,,,,,,,,,,,,,,,,,M,,,,,,,,,77XXXXX124,,Harish Yadav,,,OWN-0033,,,,,,,,,,,,,,,,,,,,,,,VLG-007,,,
owner,OWN-0034,,,,,,,,,,,,,,,,,,,,,F,,,,,,,,,96XXXXX491,,Sunita Ahirwar,,,OWN-0034,,,,,,,,,,,,,,,,,,,,,,,VLG-037,,,
owner,OWN-0035,,,,,,,,,,,,,,,,,,,,,M,,,,,,,,,95XXXXX716,,Ravindra Kushwaha,,,OWN-0035,,,,,,,,,,,,,,,,,,,,,,,VLG-024,,,
owner,OWN-0036,,,,,,,,,,,,,,,,,,,,,F,,,,,,,,,76XXXXX776,,Mamta Pandey,,,OWN-0036,,,,,,,,,,,,,,,,,,,,,,,VLG-038,,,
owner,OWN-0037,,,,,,,,,,,,,,,,,,,,,M,,,,,,,,,64XXXXX650,,Prakash Gond,,,OWN-0037,,,,,,,,,,,,,,,,,,,,,,,VLG-032,,,
owner,OWN-0038,,,,,,,,,,,,,,,,,,,,,M,,,,,,,,,75XXXXX808,,Ashok Saket,,,OWN-0038,,,,,,,,,,,,,,,,,,,,,,,VLG-013,,,
owner,OWN-0039,,,,,,,,,,,,,,,,,,,,,M,,,,,,,,,98XXXXX143,,Sanjay Mishra,,,OWN-0039,,,,,,,,,,,,,,,,,,,,,,,VLG-026,,,
owner,OWN-0040,,,,,,,,,,,,,,,,,,,,,F,,,,,,,,,87XXXXX557,,Rekha Ahirwar,,,OWN-0040,,,,,,,,,,,,,,,,,,,,,,,VLG-018,,,
owner,OWN-0041,,,,,,,,,,,,,,,,,,,,,M,,,,,,,,,63XXXXX374,,Anil Gond,,,OWN-0041,,,,,,,,,,,,,,,,,,,,,,,VLG-038,,,
owner,OWN-0042,,,,,,,,,,,,,,,,,,,,,F,,,,,,,,,63XXXXX082,,Manju Ahirwar,,,OWN-0042,,,,,,,,,,,,,,,,,,,,,,,VLG-018,,,
owner,OWN-0043,,,,,,,,,,,,,,,,,,,,,M,,,,,,,,,82XXXXX777,,Suresh Kushwaha,,,OWN-0043,,,,,,,,,,,,,,,,,,,,,,,VLG-022,,,
owner,OWN-0044,,,,,,,,,,,,,,,,,,,,,M,,,,,,,,,91XXXXX022,,Suresh Korku,,,OWN-0044,,,,,,,,,,,,,,,,,,,,,,,VLG-037,,,
owner,OWN-0045,,,,,,,,,,,,,,,,,,,,,M,,,,,,,,,68XXXXX867,,Mahesh Gond,,,OWN-0045,,,,,,,,,,,,,,,,,,,,,,,VLG-029,,,
owner,OWN-0046,,,,,,,,,,,,,,,,,,,,,M,,,,,,,,,94XXXXX334,,Bhagwan Rathore,,,OWN-0046,,,,,,,,,,,,,,,,,,,,,,,VLG-006,,,
owner,OWN-0047,,,,,,,,,,,,,,,,,,,,,M,,,,,,,,,62XXXXX403,,Sanjay Thakur,,,OWN-0047,,,,,,,,,,,,,,,,,,,,,,,VLG-019,,,
owner,OWN-0048,,,,,,,,,,,,,,,,,,,,,F,,,,,,,,,63XXXXX832,,Pushpa Pandey,,,OWN-0048,,,,,,,,,,,,,,,,,,,,,,,VLG-018,,,
owner,OWN-0049,,,,,,,,,,,,,,,,,,,,,M,,,,,,,,,74XXXXX746,,Mahesh Sharma,,,OWN-0049,,,,,,,,,,,,,,,,,,,,,,,VLG-018,,,
owner,OWN-0050,,,,,,,,,,,,,,,,,,,,,F,,,,,,,,,91XXXXX401,,Rani Saket,,,OWN-0050,,,,,,,,,,,,,,,,,,,,,,,VLG-015,,,
owner,OWN-0051,,,,,,,,,,,,,,,,,,,,,F,,,,,,,,,64XXXXX742,,Kamla Bai Rathore,,,OWN-0051,,,,,,,,,,,,,,,,,,,,,,,VLG-038,,,
owner,OWN-0052,,,,,,,,,,,,,,,,,,,,,M,,,,,,,,,67XXXXX256,,Rakesh Saket,,,OWN-0052,,,,,,,,,,,,,,,,,,,,,,,VLG-032,,,
owner,OWN-0053,,,,,,,,,,,,,,,,,,,,,M,,,,,,,,,67XXXXX680,,Vinod Dubey,,,OWN-0053,,,,,,,,,,,,,,,,,,,,,,,VLG-035,,,
owner,OWN-0054,,,,,,,,,,,,,,,,,,,,,M,,,,,,,,,78XXXXX348,,Naresh Sharma,,,OWN-0054,,,,,,,,,,,,,,,,,,,,,,,VLG-009,,,
owner,OWN-0055,,,,,,,,,,,,,,,,,,,,,M,,,,,,,,,60XXXXX086,,Jagdish Saket,,,OWN-0055,,,,,,,,,,,,,,,,,,,,,,,VLG-006,,,
owner,OWN-0056,,,,,,,,,,,,,,,,,,,,,M,,,,,,,,,91XXXXX677,,Pramod Yadav,,,OWN-0056,,,,,,,,,,,,,,,,,,,,,,,VLG-016,,,
owner,OWN-0057,,,,,,,,,,,,,,,,,,,,,M,,,,,,,,,93XXXXX658,,Mohan Chouhan,,,OWN-0057,,,,,,,,,,,,,,,,,,,,,,,VLG-018,,,
owner,OWN-0058,,,,,,,,,,,,,,,,,,,,,M,,,,,,,,,92XXXXX886,,Sunil Ahirwar,,,OWN-0058,,,,,,,,,,,,,,,,,,,,,,,VLG-030,,,
owner,OWN-0059,,,,,,,,,,,,,,,,,,,,,M,,,,,,,,,79XXXXX766,,Bhagwan Rajput,,,OWN-0059,,,,,,,,,,,,,,,,,,,,,,,VLG-010,,,
owner,OWN-0060,,,,,,,,,,,,,,,,,,,,,M,,,,,,,,,81XXXXX262,,Suresh Chouhan,,,OWN-0060,,,,,,,,,,,,,,,,,,,,,,,VLG-005,,,
owner,OWN-0061,,,,,,,,,,,,,,,,,,,,,M,,,,,,,,,89XXXXX578,,Santosh Korku,,,OWN-0061,,,,,,,,,,,,,,,,,,,,,,,VLG-003,,,
owner,OWN-0062,,,,,,,,,,,,,,,,,,,,,F,,,,,,,,,83XXXXX240,,Geeta Gond,,,OWN-0062,,,,,,,,,,,,,,,,,,,,,,,VLG-003,,,
owner,OWN-0063,,,,,,,,,,,,,,,,,,,,,M,,,,,,,,,85XXXXX692,,Santosh Sharma,,,OWN-0063,,,,,,,,,,,,,,,,,,,,,,,VLG-011,,,
owner,OWN-0064,,,,,,,,,,,,,,,,,,,,,M,,,,,,,,,99XXXXX747,,Mahesh Bhatt,,,OWN-0064,,,,,,,,,,,,,,,,,,,,,,,VLG-017,,,
owner,OWN-0065,,,,,,,,,,,,,,,,,,,,,F,,,,,,,,,88XXXXX464,,Sunita Pandey,,,OWN-0065,,,,,,,,,,,,,,,,,,,,,,,VLG-030,,,
owner,OWN-0066,,,,,,,,,,,,,,,,,,,,,M,,,,,,,,,91XXXXX440,,Vijay Dubey,,,OWN-0066,,,,,,,,,,,,,,,,,,,,,,,VLG-026,,,
owner,OWN-0067,,,,,,,,,,,,,,,,,,,,,M,,,,,,,,,69XXXXX339,,Ramesh Rathore,,,OWN-0067,,,,,,,,,,,,,,,,,,,,,,,VLG-017,,,
owner,OWN-0068,,,,,,,,,,,,,,,,,,,,,F,,,,,,,,,60XXXXX214,,Asha Chouhan,,,OWN-0068,,,,,,,,,,,,,,,,,,,,,,,VLG-021,,,
owner,OWN-0069,,,,,,,,,,,,,,,,,,,,,F,,,,,,,,,72XXXXX247,,Vimla Thakur,,,OWN-0069,,,,,,,,,,,,,,,,,,,,,,,VLG-019,,,
owner,OWN-0070,,,,,,,,,,,,,,,,,,,,,F,,,,,,,,,67XXXXX516,,Shobha Mehra,,,OWN-0070,,,,,,,,,,,,,,,,,,,,,,,VLG-001,,,
owner,OWN-0071,,,,,,,,,,,,,,,,,,,,,M,,,,,,,,,95XXXXX370,,Mohan Yadav,,,OWN-0071,,,,,,,,,,,,,,,,,,,,,,,VLG-040,,,
owner,OWN-0072,,,,,,,,,,,,,,,,,,,,,F,,,,,,,,,71XXXXX004,,Kiran Bhatt,,,OWN-0072,,,,,,,,,,,,,,,,,,,,,,,VLG-032,,,
owner,OWN-0073,,,,,,,,,,,,,,,,,,,,,M,,,,,,,,,76XXXXX261,,Rajesh Gond,,,OWN-0073,,,,,,,,,,,,,,,,,,,,,,,VLG-032,,,
owner,OWN-0074,,,,,,,,,,,,,,,,,,,,,F,,,,,,,,,65XXXXX158,,Vimla Korku,,,OWN-0074,,,,,,,,,,,,,,,,,,,,,,,VLG-023,,,
owner,OWN-0075,,,,,,,,,,,,,,,,,,,,,M,,,,,,,,,71XXXXX053,,Mukesh Korku,,,OWN-0075,,,,,,,,,,,,,,,,,,,,,,,VLG-009,,,
owner,OWN-0076,,,,,,,,,,,,,,,,,,,,,F,,,,,,,,,79XXXXX042,,Savita Verma,,,OWN-0076,,,,,,,,,,,,,,,,,,,,,,,VLG-009,,,
owner,OWN-0077,,,,,,,,,,,,,,,,,,,,,F,,,,,,,,,60XXXXX502,,Meena Thakur,,,OWN-0077,,,,,,,,,,,,,,,,,,,,,,,VLG-017,,,
owner,OWN-0078,,,,,,,,,,,,,,,,,,,,,M,,,,,,,,,61XXXXX178,,Dinesh Mishra,,,OWN-0078,,,,,,,,,,,,,,,,,,,,,,,VLG-015,,,
owner,OWN-0079,,,,,,,,,,,,,,,,,,,,,F,,,,,,,,,87XXXXX177,,Kamla Lodhi,,,OWN-0079,,,,,,,,,,,,,,,,,,,,,,,VLG-005,,,
owner,OWN-0080,,,,,,,,,,,,,,,,,,,,,M,,,,,,,,,71XXXXX569,,Prakash Bhatt,,,OWN-0080,,,,,,,,,,,,,,,,,,,,,,,VLG-034,,,
owner,OWN-0081,,,,,,,,,,,,,,,,,,,,,M,,,,,,,,,91XXXXX365,,Jagdish Lodhi,,,OWN-0081,,,,,,,,,,,,,,,,,,,,,,,VLG-030,,,
owner,OWN-0082,,,,,,,,,,,,,,,,,,,,,M,,,,,,,,,86XXXXX111,,Naresh Yadav,,,OWN-0082,,,,,,,,,,,,,,,,,,,,,,,VLG-006,,,
owner,OWN-0083,,,,,,,,,,,,,,,,,,,,,M,,,,,,,,,78XXXXX165,,Rajesh Tiwari,,,OWN-0083,,,,,,,,,,,,,,,,,,,,,,,VLG-028,,,
owner,OWN-0084,,,,,,,,,,,,,,,,,,,,,F,,,,,,,,,85XXXXX731,,Kamla Ahirwar,,,OWN-0084,,,,,,,,,,,,,,,,,,,,,,,VLG-023,,,
owner,OWN-0085,,,,,,,,,,,,,,,,,,,,,F,,,,,,,,,89XXXXX809,,Usha Yadav,,,OWN-0085,,,,,,,,,,,,,,,,,,,,,,,VLG-018,,,
owner,OWN-0086,,,,,,,,,,,,,,,,,,,,,M,,,,,,,,,85XXXXX612,,Ashok Korku,,,OWN-0086,,,,,,,,,,,,,,,,,,,,,,,VLG-002,,,
owner,OWN-0087,,,,,,,,,,,,,,,,,,,,,M,,,,,,,,,76XXXXX459,,Om Prakash Lodhi,,,OWN-0087,,,,,,,,,,,,,,,,,,,,,,,VLG-039,,,
owner,OWN-0088,,,,,,,,,,,,,,,,,,,,,M,,,,,,,,,72XXXXX679,,Jitendra Sharma,,,OWN-0088,,,,,,,,,,,,,,,,,,,,,,,VLG-029,,,
owner,OWN-0089,,,,,,,,,,,,,,,,,,,,,M,,,,,,,,,65XXXXX840,,Anil Rajput,,,OWN-0089,,,,,,,,,,,,,,,,,,,,,,,VLG-015,,,
owner,OWN-0090,,,,,,,,,,,,,,,,,,,,,M,,,,,,,,,63XXXXX510,,Deepak Sharma,,,OWN-0090,,,,,,,,,,,,,,,,,,,,,,,VLG-032,,,
owner,OWN-0091,,,,,,,,,,,,,,,,,,,,,F,,,,,,,,,76XXXXX160,,Vimla Thakur,,,OWN-0091,,,,,,,,,,,,,,,,,,,,,,,VLG-028,,,
owner,OWN-0092,,,,,,,,,,,,,,,,,,,,,M,,,,,,,,,89XXXXX160,,Jagdish Verma,,,OWN-0092,,,,,,,,,,,,,,,,,,,,,,,VLG-021,,,
owner,OWN-0093,,,,,,,,,,,,,,,,,,,,,M,,,,,,,,,95XXXXX968,,Santosh Bhatt,,,OWN-0093,,,,,,,,,,,,,,,,,,,,,,,VLG-006,,,
owner,OWN-0094,,,,,,,,,,,,,,,,,,,,,M,,,,,,,,,83XXXXX883,,Bhagwan Ahirwar,,,OWN-0094,,,,,,,,,,,,,,,,,,,,,,,VLG-023,,,
owner,OWN-0095,,,,,,,,,,,,,,,,,,,,,M,,,,,,,,,71XXXXX212,,Om Prakash Chouhan,,,OWN-0095,,,,,,,,,,,,,,,,,,,,,,,VLG-032,,,
owner,OWN-0096,,,,,,,,,,,,,,,,,,,,,M,,,,,,,,,99XXXXX177,,Hariom Rathore,,,OWN-0096,,,,,,,,,,,,,,,,,,,,,,,VLG-020,,,
owner,OWN-0097,,,,,,,,,,,,,,,,,,,,,M,,,,,,,,,88XXXXX054,,Shyam Sharma,,,OWN-0097,,,,,,,,,,,,,,,,,,,,,,,VLG-005,,,
owner,OWN-0098,,,,,,,,,,,,,,,,,,,,,F,,,,,,,,,97XXXXX359,,Shobha Verma,,,OWN-0098,,,,,,,,,,,,,,,,,,,,,,,VLG-031,,,
owner,OWN-0099,,,,,,,,,,,,,,,,,,,,,F,,,,,,,,,91XXXXX377,,Radha Sharma,,,OWN-0099,,,,,,,,,,,,,,,,,,,,,,,VLG-034,,,
owner,OWN-0100,,,,,,,,,,,,,,,,,,,,,F,,,,,,,,,85XXXXX051,,Manju Thakur,,,OWN-0100,,,,,,,,,,,,,,,,,,,,,,,VLG-022,,,
owner,OWN-0101,,,,,,,,,,,,,,,,,,,,,M,,,,,,,,,84XXXXX254,,Mohan Dubey,,,OWN-0101,,,,,,,,,,,,,,,,,,,,,,,VLG-026,,,
owner,OWN-0102,,,,,,,,,,,,,,,,,,,,,M,,,,,,,,,88XXXXX685,,Deepak Verma,,,OWN-0102,,,,,,,,,,,,,,,,,,,,,,,VLG-002,,,
owner,OWN-0103,,,,,,,,,,,,,,,,,,,,,M,,,,,,,,,75XXXXX141,,Sunil Thakur,,,OWN-0103,,,,,,,,,,,,,,,,,,,,,,,VLG-033,,,
owner,OWN-0104,,,,,,,,,,,,,,,,,,,,,F,,,,,,,,,65XXXXX229,,Kamla Bai Lodhi,,,OWN-0104,,,,,,,,,,,,,,,,,,,,,,,VLG-011,,,
owner,OWN-0105,,,,,,,,,,,,,,,,,,,,,F,,,,,,,,,95XXXXX383,,Anita Sharma,,,OWN-0105,,,,,,,,,,,,,,,,,,,,,,,VLG-020,,,
owner,OWN-0106,,,,,,,,,,,,,,,,,,,,,M,,,,,,,,,89XXXXX862,,Jitendra Rajput,,,OWN-0106,,,,,,,,,,,,,,,,,,,,,,,VLG-013,,,
owner,OWN-0107,,,,,,,,,,,,,,,,,,,,,F,,,,,,,,,67XXXXX412,,Radha Korku,,,OWN-0107,,,,,,,,,,,,,,,,,,,,,,,VLG-018,,,
owner,OWN-0108,,,,,,,,,,,,,,,,,,,,,M,,,,,,,,,76XXXXX606,,Jitendra Lodhi,,,OWN-0108,,,,,,,,,,,,,,,,,,,,,,,VLG-033,,,
owner,OWN-0109,,,,,,,,,,,,,,,,,,,,,M,,,,,,,,,65XXXXX220,,Sanjay Dubey,,,OWN-0109,,,,,,,,,,,,,,,,,,,,,,,VLG-019,,,
owner,OWN-0110,,,,,,,,,,,,,,,,,,,,,M,,,,,,,,,97XXXXX328,,Kailash Chouhan,,,OWN-0110,,,,,,,,,,,,,,,,,,,,,,,VLG-039,,,
owner,OWN-0111,,,,,,,,,,,,,,,,,,,,,F,,,,,,,,,83XXXXX971,,Vimla Yadav,,,OWN-0111,,,,,,,,,,,,,,,,,,,,,,,VLG-008,,,
owner,OWN-0112,,,,,,,,,,,,,,,,,,,,,M,,,,,,,,,68XXXXX095,,Deepak Kushwaha,,,OWN-0112,,,,,,,,,,,,,,,,,,,,,,,VLG-016,,,
owner,OWN-0113,,,,,,,,,,,,,,,,,,,,,F,,,,,,,,,68XXXXX880,,Vimla Thakur,,,OWN-0113,,,,,,,,,,,,,,,,,,,,,,,VLG-025,,,
owner,OWN-0114,,,,,,,,,,,,,,,,,,,,,M,,,,,,,,,84XXXXX195,,Suresh Dubey,,,OWN-0114,,,,,,,,,,,,,,,,,,,,,,,VLG-009,,,
owner,OWN-0115,,,,,,,,,,,,,,,,,,,,,M,,,,,,,,,82XXXXX704,,Ravindra Kushwaha,,,OWN-0115,,,,,,,,,,,,,,,,,,,,,,,VLG-013,,,
owner,OWN-0116,,,,,,,,,,,,,,,,,,,,,M,,,,,,,,,65XXXXX403,,Santosh Rajput,,,OWN-0116,,,,,,,,,,,,,,,,,,,,,,,VLG-019,,,
owner,OWN-0117,,,,,,,,,,,,,,,,,,,,,M,,,,,,,,,84XXXXX652,,Bhagwan Sharma,,,OWN-0117,,,,,,,,,,,,,,,,,,,,,,,VLG-032,,,
owner,OWN-0118,,,,,,,,,,,,,,,,,,,,,F,,,,,,,,,81XXXXX845,,Nirmala Tiwari,,,OWN-0118,,,,,,,,,,,,,,,,,,,,,,,VLG-007,,,
owner,OWN-0119,,,,,,,,,,,,,,,,,,,,,M,,,,,,,,,87XXXXX705,,Prakash Ahirwar,,,OWN-0119,,,,,,,,,,,,,,,,,,,,,,,VLG-040,,,
owner,OWN-0120,,,,,,,,,,,,,,,,,,,,,M,,,,,,,,,66XXXXX970,,Anil Sharma,,,OWN-0120,,,,,,,,,,,,,,,,,,,,,,,VLG-009,,,
owner,OWN-0121,,,,,,,,,,,,,,,,,,,,,M,,,,,,,,,86XXXXX557,,Sanjay Tiwari,,,OWN-0121,,,,,,,,,,,,,,,,,,,,,,,VLG-005,,,
owner,OWN-0122,,,,,,,,,,,,,,,,,,,,,F,,,,,,,,,86XXXXX278,,Radha Lodhi,,,OWN-0122,,,,,,,,,,,,,,,,,,,,,,,VLG-025,,,
owner,OWN-0123,,,,,,,,,,,,,,,,,,,,,F,,,,,,,,,87XXXXX121,,Sita Korku,,,OWN-0123,,,,,,,,,,,,,,,,,,,,,,,VLG-029,,,
owner,OWN-0124,,,,,,,,,,,,,,,,,,,,,M,,,,,,,,,65XXXXX422,,Jitendra Pandey,,,OWN-0124,,,,,,,,,,,,,,,,,,,,,,,VLG-024,,,
owner,OWN-0125,,,,,,,,,,,,,,,,,,,,,F,,,,,,,,,72XXXXX957,,Rekha Yadav,,,OWN-0125,,,,,,,,,,,,,,,,,,,,,,,VLG-036,,,
owner,OWN-0126,,,,,,,,,,,,,,,,,,,,,M,,,,,,,,,64XXXXX912,,Deepak Verma,,,OWN-0126,,,,,,,,,,,,,,,,,,,,,,,VLG-021,,,
owner,OWN-0127,,,,,,,,,,,,,,,,,,,,,F,,,,,,,,,98XXXXX268,,Geeta Pandey,,,OWN-0127,,,,,,,,,,,,,,,,,,,,,,,VLG-004,,,
owner,OWN-0128,,,,,,,,,,,,,,,,,,,,,M,,,,,,,,,82XXXXX414,,Gopal Chouhan,,,OWN-0128,,,,,,,,,,,,,,,,,,,,,,,VLG-013,,,
owner,OWN-0129,,,,,,,,,,,,,,,,,,,,,F,,,,,,,,,74XXXXX992,,Rani Korku,,,OWN-0129,,,,,,,,,,,,,,,,,,,,,,,VLG-011,,,
owner,OWN-0130,,,,,,,,,,,,,,,,,,,,,F,,,,,,,,,89XXXXX439,,Manju Bhatt,,,OWN-0130,,,,,,,,,,,,,,,,,,,,,,,VLG-027,,,
owner,OWN-0131,,,,,,,,,,,,,,,,,,,,,F,,,,,,,,,98XXXXX471,,Sarita Patel,,,OWN-0131,,,,,,,,,,,,,,,,,,,,,,,VLG-004,,,
owner,OWN-0132,,,,,,,,,,,,,,,,,,,,,M,,,,,,,,,97XXXXX556,,Jagdish Mishra,,,OWN-0132,,,,,,,,,,,,,,,,,,,,,,,VLG-009,,,
owner,OWN-0133,,,,,,,,,,,,,,,,,,,,,M,,,,,,,,,65XXXXX321,,Gopal Kushwaha,,,OWN-0133,,,,,,,,,,,,,,,,,,,,,,,VLG-004,,,
owner,OWN-0134,,,,,,,,,,,,,,,,,,,,,M,,,,,,,,,93XXXXX278,,Mukesh Bhatt,,,OWN-0134,,,,,,,,,,,,,,,,,,,,,,,VLG-030,,,
owner,OWN-0135,,,,,,,,,,,,,,,,,,,,,M,,,,,,,,,90XXXXX395,,Jitendra Ahirwar,,,OWN-0135,,,,,,,,,,,,,,,,,,,,,,,VLG-004,,,
owner,OWN-0136,,,,,,,,,,,,,,,,,,,,,M,,,,,,,,,94XXXXX456,,Sunil Saket,,,OWN-0136,,,,,,,,,,,,,,,,,,,,,,,VLG-024,,,
owner,OWN-0137,,,,,,,,,,,,,,,,,,,,,M,,,,,,,,,75XXXXX784,,Mukesh Sharma,,,OWN-0137,,,,,,,,,,,,,,,,,,,,,,,VLG-040,,,
owner,OWN-0138,,,,,,,,,,,,,,,,,,,,,F,,,,,,,,,71XXXXX239,,Manju Yadav,,,OWN-0138,,,,,,,,,,,,,,,,,,,,,,,VLG-033,,,
owner,OWN-0139,,,,,,,,,,,,,,,,,,,,,M,,,,,,,,,60XXXXX298,,Gopal Sharma,,,OWN-0139,,,,,,,,,,,,,,,,,,,,,,,VLG-009,,,
owner,OWN-0140,,,,,,,,,,,,,,,,,,,,,M,,,,,,,,,82XXXXX888,,Virendra Bhatt,,,OWN-0140,,,,,,,,,,,,,,,,,,,,,,,VLG-032,,,
owner,OWN-0141,,,,,,,,,,,,,,,,,,,,,F,,,,,,,,,90XXXXX409,,Kavita Ahirwar,,,OWN-0141,,,,,,,,,,,,,,,,,,,,,,,VLG-031,,,
owner,OWN-0142,,,,,,,,,,,,,,,,,,,,,M,,,,,,,,,70XXXXX623,,Rakesh Rathore,,,OWN-0142,,,,,,,,,,,,,,,,,,,,,,,VLG-003,,,
owner,OWN-0143,,,,,,,,,,,,,,,,,,,,,F,,,,,,,,,70XXXXX368,,Leela Yadav,,,OWN-0143,,,,,,,,,,,,,,,,,,,,,,,VLG-040,,,
owner,OWN-0144,,,,,,,,,,,,,,,,,,,,,M,,,,,,,,,78XXXXX652,,Bhagwan Sharma,,,OWN-0144,,,,,,,,,,,,,,,,,,,,,,,VLG-030,,,
owner,OWN-0145,,,,,,,,,,,,,,,,,,,,,F,,,,,,,,,84XXXXX843,,Kiran Kushwaha,,,OWN-0145,,,,,,,,,,,,,,,,,,,,,,,VLG-020,,,
owner,OWN-0146,,,,,,,,,,,,,,,,,,,,,M,,,,,,,,,95XXXXX198,,Kailash Rajput,,,OWN-0146,,,,,,,,,,,,,,,,,,,,,,,VLG-025,,,
owner,OWN-0147,,,,,,,,,,,,,,,,,,,,,M,,,,,,,,,74XXXXX473,,Pramod Tiwari,,,OWN-0147,,,,,,,,,,,,,,,,,,,,,,,VLG-013,,,
owner,OWN-0148,,,,,,,,,,,,,,,,,,,,,F,,,,,,,,,82XXXXX083,,Meena Kushwaha,,,OWN-0148,,,,,,,,,,,,,,,,,,,,,,,VLG-015,,,
owner,OWN-0149,,,,,,,,,,,,,,,,,,,,,M,,,,,,,,,87XXXXX677,,Rajesh Mishra,,,OWN-0149,,,,,,,,,,,,,,,,,,,,,,,VLG-013,,,
owner,OWN-0150,,,,,,,,,,,,,,,,,,,,,M,,,,,,,,,61XXXXX620,,Prakash Ahirwar,,,OWN-0150,,,,,,,,,,,,,,,,,,,,,,,VLG-026,,,
owner,OWN-0151,,,,,,,,,,,,,,,,,,,,,M,,,,,,,,,60XXXXX478,,Ashok Ahirwar,,,OWN-0151,,,,,,,,,,,,,,,,,,,,,,,VLG-034,,,
owner,OWN-0152,,,,,,,,,,,,,,,,,,,,,M,,,,,,,,,94XXXXX420,,Jitendra Chouhan,,,OWN-0152,,,,,,,,,,,,,,,,,,,,,,,VLG-022,,,
owner,OWN-0153,,,,,,,,,,,,,,,,,,,,,M,,,,,,,,,79XXXXX612,,Shyam Rajput,,,OWN-0153,,,,,,,,,,,,,,,,,,,,,,,VLG-009,,,
owner,OWN-0154,,,,,,,,,,,,,,,,,,,,,M,,,,,,,,,64XXXXX499,,Prakash Gond,,,OWN-0154,,,,,,,,,,,,,,,,,,,,,,,VLG-001,,,
owner,OWN-0155,,,,,,,,,,,,,,,,,,,,,M,,,,,,,,,70XXXXX841,,Rakesh Tiwari,,,OWN-0155,,,,,,,,,,,,,,,,,,,,,,,VLG-019,,,
owner,OWN-0156,,,,,,,,,,,,,,,,,,,,,M,,,,,,,,,72XXXXX687,,Deepak Gond,,,OWN-0156,,,,,,,,,,,,,,,,,,,,,,,VLG-035,,,
owner,OWN-0157,,,,,,,,,,,,,,,,,,,,,F,,,,,,,,,79XXXXX191,,Kamla Bai Rajput,,,OWN-0157,,,,,,,,,,,,,,,,,,,,,,,VLG-004,,,
owner,OWN-0158,,,,,,,,,,,,,,,,,,,,,F,,,,,,,,,79XXXXX713,,Mamta Lodhi,,,OWN-0158,,,,,,,,,,,,,,,,,,,,,,,VLG-038,,,
owner,OWN-0159,,,,,,,,,,,,,,,,,,,,,M,,,,,,,,,90XXXXX908,,Mahesh Lodhi,,,OWN-0159,,,,,,,,,,,,,,,,,,,,,,,VLG-030,,,
owner,OWN-0160,,,,,,,,,,,,,,,,,,,,,F,,,,,,,,,66XXXXX065,,Shakuntala Ahirwar,,,OWN-0160,,,,,,,,,,,,,,,,,,,,,,,VLG-005,,,
owner,OWN-0161,,,,,,,,,,,,,,,,,,,,,F,,,,,,,,,90XXXXX567,,Kamla Verma,,,OWN-0161,,,,,,,,,,,,,,,,,,,,,,,VLG-025,,,
owner,OWN-0162,,,,,,,,,,,,,,,,,,,,,M,,,,,,,,,75XXXXX230,,Mahesh Kushwaha,,,OWN-0162,,,,,,,,,,,,,,,,,,,,,,,VLG-002,,,
owner,OWN-0163,,,,,,,,,,,,,,,,,,,,,M,,,,,,,,,98XXXXX243,,Jagdish Kushwaha,,,OWN-0163,,,,,,,,,,,,,,,,,,,,,,,VLG-008,,,
owner,OWN-0164,,,,,,,,,,,,,,,,,,,,,M,,,,,,,,,63XXXXX790,,Santosh Mishra,,,OWN-0164,,,,,,,,,,,,,,,,,,,,,,,VLG-016,,,
owner,OWN-0165,,,,,,,,,,,,,,,,,,,,,F,,,,,,,,,93XXXXX439,,Kamla Dubey,,,OWN-0165,,,,,,,,,,,,,,,,,,,,,,,VLG-021,,,
owner,OWN-0166,,,,,,,,,,,,,,,,,,,,,F,,,,,,,,,74XXXXX408,,Manju Mehra,,,OWN-0166,,,,,,,,,,,,,,,,,,,,,,,VLG-038,,,
owner,OWN-0167,,,,,,,,,,,,,,,,,,,,,F,,,,,,,,,98XXXXX566,,Indira Thakur,,,OWN-0167,,,,,,,,,,,,,,,,,,,,,,,VLG-010,,,
owner,OWN-0168,,,,,,,,,,,,,,,,,,,,,M,,,,,,,,,93XXXXX866,,Mukesh Thakur,,,OWN-0168,,,,,,,,,,,,,,,,,,,,,,,VLG-036,,,
owner,OWN-0169,,,,,,,,,,,,,,,,,,,,,F,,,,,,,,,74XXXXX183,,Radha Dubey,,,OWN-0169,,,,,,,,,,,,,,,,,,,,,,,VLG-004,,,
owner,OWN-0170,,,,,,,,,,,,,,,,,,,,,M,,,,,,,,,61XXXXX354,,Mukesh Bhatt,,,OWN-0170,,,,,,,,,,,,,,,,,,,,,,,VLG-001,,,
owner,OWN-0171,,,,,,,,,,,,,,,,,,,,,M,,,,,,,,,67XXXXX854,,Virendra Rajput,,,OWN-0171,,,,,,,,,,,,,,,,,,,,,,,VLG-025,,,
owner,OWN-0172,,,,,,,,,,,,,,,,,,,,,M,,,,,,,,,84XXXXX753,,Mohan Tiwari,,,OWN-0172,,,,,,,,,,,,,,,,,,,,,,,VLG-024,,,
owner,OWN-0173,,,,,,,,,,,,,,,,,,,,,M,,,,,,,,,72XXXXX642,,Naresh Sharma,,,OWN-0173,,,,,,,,,,,,,,,,,,,,,,,VLG-013,,,
owner,OWN-0174,,,,,,,,,,,,,,,,,,,,,M,,,,,,,,,77XXXXX725,,Sanjay Dubey,,,OWN-0174,,,,,,,,,,,,,,,,,,,,,,,VLG-011,,,
owner,OWN-0175,,,,,,,,,,,,,,,,,,,,,M,,,,,,,,,92XXXXX006,,Om Prakash Kushwaha,,,OWN-0175,,,,,,,,,,,,,,,,,,,,,,,VLG-009,,,
owner,OWN-0176,,,,,,,,,,,,,,,,,,,,,F,,,,,,,,,70XXXXX997,,Rekha Verma,,,OWN-0176,,,,,,,,,,,,,,,,,,,,,,,VLG-032,,,
owner,OWN-0177,,,,,,,,,,,,,,,,,,,,,M,,,,,,,,,90XXXXX086,,Ramesh Kushwaha,,,OWN-0177,,,,,,,,,,,,,,,,,,,,,,,VLG-012,,,
owner,OWN-0178,,,,,,,,,,,,,,,,,,,,,M,,,,,,,,,73XXXXX461,,Virendra Yadav,,,OWN-0178,,,,,,,,,,,,,,,,,,,,,,,VLG-024,,,
owner,OWN-0179,,,,,,,,,,,,,,,,,,,,,M,,,,,,,,,73XXXXX668,,Jagdish Rathore,,,OWN-0179,,,,,,,,,,,,,,,,,,,,,,,VLG-031,,,
owner,OWN-0180,,,,,,,,,,,,,,,,,,,,,M,,,,,,,,,71XXXXX803,,Rakesh Patel,,,OWN-0180,,,,,,,,,,,,,,,,,,,,,,,VLG-014,,,
owner,OWN-0181,,,,,,,,,,,,,,,,,,,,,F,,,,,,,,,94XXXXX025,,Mamta Rathore,,,OWN-0181,,,,,,,,,,,,,,,,,,,,,,,VLG-002,,,
owner,OWN-0182,,,,,,,,,,,,,,,,,,,,,M,,,,,,,,,91XXXXX685,,Shyam Chouhan,,,OWN-0182,,,,,,,,,,,,,,,,,,,,,,,VLG-025,,,
owner,OWN-0183,,,,,,,,,,,,,,,,,,,,,F,,,,,,,,,80XXXXX999,,Radha Verma,,,OWN-0183,,,,,,,,,,,,,,,,,,,,,,,VLG-026,,,
owner,OWN-0184,,,,,,,,,,,,,,,,,,,,,M,,,,,,,,,97XXXXX296,,Ramesh Korku,,,OWN-0184,,,,,,,,,,,,,,,,,,,,,,,VLG-006,,,
owner,OWN-0185,,,,,,,,,,,,,,,,,,,,,F,,,,,,,,,61XXXXX551,,Pushpa Gond,,,OWN-0185,,,,,,,,,,,,,,,,,,,,,,,VLG-006,,,
owner,OWN-0186,,,,,,,,,,,,,,,,,,,,,M,,,,,,,,,84XXXXX788,,Sunil Pandey,,,OWN-0186,,,,,,,,,,,,,,,,,,,,,,,VLG-033,,,
owner,OWN-0187,,,,,,,,,,,,,,,,,,,,,M,,,,,,,,,65XXXXX604,,Rajesh Patel,,,OWN-0187,,,,,,,,,,,,,,,,,,,,,,,VLG-027,,,
owner,OWN-0188,,,,,,,,,,,,,,,,,,,,,M,,,,,,,,,79XXXXX444,,Hariom Verma,,,OWN-0188,,,,,,,,,,,,,,,,,,,,,,,VLG-032,,,
owner,OWN-0189,,,,,,,,,,,,,,,,,,,,,M,,,,,,,,,94XXXXX437,,Mahesh Thakur,,,OWN-0189,,,,,,,,,,,,,,,,,,,,,,,VLG-039,,,
owner,OWN-0190,,,,,,,,,,,,,,,,,,,,,F,,,,,,,,,62XXXXX657,,Savita Pandey,,,OWN-0190,,,,,,,,,,,,,,,,,,,,,,,VLG-022,,,
owner,OWN-0191,,,,,,,,,,,,,,,,,,,,,M,,,,,,,,,74XXXXX265,,Pramod Bhatt,,,OWN-0191,,,,,,,,,,,,,,,,,,,,,,,VLG-019,,,
owner,OWN-0192,,,,,,,,,,,,,,,,,,,,,F,,,,,,,,,75XXXXX939,,Leela Saket,,,OWN-0192,,,,,,,,,,,,,,,,,,,,,,,VLG-035,,,
owner,OWN-0193,,,,,,,,,,,,,,,,,,,,,M,,,,,,,,,67XXXXX724,,Vinod Kushwaha,,,OWN-0193,,,,,,,,,,,,,,,,,,,,,,,VLG-016,,,
owner,OWN-0194,,,,,,,,,,,,,,,,,,,,,M,,,,,,,,,96XXXXX688,,Vinod Chouhan,,,OWN-0194,,,,,,,,,,,,,,,,,,,,,,,VLG-027,,,
owner,OWN-0195,,,,,,,,,,,,,,,,,,,,,F,,,,,,,,,61XXXXX965,,Kamla Tiwari,,,OWN-0195,,,,,,,,,,,,,,,,,,,,,,,VLG-028,,,
owner,OWN-0196,,,,,,,,,,,,,,,,,,,,,M,,,,,,,,,83XXXXX375,,Ramesh Yadav,,,OWN-0196,,,,,,,,,,,,,,,,,,,,,,,VLG-026,,,
owner,OWN-0197,,,,,,,,,,,,,,,,,,,,,M,,,,,,,,,75XXXXX112,,Hariom Rathore,,,OWN-0197,,,,,,,,,,,,,,,,,,,,,,,VLG-023,,,
owner,OWN-0198,,,,,,,,,,,,,,,,,,,,,M,,,,,,,,,78XXXXX751,,Prakash Pandey,,,OWN-0198,,,,,,,,,,,,,,,,,,,,,,,VLG-020,,,
owner,OWN-0199,,,,,,,,,,,,,,,,,,,,,M,,,,,,,,,65XXXXX825,,Santosh Yadav,,,OWN-0199,,,,,,,,,,,,,,,,,,,,,,,VLG-036,,,
owner,OWN-0200,,,,,,,,,,,,,,,,,,,,,M,,,,,,,,,92XXXXX379,,Jagdish Gond,,,OWN-0200,,,,,,,,,,,,,,,,,,,,,,,VLG-028,,,
owner,OWN-0201,,,,,,,,,,,,,,,,,,,,,M,,,,,,,,,74XXXXX553,,Ramesh Rajput,,,OWN-0201,,,,,,,,,,,,,,,,,,,,,,,VLG-030,,,
owner,OWN-0202,,,,,,,,,,,,,,,,,,,,,M,,,,,,,,,89XXXXX557,,Anil Saket,,,OWN-0202,,,,,,,,,,,,,,,,,,,,,,,VLG-040,,,
owner,OWN-0203,,,,,,,,,,,,,,,,,,,,,M,,,,,,,,,62XXXXX252,,Pramod Ahirwar,,,OWN-0203,,,,,,,,,,,,,,,,,,,,,,,VLG-033,,,
owner,OWN-0204,,,,,,,,,,,,,,,,,,,,,M,,,,,,,,,79XXXXX282,,Naresh Bhatt,,,OWN-0204,,,,,,,,,,,,,,,,,,,,,,,VLG-032,,,
owner,OWN-0205,,,,,,,,,,,,,,,,,,,,,M,,,,,,,,,87XXXXX236,,Dinesh Thakur,,,OWN-0205,,,,,,,,,,,,,,,,,,,,,,,VLG-036,,,
owner,OWN-0206,,,,,,,,,,,,,,,,,,,,,F,,,,,,,,,97XXXXX903,,Sarita Saket,,,OWN-0206,,,,,,,,,,,,,,,,,,,,,,,VLG-019,,,
owner,OWN-0207,,,,,,,,,,,,,,,,,,,,,M,,,,,,,,,82XXXXX191,,Anil Gond,,,OWN-0207,,,,,,,,,,,,,,,,,,,,,,,VLG-018,,,
owner,OWN-0208,,,,,,,,,,,,,,,,,,,,,F,,,,,,,,,67XXXXX407,,Kamla Bai Tiwari,,,OWN-0208,,,,,,,,,,,,,,,,,,,,,,,VLG-017,,,
owner,OWN-0209,,,,,,,,,,,,,,,,,,,,,M,,,,,,,,,91XXXXX629,,Bhagwan Verma,,,OWN-0209,,,,,,,,,,,,,,,,,,,,,,,VLG-009,,,
owner,OWN-0210,,,,,,,,,,,,,,,,,,,,,M,,,,,,,,,69XXXXX254,,Pramod Rajput,,,OWN-0210,,,,,,,,,,,,,,,,,,,,,,,VLG-019,,,
owner,OWN-0211,,,,,,,,,,,,,,,,,,,,,F,,,,,,,,,62XXXXX325,,Meena Lodhi,,,OWN-0211,,,,,,,,,,,,,,,,,,,,,,,VLG-016,,,
owner,OWN-0212,,,,,,,,,,,,,,,,,,,,,F,,,,,,,,,79XXXXX168,,Shanti Saket,,,OWN-0212,,,,,,,,,,,,,,,,,,,,,,,VLG-018,,,
owner,OWN-0213,,,,,,,,,,,,,,,,,,,,,F,,,,,,,,,97XXXXX518,,Indira Tiwari,,,OWN-0213,,,,,,,,,,,,,,,,,,,,,,,VLG-026,,,
owner,OWN-0214,,,,,,,,,,,,,,,,,,,,,M,,,,,,,,,94XXXXX297,,Naresh Rajput,,,OWN-0214,,,,,,,,,,,,,,,,,,,,,,,VLG-022,,,
owner,OWN-0215,,,,,,,,,,,,,,,,,,,,,F,,,,,,,,,61XXXXX706,,Asha Sharma,,,OWN-0215,,,,,,,,,,,,,,,,,,,,,,,VLG-013,,,
owner,OWN-0216,,,,,,,,,,,,,,,,,,,,,F,,,,,,,,,82XXXXX520,,Indira Chouhan,,,OWN-0216,,,,,,,,,,,,,,,,,,,,,,,VLG-026,,,
owner,OWN-0217,,,,,,,,,,,,,,,,,,,,,F,,,,,,,,,91XXXXX293,,Pushpa Gond,,,OWN-0217,,,,,,,,,,,,,,,,,,,,,,,VLG-034,,,
owner,OWN-0218,,,,,,,,,,,,,,,,,,,,,F,,,,,,,,,65XXXXX361,,Anita Patel,,,OWN-0218,,,,,,,,,,,,,,,,,,,,,,,VLG-007,,,
owner,OWN-0219,,,,,,,,,,,,,,,,,,,,,M,,,,,,,,,82XXXXX909,,Prakash Tiwari,,,OWN-0219,,,,,,,,,,,,,,,,,,,,,,,VLG-011,,,
owner,OWN-0220,,,,,,,,,,,,,,,,,,,,,M,,,,,,,,,76XXXXX219,,Ravindra Rajput,,,OWN-0220,,,,,,,,,,,,,,,,,,,,,,,VLG-025,,,
owner,OWN-0221,,,,,,,,,,,,,,,,,,,,,M,,,,,,,,,73XXXXX994,,Naresh Mehra,,,OWN-0221,,,,,,,,,,,,,,,,,,,,,,,VLG-002,,,
owner,OWN-0222,,,,,,,,,,,,,,,,,,,,,F,,,,,,,,,78XXXXX037,,Mamta Ahirwar,,,OWN-0222,,,,,,,,,,,,,,,,,,,,,,,VLG-025,,,
owner,OWN-0223,,,,,,,,,,,,,,,,,,,,,M,,,,,,,,,68XXXXX965,,Sanjay Saket,,,OWN-0223,,,,,,,,,,,,,,,,,,,,,,,VLG-035,,,
owner,OWN-0224,,,,,,,,,,,,,,,,,,,,,F,,,,,,,,,60XXXXX006,,Lakshmi Saket,,,OWN-0224,,,,,,,,,,,,,,,,,,,,,,,VLG-033,,,
owner,OWN-0225,,,,,,,,,,,,,,,,,,,,,M,,,,,,,,,96XXXXX241,,Rakesh Lodhi,,,OWN-0225,,,,,,,,,,,,,,,,,,,,,,,VLG-020,,,
owner,OWN-0226,,,,,,,,,,,,,,,,,,,,,M,,,,,,,,,78XXXXX630,,Gopal Rajput,,,OWN-0226,,,,,,,,,,,,,,,,,,,,,,,VLG-016,,,
owner,OWN-0227,,,,,,,,,,,,,,,,,,,,,M,,,,,,,,,67XXXXX102,,Virendra Mishra,,,OWN-0227,,,,,,,,,,,,,,,,,,,,,,,VLG-001,,,
owner,OWN-0228,,,,,,,,,,,,,,,,,,,,,M,,,,,,,,,82XXXXX564,,Harish Tiwari,,,OWN-0228,,,,,,,,,,,,,,,,,,,,,,,VLG-034,,,
owner,OWN-0229,,,,,,,,,,,,,,,,,,,,,M,,,,,,,,,67XXXXX925,,Anil Rathore,,,OWN-0229,,,,,,,,,,,,,,,,,,,,,,,VLG-011,,,
owner,OWN-0230,,,,,,,,,,,,,,,,,,,,,M,,,,,,,,,63XXXXX075,,Hariom Yadav,,,OWN-0230,,,,,,,,,,,,,,,,,,,,,,,VLG-025,,,
owner,OWN-0231,,,,,,,,,,,,,,,,,,,,,M,,,,,,,,,93XXXXX195,,Ashok Sharma,,,OWN-0231,,,,,,,,,,,,,,,,,,,,,,,VLG-008,,,
owner,OWN-0232,,,,,,,,,,,,,,,,,,,,,F,,,,,,,,,73XXXXX445,,Durga Sharma,,,OWN-0232,,,,,,,,,,,,,,,,,,,,,,,VLG-006,,,
owner,OWN-0233,,,,,,,,,,,,,,,,,,,,,F,,,,,,,,,83XXXXX759,,Anita Patel,,,OWN-0233,,,,,,,,,,,,,,,,,,,,,,,VLG-032,,,
owner,OWN-0234,,,,,,,,,,,,,,,,,,,,,M,,,,,,,,,72XXXXX505,,Om Prakash Kushwaha,,,OWN-0234,,,,,,,,,,,,,,,,,,,,,,,VLG-001,,,
owner,OWN-0235,,,,,,,,,,,,,,,,,,,,,F,,,,,,,,,63XXXXX241,,Shanti Ahirwar,,,OWN-0235,,,,,,,,,,,,,,,,,,,,,,,VLG-003,,,
owner,OWN-0236,,,,,,,,,,,,,,,,,,,,,M,,,,,,,,,95XXXXX261,,Jitendra Lodhi,,,OWN-0236,,,,,,,,,,,,,,,,,,,,,,,VLG-038,,,
owner,OWN-0237,,,,,,,,,,,,,,,,,,,,,F,,,,,,,,,73XXXXX574,,Kamla Mishra,,,OWN-0237,,,,,,,,,,,,,,,,,,,,,,,VLG-015,,,
owner,OWN-0238,,,,,,,,,,,,,,,,,,,,,M,,,,,,,,,62XXXXX618,,Vijay Chouhan,,,OWN-0238,,,,,,,,,,,,,,,,,,,,,,,VLG-023,,,
owner,OWN-0239,,,,,,,,,,,,,,,,,,,,,M,,,,,,,,,94XXXXX035,,Jagdish Ahirwar,,,OWN-0239,,,,,,,,,,,,,,,,,,,,,,,VLG-010,,,
owner,OWN-0240,,,,,,,,,,,,,,,,,,,,,M,,,,,,,,,86XXXXX067,,Kailash Gond,,,OWN-0240,,,,,,,,,,,,,,,,,,,,,,,VLG-036,,,
owner,OWN-0241,,,,,,,,,,,,,,,,,,,,,F,,,,,,,,,67XXXXX323,,Rani Gond,,,OWN-0241,,,,,,,,,,,,,,,,,,,,,,,VLG-026,,,
owner,OWN-0242,,,,,,,,,,,,,,,,,,,,,M,,,,,,,,,81XXXXX151,,Vinod Verma,,,OWN-0242,,,,,,,,,,,,,,,,,,,,,,,VLG-003,,,
owner,OWN-0243,,,,,,,,,,,,,,,,,,,,,M,,,,,,,,,96XXXXX532,,Suresh Thakur,,,OWN-0243,,,,,,,,,,,,,,,,,,,,,,,VLG-018,,,
owner,OWN-0244,,,,,,,,,,,,,,,,,,,,,M,,,,,,,,,69XXXXX687,,Jagdish Chouhan,,,OWN-0244,,,,,,,,,,,,,,,,,,,,,,,VLG-004,,,
owner,OWN-0245,,,,,,,,,,,,,,,,,,,,,M,,,,,,,,,76XXXXX657,,Anil Dubey,,,OWN-0245,,,,,,,,,,,,,,,,,,,,,,,VLG-035,,,
owner,OWN-0246,,,,,,,,,,,,,,,,,,,,,M,,,,,,,,,86XXXXX304,,Ravindra Rathore,,,OWN-0246,,,,,,,,,,,,,,,,,,,,,,,VLG-004,,,
owner,OWN-0247,,,,,,,,,,,,,,,,,,,,,M,,,,,,,,,72XXXXX039,,Gopal Tiwari,,,OWN-0247,,,,,,,,,,,,,,,,,,,,,,,VLG-025,,,
owner,OWN-0248,,,,,,,,,,,,,,,,,,,,,M,,,,,,,,,73XXXXX599,,Virendra Thakur,,,OWN-0248,,,,,,,,,,,,,,,,,,,,,,,VLG-010,,,
owner,OWN-0249,,,,,,,,,,,,,,,,,,,,,F,,,,,,,,,82XXXXX930,,Savita Saket,,,OWN-0249,,,,,,,,,,,,,,,,,,,,,,,VLG-034,,,
owner,OWN-0250,,,,,,,,,,,,,,,,,,,,,M,,,,,,,,,72XXXXX292,,Ramesh Mehra,,,OWN-0250,,,,,,,,,,,,,,,,,,,,,,,VLG-008,,,
owner,OWN-0251,,,,,,,,,,,,,,,,,,,,,F,,,,,,,,,65XXXXX522,,Shobha Tiwari,,,OWN-0251,,,,,,,,,,,,,,,,,,,,,,,VLG-028,,,
owner,OWN-0252,,,,,,,,,,,,,,,,,,,,,F,,,,,,,,,78XXXXX644,,Nirmala Mehra,,,OWN-0252,,,,,,,,,,,,,,,,,,,,,,,VLG-009,,,
owner,OWN-0253,,,,,,,,,,,,,,,,,,,,,M,,,,,,,,,99XXXXX391,,Om Prakash Patel,,,OWN-0253,,,,,,,,,,,,,,,,,,,,,,,VLG-032,,,
owner,OWN-0254,,,,,,,,,,,,,,,,,,,,,M,,,,,,,,,75XXXXX043,,Prakash Verma,,,OWN-0254,,,,,,,,,,,,,,,,,,,,,,,VLG-016,,,
owner,OWN-0255,,,,,,,,,,,,,,,,,,,,,F,,,,,,,,,81XXXXX267,,Geeta Tiwari,,,OWN-0255,,,,,,,,,,,,,,,,,,,,,,,VLG-025,,,
owner,OWN-0256,,,,,,,,,,,,,,,,,,,,,M,,,,,,,,,67XXXXX040,,Mohan Dubey,,,OWN-0256,,,,,,,,,,,,,,,,,,,,,,,VLG-021,,,
owner,OWN-0257,,,,,,,,,,,,,,,,,,,,,M,,,,,,,,,82XXXXX599,,Rajesh Verma,,,OWN-0257,,,,,,,,,,,,,,,,,,,,,,,VLG-031,,,
owner,OWN-0258,,,,,,,,,,,,,,,,,,,,,F,,,,,,,,,79XXXXX336,,Sunita Mishra,,,OWN-0258,,,,,,,,,,,,,,,,,,,,,,,VLG-036,,,
owner,OWN-0259,,,,,,,,,,,,,,,,,,,,,F,,,,,,,,,84XXXXX987,,Indira Kushwaha,,,OWN-0259,,,,,,,,,,,,,,,,,,,,,,,VLG-010,,,
owner,OWN-0260,,,,,,,,,,,,,,,,,,,,,M,,,,,,,,,91XXXXX032,,Ravindra Patel,,,OWN-0260,,,,,,,,,,,,,,,,,,,,,,,VLG-019,,,
owner,OWN-0261,,,,,,,,,,,,,,,,,,,,,M,,,,,,,,,86XXXXX625,,Harish Yadav,,,OWN-0261,,,,,,,,,,,,,,,,,,,,,,,VLG-025,,,
owner,OWN-0262,,,,,,,,,,,,,,,,,,,,,M,,,,,,,,,64XXXXX902,,Ashok Pandey,,,OWN-0262,,,,,,,,,,,,,,,,,,,,,,,VLG-007,,,
owner,OWN-0263,,,,,,,,,,,,,,,,,,,,,M,,,,,,,,,99XXXXX687,,Vinod Tiwari,,,OWN-0263,,,,,,,,,,,,,,,,,,,,,,,VLG-037,,,
owner,OWN-0264,,,,,,,,,,,,,,,,,,,,,M,,,,,,,,,66XXXXX921,,Harish Ahirwar,,,OWN-0264,,,,,,,,,,,,,,,,,,,,,,,VLG-029,,,
owner,OWN-0265,,,,,,,,,,,,,,,,,,,,,M,,,,,,,,,72XXXXX294,,Ashok Rajput,,,OWN-0265,,,,,,,,,,,,,,,,,,,,,,,VLG-021,,,
owner,OWN-0266,,,,,,,,,,,,,,,,,,,,,F,,,,,,,,,66XXXXX870,,Indira Verma,,,OWN-0266,,,,,,,,,,,,,,,,,,,,,,,VLG-040,,,
owner,OWN-0267,,,,,,,,,,,,,,,,,,,,,F,,,,,,,,,66XXXXX119,,Pooja Mishra,,,OWN-0267,,,,,,,,,,,,,,,,,,,,,,,VLG-007,,,
owner,OWN-0268,,,,,,,,,,,,,,,,,,,,,M,,,,,,,,,86XXXXX702,,Bhagwan Kushwaha,,,OWN-0268,,,,,,,,,,,,,,,,,,,,,,,VLG-018,,,
owner,OWN-0269,,,,,,,,,,,,,,,,,,,,,M,,,,,,,,,90XXXXX450,,Dinesh Bhatt,,,OWN-0269,,,,,,,,,,,,,,,,,,,,,,,VLG-022,,,
owner,OWN-0270,,,,,,,,,,,,,,,,,,,,,M,,,,,,,,,91XXXXX469,,Sunil Korku,,,OWN-0270,,,,,,,,,,,,,,,,,,,,,,,VLG-006,,,
owner,OWN-0271,,,,,,,,,,,,,,,,,,,,,M,,,,,,,,,97XXXXX148,,Jagdish Rajput,,,OWN-0271,,,,,,,,,,,,,,,,,,,,,,,VLG-026,,,
owner,OWN-0272,,,,,,,,,,,,,,,,,,,,,M,,,,,,,,,62XXXXX705,,Hariom Lodhi,,,OWN-0272,,,,,,,,,,,,,,,,,,,,,,,VLG-013,,,
owner,OWN-0273,,,,,,,,,,,,,,,,,,,,,M,,,,,,,,,91XXXXX727,,Ravindra Pandey,,,OWN-0273,,,,,,,,,,,,,,,,,,,,,,,VLG-038,,,
owner,OWN-0274,,,,,,,,,,,,,,,,,,,,,F,,,,,,,,,74XXXXX293,,Usha Tiwari,,,OWN-0274,,,,,,,,,,,,,,,,,,,,,,,VLG-015,,,
owner,OWN-0275,,,,,,,,,,,,,,,,,,,,,F,,,,,,,,,86XXXXX290,,Rekha Rajput,,,OWN-0275,,,,,,,,,,,,,,,,,,,,,,,VLG-015,,,
owner,OWN-0276,,,,,,,,,,,,,,,,,,,,,M,,,,,,,,,86XXXXX748,,Deepak Ahirwar,,,OWN-0276,,,,,,,,,,,,,,,,,,,,,,,VLG-040,,,
owner,OWN-0277,,,,,,,,,,,,,,,,,,,,,M,,,,,,,,,68XXXXX417,,Shyam Yadav,,,OWN-0277,,,,,,,,,,,,,,,,,,,,,,,VLG-005,,,
owner,OWN-0278,,,,,,,,,,,,,,,,,,,,,M,,,,,,,,,84XXXXX096,,Anil Mehra,,,OWN-0278,,,,,,,,,,,,,,,,,,,,,,,VLG-021,,,
owner,OWN-0279,,,,,,,,,,,,,,,,,,,,,F,,,,,,,,,94XXXXX993,,Radha Patel,,,OWN-0279,,,,,,,,,,,,,,,,,,,,,,,VLG-022,,,
owner,OWN-0280,,,,,,,,,,,,,,,,,,,,,F,,,,,,,,,95XXXXX417,,Leela Gond,,,OWN-0280,,,,,,,,,,,,,,,,,,,,,,,VLG-009,,,
owner,OWN-0281,,,,,,,,,,,,,,,,,,,,,F,,,,,,,,,75XXXXX655,,Meena Kushwaha,,,OWN-0281,,,,,,,,,,,,,,,,,,,,,,,VLG-017,,,
owner,OWN-0282,,,,,,,,,,,,,,,,,,,,,F,,,,,,,,,67XXXXX738,,Pushpa Pandey,,,OWN-0282,,,,,,,,,,,,,,,,,,,,,,,VLG-008,,,
owner,OWN-0283,,,,,,,,,,,,,,,,,,,,,F,,,,,,,,,86XXXXX697,,Shanti Lodhi,,,OWN-0283,,,,,,,,,,,,,,,,,,,,,,,VLG-010,,,
owner,OWN-0284,,,,,,,,,,,,,,,,,,,,,M,,,,,,,,,67XXXXX743,,Bhagwan Thakur,,,OWN-0284,,,,,,,,,,,,,,,,,,,,,,,VLG-011,,,
owner,OWN-0285,,,,,,,,,,,,,,,,,,,,,F,,,,,,,,,91XXXXX676,,Asha Thakur,,,OWN-0285,,,,,,,,,,,,,,,,,,,,,,,VLG-001,,,
owner,OWN-0286,,,,,,,,,,,,,,,,,,,,,M,,,,,,,,,80XXXXX335,,Mohan Rajput,,,OWN-0286,,,,,,,,,,,,,,,,,,,,,,,VLG-020,,,
owner,OWN-0287,,,,,,,,,,,,,,,,,,,,,M,,,,,,,,,82XXXXX898,,Rajesh Dubey,,,OWN-0287,,,,,,,,,,,,,,,,,,,,,,,VLG-022,,,
owner,OWN-0288,,,,,,,,,,,,,,,,,,,,,M,,,,,,,,,87XXXXX332,,Jitendra Chouhan,,,OWN-0288,,,,,,,,,,,,,,,,,,,,,,,VLG-014,,,
owner,OWN-0289,,,,,,,,,,,,,,,,,,,,,F,,,,,,,,,71XXXXX909,,Sunita Rathore,,,OWN-0289,,,,,,,,,,,,,,,,,,,,,,,VLG-004,,,
owner,OWN-0290,,,,,,,,,,,,,,,,,,,,,F,,,,,,,,,61XXXXX472,,Sita Patel,,,OWN-0290,,,,,,,,,,,,,,,,,,,,,,,VLG-014,,,
owner,OWN-0291,,,,,,,,,,,,,,,,,,,,,F,,,,,,,,,86XXXXX261,,Durga Patel,,,OWN-0291,,,,,,,,,,,,,,,,,,,,,,,VLG-033,,,
owner,OWN-0292,,,,,,,,,,,,,,,,,,,,,F,,,,,,,,,81XXXXX483,,Manju Yadav,,,OWN-0292,,,,,,,,,,,,,,,,,,,,,,,VLG-023,,,
owner,OWN-0293,,,,,,,,,,,,,,,,,,,,,F,,,,,,,,,70XXXXX300,,Vimla Ahirwar,,,OWN-0293,,,,,,,,,,,,,,,,,,,,,,,VLG-006,,,
owner,OWN-0294,,,,,,,,,,,,,,,,,,,,,M,,,,,,,,,92XXXXX374,,Pramod Rathore,,,OWN-0294,,,,,,,,,,,,,,,,,,,,,,,VLG-017,,,
owner,OWN-0295,,,,,,,,,,,,,,,,,,,,,M,,,,,,,,,70XXXXX100,,Suresh Yadav,,,OWN-0295,,,,,,,,,,,,,,,,,,,,,,,VLG-009,,,
owner,OWN-0296,,,,,,,,,,,,,,,,,,,,,F,,,,,,,,,85XXXXX521,,Sarita Thakur,,,OWN-0296,,,,,,,,,,,,,,,,,,,,,,,VLG-026,,,
owner,OWN-0297,,,,,,,,,,,,,,,,,,,,,M,,,,,,,,,97XXXXX216,,Jagdish Korku,,,OWN-0297,,,,,,,,,,,,,,,,,,,,,,,VLG-038,,,
owner,OWN-0298,,,,,,,,,,,,,,,,,,,,,M,,,,,,,,,92XXXXX277,,Santosh Rathore,,,OWN-0298,,,,,,,,,,,,,,,,,,,,,,,VLG-008,,,
owner,OWN-0299,,,,,,,,,,,,,,,,,,,,,M,,,,,,,,,64XXXXX358,,Jagdish Sharma,,,OWN-0299,,,,,,,,,,,,,,,,,,,,,,,VLG-034,,,
owner,OWN-0300,,,,,,,,,,,,,,,,,,,,,F,,,,,,,,,66XXXXX890,,Leela Bhatt,,,OWN-0300,,,,,,,,,,,,,,,,,,,,,,,VLG-001,,,
owner,OWN-0301,,,,,,,,,,,,,,,,,,,,,F,,,,,,,,,97XXXXX540,,Indira Thakur,,,OWN-0301,,,,,,,,,,,,,,,,,,,,,,,VLG-033,,,
owner,OWN-0302,,,,,,,,,,,,,,,,,,,,,M,,,,,,,,,93XXXXX177,,Mohan Dubey,,,OWN-0302,,,,,,,,,,,,,,,,,,,,,,,VLG-021,,,
owner,OWN-0303,,,,,,,,,,,,,,,,,,,,,M,,,,,,,,,66XXXXX199,,Harish Patel,,,OWN-0303,,,,,,,,,,,,,,,,,,,,,,,VLG-020,,,
owner,OWN-0304,,,,,,,,,,,,,,,,,,,,,F,,,,,,,,,95XXXXX899,,Rani Rajput,,,OWN-0304,,,,,,,,,,,,,,,,,,,,,,,VLG-031,,,
owner,OWN-0305,,,,,,,,,,,,,,,,,,,,,F,,,,,,,,,91XXXXX488,,Durga Tiwari,,,OWN-0305,,,,,,,,,,,,,,,,,,,,,,,VLG-024,,,
owner,OWN-0306,,,,,,,,,,,,,,,,,,,,,F,,,,,,,,,77XXXXX331,,Sita Sharma,,,OWN-0306,,,,,,,,,,,,,,,,,,,,,,,VLG-026,,,
owner,OWN-0307,,,,,,,,,,,,,,,,,,,,,M,,,,,,,,,81XXXXX798,,Jagdish Rajput,,,OWN-0307,,,,,,,,,,,,,,,,,,,,,,,VLG-009,,,
owner,OWN-0308,,,,,,,,,,,,,,,,,,,,,M,,,,,,,,,68XXXXX922,,Ramesh Lodhi,,,OWN-0308,,,,,,,,,,,,,,,,,,,,,,,VLG-007,,,
owner,OWN-0309,,,,,,,,,,,,,,,,,,,,,M,,,,,,,,,88XXXXX654,,Vinod Bhatt,,,OWN-0309,,,,,,,,,,,,,,,,,,,,,,,VLG-029,,,
owner,OWN-0310,,,,,,,,,,,,,,,,,,,,,M,,,,,,,,,88XXXXX945,,Dinesh Mishra,,,OWN-0310,,,,,,,,,,,,,,,,,,,,,,,VLG-009,,,
owner,OWN-0311,,,,,,,,,,,,,,,,,,,,,F,,,,,,,,,81XXXXX684,,Sarita Thakur,,,OWN-0311,,,,,,,,,,,,,,,,,,,,,,,VLG-028,,,
owner,OWN-0312,,,,,,,,,,,,,,,,,,,,,M,,,,,,,,,66XXXXX244,,Gopal Yadav,,,OWN-0312,,,,,,,,,,,,,,,,,,,,,,,VLG-010,,,
owner,OWN-0313,,,,,,,,,,,,,,,,,,,,,M,,,,,,,,,78XXXXX838,,Kailash Ahirwar,,,OWN-0313,,,,,,,,,,,,,,,,,,,,,,,VLG-025,,,
owner,OWN-0314,,,,,,,,,,,,,,,,,,,,,M,,,,,,,,,66XXXXX043,,Gopal Ahirwar,,,OWN-0314,,,,,,,,,,,,,,,,,,,,,,,VLG-040,,,
owner,OWN-0315,,,,,,,,,,,,,,,,,,,,,M,,,,,,,,,89XXXXX721,,Pramod Gond,,,OWN-0315,,,,,,,,,,,,,,,,,,,,,,,VLG-012,,,
owner,OWN-0316,,,,,,,,,,,,,,,,,,,,,M,,,,,,,,,66XXXXX229,,Om Prakash Lodhi,,,OWN-0316,,,,,,,,,,,,,,,,,,,,,,,VLG-017,,,
owner,OWN-0317,,,,,,,,,,,,,,,,,,,,,M,,,,,,,,,70XXXXX479,,Prakash Pandey,,,OWN-0317,,,,,,,,,,,,,,,,,,,,,,,VLG-036,,,
owner,OWN-0318,,,,,,,,,,,,,,,,,,,,,M,,,,,,,,,72XXXXX886,,Mahesh Mehra,,,OWN-0318,,,,,,,,,,,,,,,,,,,,,,,VLG-006,,,
owner,OWN-0319,,,,,,,,,,,,,,,,,,,,,M,,,,,,,,,85XXXXX780,,Sanjay Rajput,,,OWN-0319,,,,,,,,,,,,,,,,,,,,,,,VLG-008,,,
owner,OWN-0320,,,,,,,,,,,,,,,,,,,,,F,,,,,,,,,79XXXXX164,,Usha Pandey,,,OWN-0320,,,,,,,,,,,,,,,,,,,,,,,VLG-035,,,
owner,OWN-0321,,,,,,,,,,,,,,,,,,,,,F,,,,,,,,,88XXXXX358,,Pushpa Patel,,,OWN-0321,,,,,,,,,,,,,,,,,,,,,,,VLG-006,,,
owner,OWN-0322,,,,,,,,,,,,,,,,,,,,,M,,,,,,,,,61XXXXX861,,Ashok Kushwaha,,,OWN-0322,,,,,,,,,,,,,,,,,,,,,,,VLG-010,,,
owner,OWN-0323,,,,,,,,,,,,,,,,,,,,,M,,,,,,,,,61XXXXX193,,Jagdish Mehra,,,OWN-0323,,,,,,,,,,,,,,,,,,,,,,,VLG-017,,,
owner,OWN-0324,,,,,,,,,,,,,,,,,,,,,M,,,,,,,,,96XXXXX091,,Mukesh Pandey,,,OWN-0324,,,,,,,,,,,,,,,,,,,,,,,VLG-038,,,
owner,OWN-0325,,,,,,,,,,,,,,,,,,,,,M,,,,,,,,,88XXXXX476,,Kailash Verma,,,OWN-0325,,,,,,,,,,,,,,,,,,,,,,,VLG-026,,,
owner,OWN-0326,,,,,,,,,,,,,,,,,,,,,F,,,,,,,,,78XXXXX245,,Sunita Saket,,,OWN-0326,,,,,,,,,,,,,,,,,,,,,,,VLG-001,,,
owner,OWN-0327,,,,,,,,,,,,,,,,,,,,,F,,,,,,,,,71XXXXX881,,Shobha Kushwaha,,,OWN-0327,,,,,,,,,,,,,,,,,,,,,,,VLG-020,,,
owner,OWN-0328,,,,,,,,,,,,,,,,,,,,,M,,,,,,,,,76XXXXX943,,Om Prakash Tiwari,,,OWN-0328,,,,,,,,,,,,,,,,,,,,,,,VLG-008,,,
owner,OWN-0329,,,,,,,,,,,,,,,,,,,,,M,,,,,,,,,68XXXXX413,,Vinod Rathore,,,OWN-0329,,,,,,,,,,,,,,,,,,,,,,,VLG-038,,,
owner,OWN-0330,,,,,,,,,,,,,,,,,,,,,M,,,,,,,,,73XXXXX577,,Prakash Tiwari,,,OWN-0330,,,,,,,,,,,,,,,,,,,,,,,VLG-022,,,
owner,OWN-0331,,,,,,,,,,,,,,,,,,,,,F,,,,,,,,,79XXXXX053,,Durga Ahirwar,,,OWN-0331,,,,,,,,,,,,,,,,,,,,,,,VLG-015,,,
owner,OWN-0332,,,,,,,,,,,,,,,,,,,,,F,,,,,,,,,85XXXXX547,,Seema Mishra,,,OWN-0332,,,,,,,,,,,,,,,,,,,,,,,VLG-036,,,
owner,OWN-0333,,,,,,,,,,,,,,,,,,,,,M,,,,,,,,,64XXXXX108,,Ashok Bhatt,,,OWN-0333,,,,,,,,,,,,,,,,,,,,,,,VLG-002,,,
owner,OWN-0334,,,,,,,,,,,,,,,,,,,,,F,,,,,,,,,70XXXXX256,,Kavita Dubey,,,OWN-0334,,,,,,,,,,,,,,,,,,,,,,,VLG-015,,,
owner,OWN-0335,,,,,,,,,,,,,,,,,,,,,F,,,,,,,,,77XXXXX803,,Seema Ahirwar,,,OWN-0335,,,,,,,,,,,,,,,,,,,,,,,VLG-040,,,
owner,OWN-0336,,,,,,,,,,,,,,,,,,,,,F,,,,,,,,,77XXXXX750,,Lakshmi Lodhi,,,OWN-0336,,,,,,,,,,,,,,,,,,,,,,,VLG-015,,,
owner,OWN-0337,,,,,,,,,,,,,,,,,,,,,M,,,,,,,,,85XXXXX677,,Sanjay Verma,,,OWN-0337,,,,,,,,,,,,,,,,,,,,,,,VLG-003,,,
owner,OWN-0338,,,,,,,,,,,,,,,,,,,,,M,,,,,,,,,68XXXXX266,,Rakesh Mehra,,,OWN-0338,,,,,,,,,,,,,,,,,,,,,,,VLG-024,,,
owner,OWN-0339,,,,,,,,,,,,,,,,,,,,,F,,,,,,,,,86XXXXX779,,Sarita Verma,,,OWN-0339,,,,,,,,,,,,,,,,,,,,,,,VLG-001,,,
owner,OWN-0340,,,,,,,,,,,,,,,,,,,,,F,,,,,,,,,92XXXXX222,,Mamta Chouhan,,,OWN-0340,,,,,,,,,,,,,,,,,,,,,,,VLG-024,,,
owner,OWN-0341,,,,,,,,,,,,,,,,,,,,,F,,,,,,,,,76XXXXX392,,Leela Yadav,,,OWN-0341,,,,,,,,,,,,,,,,,,,,,,,VLG-027,,,
owner,OWN-0342,,,,,,,,,,,,,,,,,,,,,M,,,,,,,,,79XXXXX920,,Sanjay Sharma,,,OWN-0342,,,,,,,,,,,,,,,,,,,,,,,VLG-011,,,
owner,OWN-0343,,,,,,,,,,,,,,,,,,,,,M,,,,,,,,,99XXXXX797,,Virendra Thakur,,,OWN-0343,,,,,,,,,,,,,,,,,,,,,,,VLG-031,,,
owner,OWN-0344,,,,,,,,,,,,,,,,,,,,,M,,,,,,,,,79XXXXX579,,Sanjay Mishra,,,OWN-0344,,,,,,,,,,,,,,,,,,,,,,,VLG-038,,,
owner,OWN-0345,,,,,,,,,,,,,,,,,,,,,M,,,,,,,,,92XXXXX629,,Sanjay Dubey,,,OWN-0345,,,,,,,,,,,,,,,,,,,,,,,VLG-007,,,
owner,OWN-0346,,,,,,,,,,,,,,,,,,,,,M,,,,,,,,,68XXXXX980,,Harish Bhatt,,,OWN-0346,,,,,,,,,,,,,,,,,,,,,,,VLG-028,,,
owner,OWN-0347,,,,,,,,,,,,,,,,,,,,,F,,,,,,,,,68XXXXX991,,Vimla Tiwari,,,OWN-0347,,,,,,,,,,,,,,,,,,,,,,,VLG-028,,,
owner,OWN-0348,,,,,,,,,,,,,,,,,,,,,M,,,,,,,,,71XXXXX300,,Anil Saket,,,OWN-0348,,,,,,,,,,,,,,,,,,,,,,,VLG-037,,,
owner,OWN-0349,,,,,,,,,,,,,,,,,,,,,F,,,,,,,,,66XXXXX269,,Sita Lodhi,,,OWN-0349,,,,,,,,,,,,,,,,,,,,,,,VLG-017,,,
owner,OWN-0350,,,,,,,,,,,,,,,,,,,,,M,,,,,,,,,99XXXXX688,,Bhagwan Kushwaha,,,OWN-0350,,,,,,,,,,,,,,,,,,,,,,,VLG-031,,,
owner,OWN-0351,,,,,,,,,,,,,,,,,,,,,M,,,,,,,,,94XXXXX137,,Ravindra Kushwaha,,,OWN-0351,,,,,,,,,,,,,,,,,,,,,,,VLG-011,,,
owner,OWN-0352,,,,,,,,,,,,,,,,,,,,,M,,,,,,,,,95XXXXX012,,Vijay Lodhi,,,OWN-0352,,,,,,,,,,,,,,,,,,,,,,,VLG-031,,,
owner,OWN-0353,,,,,,,,,,,,,,,,,,,,,F,,,,,,,,,64XXXXX669,,Vimla Verma,,,OWN-0353,,,,,,,,,,,,,,,,,,,,,,,VLG-034,,,
owner,OWN-0354,,,,,,,,,,,,,,,,,,,,,M,,,,,,,,,62XXXXX430,,Kailash Bhatt,,,OWN-0354,,,,,,,,,,,,,,,,,,,,,,,VLG-039,,,
owner,OWN-0355,,,,,,,,,,,,,,,,,,,,,F,,,,,,,,,70XXXXX465,,Pooja Gond,,,OWN-0355,,,,,,,,,,,,,,,,,,,,,,,VLG-026,,,
owner,OWN-0356,,,,,,,,,,,,,,,,,,,,,M,,,,,,,,,61XXXXX554,,Shyam Rajput,,,OWN-0356,,,,,,,,,,,,,,,,,,,,,,,VLG-015,,,
owner,OWN-0357,,,,,,,,,,,,,,,,,,,,,F,,,,,,,,,99XXXXX181,,Savita Pandey,,,OWN-0357,,,,,,,,,,,,,,,,,,,,,,,VLG-033,,,
owner,OWN-0358,,,,,,,,,,,,,,,,,,,,,M,,,,,,,,,88XXXXX735,,Prakash Yadav,,,OWN-0358,,,,,,,,,,,,,,,,,,,,,,,VLG-030,,,
owner,OWN-0359,,,,,,,,,,,,,,,,,,,,,F,,,,,,,,,67XXXXX356,,Anita Rathore,,,OWN-0359,,,,,,,,,,,,,,,,,,,,,,,VLG-023,,,
owner,OWN-0360,,,,,,,,,,,,,,,,,,,,,F,,,,,,,,,83XXXXX827,,Rani Patel,,,OWN-0360,,,,,,,,,,,,,,,,,,,,,,,VLG-021,,,
owner,OWN-0361,,,,,,,,,,,,,,,,,,,,,M,,,,,,,,,82XXXXX433,,Vijay Rathore,,,OWN-0361,,,,,,,,,,,,,,,,,,,,,,,VLG-013,,,
owner,OWN-0362,,,,,,,,,,,,,,,,,,,,,M,,,,,,,,,82XXXXX080,,Pramod Bhatt,,,OWN-0362,,,,,,,,,,,,,,,,,,,,,,,VLG-031,,,
owner,OWN-0363,,,,,,,,,,,,,,,,,,,,,M,,,,,,,,,99XXXXX639,,Deepak Mehra,,,OWN-0363,,,,,,,,,,,,,,,,,,,,,,,VLG-009,,,
owner,OWN-0364,,,,,,,,,,,,,,,,,,,,,M,,,,,,,,,98XXXXX718,,Gopal Mishra,,,OWN-0364,,,,,,,,,,,,,,,,,,,,,,,VLG-030,,,
owner,OWN-0365,,,,,,,,,,,,,,,,,,,,,M,,,,,,,,,63XXXXX942,,Kailash Patel,,,OWN-0365,,,,,,,,,,,,,,,,,,,,,,,VLG-036,,,
owner,OWN-0366,,,,,,,,,,,,,,,,,,,,,M,,,,,,,,,99XXXXX365,,Sanjay Korku,,,OWN-0366,,,,,,,,,,,,,,,,,,,,,,,VLG-024,,,
owner,OWN-0367,,,,,,,,,,,,,,,,,,,,,M,,,,,,,,,79XXXXX386,,Anil Pandey,,,OWN-0367,,,,,,,,,,,,,,,,,,,,,,,VLG-025,,,
owner,OWN-0368,,,,,,,,,,,,,,,,,,,,,M,,,,,,,,,90XXXXX857,,Dinesh Chouhan,,,OWN-0368,,,,,,,,,,,,,,,,,,,,,,,VLG-020,,,
owner,OWN-0369,,,,,,,,,,,,,,,,,,,,,M,,,,,,,,,66XXXXX717,,Mohan Rathore,,,OWN-0369,,,,,,,,,,,,,,,,,,,,,,,VLG-022,,,
owner,OWN-0370,,,,,,,,,,,,,,,,,,,,,M,,,,,,,,,85XXXXX399,,Ravindra Tiwari,,,OWN-0370,,,,,,,,,,,,,,,,,,,,,,,VLG-035,,,
owner,OWN-0371,,,,,,,,,,,,,,,,,,,,,M,,,,,,,,,85XXXXX947,,Hariom Ahirwar,,,OWN-0371,,,,,,,,,,,,,,,,,,,,,,,VLG-010,,,
owner,OWN-0372,,,,,,,,,,,,,,,,,,,,,M,,,,,,,,,99XXXXX535,,Rakesh Mehra,,,OWN-0372,,,,,,,,,,,,,,,,,,,,,,,VLG-021,,,
owner,OWN-0373,,,,,,,,,,,,,,,,,,,,,F,,,,,,,,,94XXXXX622,,Pushpa Korku,,,OWN-0373,,,,,,,,,,,,,,,,,,,,,,,VLG-002,,,
owner,OWN-0374,,,,,,,,,,,,,,,,,,,,,M,,,,,,,,,81XXXXX178,,Om Prakash Gond,,,OWN-0374,,,,,,,,,,,,,,,,,,,,,,,VLG-004,,,
owner,OWN-0375,,,,,,,,,,,,,,,,,,,,,M,,,,,,,,,61XXXXX433,,Hariom Dubey,,,OWN-0375,,,,,,,,,,,,,,,,,,,,,,,VLG-019,,,
owner,OWN-0376,,,,,,,,,,,,,,,,,,,,,M,,,,,,,,,78XXXXX778,,Rakesh Chouhan,,,OWN-0376,,,,,,,,,,,,,,,,,,,,,,,VLG-018,,,
owner,OWN-0377,,,,,,,,,,,,,,,,,,,,,F,,,,,,,,,79XXXXX845,,Anita Chouhan,,,OWN-0377,,,,,,,,,,,,,,,,,,,,,,,VLG-031,,,
owner,OWN-0378,,,,,,,,,,,,,,,,,,,,,F,,,,,,,,,94XXXXX008,,Rekha Verma,,,OWN-0378,,,,,,,,,,,,,,,,,,,,,,,VLG-009,,,
owner,OWN-0379,,,,,,,,,,,,,,,,,,,,,M,,,,,,,,,67XXXXX930,,Sunil Saket,,,OWN-0379,,,,,,,,,,,,,,,,,,,,,,,VLG-036,,,
owner,OWN-0380,,,,,,,,,,,,,,,,,,,,,M,,,,,,,,,96XXXXX416,,Vijay Mishra,,,OWN-0380,,,,,,,,,,,,,,,,,,,,,,,VLG-016,,,
owner,OWN-0381,,,,,,,,,,,,,,,,,,,,,F,,,,,,,,,84XXXXX224,,Asha Bhatt,,,OWN-0381,,,,,,,,,,,,,,,,,,,,,,,VLG-008,,,
owner,OWN-0382,,,,,,,,,,,,,,,,,,,,,F,,,,,,,,,94XXXXX208,,Anita Bhatt,,,OWN-0382,,,,,,,,,,,,,,,,,,,,,,,VLG-002,,,
owner,OWN-0383,,,,,,,,,,,,,,,,,,,,,M,,,,,,,,,82XXXXX073,,Rajesh Ahirwar,,,OWN-0383,,,,,,,,,,,,,,,,,,,,,,,VLG-022,,,
owner,OWN-0384,,,,,,,,,,,,,,,,,,,,,M,,,,,,,,,87XXXXX461,,Sunil Saket,,,OWN-0384,,,,,,,,,,,,,,,,,,,,,,,VLG-035,,,
owner,OWN-0385,,,,,,,,,,,,,,,,,,,,,M,,,,,,,,,86XXXXX303,,Ashok Rajput,,,OWN-0385,,,,,,,,,,,,,,,,,,,,,,,VLG-030,,,
owner,OWN-0386,,,,,,,,,,,,,,,,,,,,,F,,,,,,,,,77XXXXX881,,Asha Yadav,,,OWN-0386,,,,,,,,,,,,,,,,,,,,,,,VLG-017,,,
owner,OWN-0387,,,,,,,,,,,,,,,,,,,,,M,,,,,,,,,75XXXXX502,,Rakesh Ahirwar,,,OWN-0387,,,,,,,,,,,,,,,,,,,,,,,VLG-018,,,
owner,OWN-0388,,,,,,,,,,,,,,,,,,,,,F,,,,,,,,,70XXXXX513,,Sita Dubey,,,OWN-0388,,,,,,,,,,,,,,,,,,,,,,,VLG-011,,,
owner,OWN-0389,,,,,,,,,,,,,,,,,,,,,M,,,,,,,,,80XXXXX273,,Mahesh Bhatt,,,OWN-0389,,,,,,,,,,,,,,,,,,,,,,,VLG-021,,,
owner,OWN-0390,,,,,,,,,,,,,,,,,,,,,F,,,,,,,,,93XXXXX077,,Shakuntala Tiwari,,,OWN-0390,,,,,,,,,,,,,,,,,,,,,,,VLG-036,,,
owner,OWN-0391,,,,,,,,,,,,,,,,,,,,,M,,,,,,,,,79XXXXX498,,Mohan Saket,,,OWN-0391,,,,,,,,,,,,,,,,,,,,,,,VLG-011,,,
owner,OWN-0392,,,,,,,,,,,,,,,,,,,,,M,,,,,,,,,94XXXXX862,,Gopal Chouhan,,,OWN-0392,,,,,,,,,,,,,,,,,,,,,,,VLG-002,,,
owner,OWN-0393,,,,,,,,,,,,,,,,,,,,,F,,,,,,,,,75XXXXX782,,Shobha Tiwari,,,OWN-0393,,,,,,,,,,,,,,,,,,,,,,,VLG-040,,,
owner,OWN-0394,,,,,,,,,,,,,,,,,,,,,M,,,,,,,,,81XXXXX203,,Prakash Mishra,,,OWN-0394,,,,,,,,,,,,,,,,,,,,,,,VLG-007,,,
owner,OWN-0395,,,,,,,,,,,,,,,,,,,,,M,,,,,,,,,69XXXXX405,,Vijay Yadav,,,OWN-0395,,,,,,,,,,,,,,,,,,,,,,,VLG-015,,,
owner,OWN-0396,,,,,,,,,,,,,,,,,,,,,F,,,,,,,,,63XXXXX865,,Leela Verma,,,OWN-0396,,,,,,,,,,,,,,,,,,,,,,,VLG-004,,,
owner,OWN-0397,,,,,,,,,,,,,,,,,,,,,F,,,,,,,,,61XXXXX138,,Meena Lodhi,,,OWN-0397,,,,,,,,,,,,,,,,,,,,,,,VLG-025,,,
owner,OWN-0398,,,,,,,,,,,,,,,,,,,,,M,,,,,,,,,79XXXXX957,,Vijay Lodhi,,,OWN-0398,,,,,,,,,,,,,,,,,,,,,,,VLG-028,,,
owner,OWN-0399,,,,,,,,,,,,,,,,,,,,,M,,,,,,,,,98XXXXX558,,Ashok Thakur,,,OWN-0399,,,,,,,,,,,,,,,,,,,,,,,VLG-021,,,
owner,OWN-0400,,,,,,,,,,,,,,,,,,,,,M,,,,,,,,,89XXXXX845,,Naresh Mishra,,,OWN-0400,,,,,,,,,,,,,,,,,,,,,,,VLG-029,,,
owner,OWN-0401,,,,,,,,,,,,,,,,,,,,,M,,,,,,,,,64XXXXX043,,Mukesh Patel,,,OWN-0401,,,,,,,,,,,,,,,,,,,,,,,VLG-014,,,
owner,OWN-0402,,,,,,,,,,,,,,,,,,,,,M,,,,,,,,,71XXXXX459,,Ramesh Korku,,,OWN-0402,,,,,,,,,,,,,,,,,,,,,,,VLG-016,,,
owner,OWN-0403,,,,,,,,,,,,,,,,,,,,,M,,,,,,,,,69XXXXX727,,Anil Ahirwar,,,OWN-0403,,,,,,,,,,,,,,,,,,,,,,,VLG-037,,,
owner,OWN-0404,,,,,,,,,,,,,,,,,,,,,M,,,,,,,,,69XXXXX661,,Deepak Ahirwar,,,OWN-0404,,,,,,,,,,,,,,,,,,,,,,,VLG-015,,,
owner,OWN-0405,,,,,,,,,,,,,,,,,,,,,F,,,,,,,,,66XXXXX892,,Sarita Bhatt,,,OWN-0405,,,,,,,,,,,,,,,,,,,,,,,VLG-021,,,
owner,OWN-0406,,,,,,,,,,,,,,,,,,,,,F,,,,,,,,,70XXXXX136,,Leela Gond,,,OWN-0406,,,,,,,,,,,,,,,,,,,,,,,VLG-019,,,
owner,OWN-0407,,,,,,,,,,,,,,,,,,,,,M,,,,,,,,,81XXXXX416,,Dinesh Chouhan,,,OWN-0407,,,,,,,,,,,,,,,,,,,,,,,VLG-033,,,
owner,OWN-0408,,,,,,,,,,,,,,,,,,,,,M,,,,,,,,,77XXXXX389,,Hariom Chouhan,,,OWN-0408,,,,,,,,,,,,,,,,,,,,,,,VLG-034,,,
owner,OWN-0409,,,,,,,,,,,,,,,,,,,,,M,,,,,,,,,86XXXXX655,,Sanjay Verma,,,OWN-0409,,,,,,,,,,,,,,,,,,,,,,,VLG-013,,,
owner,OWN-0410,,,,,,,,,,,,,,,,,,,,,M,,,,,,,,,64XXXXX270,,Ravindra Bhatt,,,OWN-0410,,,,,,,,,,,,,,,,,,,,,,,VLG-015,,,
owner,OWN-0411,,,,,,,,,,,,,,,,,,,,,M,,,,,,,,,71XXXXX405,,Vinod Tiwari,,,OWN-0411,,,,,,,,,,,,,,,,,,,,,,,VLG-008,,,
owner,OWN-0412,,,,,,,,,,,,,,,,,,,,,M,,,,,,,,,65XXXXX848,,Jagdish Saket,,,OWN-0412,,,,,,,,,,,,,,,,,,,,,,,VLG-031,,,
owner,OWN-0413,,,,,,,,,,,,,,,,,,,,,F,,,,,,,,,66XXXXX043,,Seema Chouhan,,,OWN-0413,,,,,,,,,,,,,,,,,,,,,,,VLG-040,,,
owner,OWN-0414,,,,,,,,,,,,,,,,,,,,,M,,,,,,,,,61XXXXX463,,Suresh Pandey,,,OWN-0414,,,,,,,,,,,,,,,,,,,,,,,VLG-025,,,
owner,OWN-0415,,,,,,,,,,,,,,,,,,,,,F,,,,,,,,,87XXXXX878,,Leela Yadav,,,OWN-0415,,,,,,,,,,,,,,,,,,,,,,,VLG-002,,,
owner,OWN-0416,,,,,,,,,,,,,,,,,,,,,M,,,,,,,,,85XXXXX554,,Sanjay Lodhi,,,OWN-0416,,,,,,,,,,,,,,,,,,,,,,,VLG-016,,,
owner,OWN-0417,,,,,,,,,,,,,,,,,,,,,F,,,,,,,,,86XXXXX562,,Meena Sharma,,,OWN-0417,,,,,,,,,,,,,,,,,,,,,,,VLG-006,,,
owner,OWN-0418,,,,,,,,,,,,,,,,,,,,,F,,,,,,,,,76XXXXX957,,Shanti Lodhi,,,OWN-0418,,,,,,,,,,,,,,,,,,,,,,,VLG-035,,,
owner,OWN-0419,,,,,,,,,,,,,,,,,,,,,M,,,,,,,,,72XXXXX925,,Vijay Chouhan,,,OWN-0419,,,,,,,,,,,,,,,,,,,,,,,VLG-005,,,
owner,OWN-0420,,,,,,,,,,,,,,,,,,,,,F,,,,,,,,,75XXXXX474,,Rani Yadav,,,OWN-0420,,,,,,,,,,,,,,,,,,,,,,,VLG-010,,,
owner,OWN-0421,,,,,,,,,,,,,,,,,,,,,M,,,,,,,,,70XXXXX939,,Rajesh Chouhan,,,OWN-0421,,,,,,,,,,,,,,,,,,,,,,,VLG-015,,,
owner,OWN-0422,,,,,,,,,,,,,,,,,,,,,M,,,,,,,,,81XXXXX526,,Vinod Patel,,,OWN-0422,,,,,,,,,,,,,,,,,,,,,,,VLG-032,,,
owner,OWN-0423,,,,,,,,,,,,,,,,,,,,,M,,,,,,,,,73XXXXX333,,Dinesh Thakur,,,OWN-0423,,,,,,,,,,,,,,,,,,,,,,,VLG-005,,,
owner,OWN-0424,,,,,,,,,,,,,,,,,,,,,M,,,,,,,,,95XXXXX965,,Virendra Pandey,,,OWN-0424,,,,,,,,,,,,,,,,,,,,,,,VLG-026,,,
owner,OWN-0425,,,,,,,,,,,,,,,,,,,,,F,,,,,,,,,68XXXXX886,,Seema Rathore,,,OWN-0425,,,,,,,,,,,,,,,,,,,,,,,VLG-003,,,
owner,OWN-0426,,,,,,,,,,,,,,,,,,,,,F,,,,,,,,,63XXXXX726,,Shanti Lodhi,,,OWN-0426,,,,,,,,,,,,,,,,,,,,,,,VLG-019,,,
owner,OWN-0427,,,,,,,,,,,,,,,,,,,,,F,,,,,,,,,77XXXXX982,,Indira Sharma,,,OWN-0427,,,,,,,,,,,,,,,,,,,,,,,VLG-026,,,
owner,OWN-0428,,,,,,,,,,,,,,,,,,,,,M,,,,,,,,,62XXXXX452,,Prakash Pandey,,,OWN-0428,,,,,,,,,,,,,,,,,,,,,,,VLG-008,,,
owner,OWN-0429,,,,,,,,,,,,,,,,,,,,,M,,,,,,,,,81XXXXX686,,Rajesh Pandey,,,OWN-0429,,,,,,,,,,,,,,,,,,,,,,,VLG-003,,,
owner,OWN-0430,,,,,,,,,,,,,,,,,,,,,M,,,,,,,,,72XXXXX474,,Virendra Mehra,,,OWN-0430,,,,,,,,,,,,,,,,,,,,,,,VLG-012,,,
owner,OWN-0431,,,,,,,,,,,,,,,,,,,,,M,,,,,,,,,70XXXXX780,,Jitendra Chouhan,,,OWN-0431,,,,,,,,,,,,,,,,,,,,,,,VLG-039,,,
owner,OWN-0432,,,,,,,,,,,,,,,,,,,,,M,,,,,,,,,97XXXXX038,,Sanjay Rajput,,,OWN-0432,,,,,,,,,,,,,,,,,,,,,,,VLG-018,,,
owner,OWN-0433,,,,,,,,,,,,,,,,,,,,,F,,,,,,,,,70XXXXX209,,Sarita Kushwaha,,,OWN-0433,,,,,,,,,,,,,,,,,,,,,,,VLG-039,,,
owner,OWN-0434,,,,,,,,,,,,,,,,,,,,,M,,,,,,,,,61XXXXX998,,Prakash Verma,,,OWN-0434,,,,,,,,,,,,,,,,,,,,,,,VLG-012,,,
owner,OWN-0435,,,,,,,,,,,,,,,,,,,,,M,,,,,,,,,80XXXXX168,,Om Prakash Rathore,,,OWN-0435,,,,,,,,,,,,,,,,,,,,,,,VLG-005,,,
owner,OWN-0436,,,,,,,,,,,,,,,,,,,,,M,,,,,,,,,64XXXXX390,,Harish Chouhan,,,OWN-0436,,,,,,,,,,,,,,,,,,,,,,,VLG-007,,,
owner,OWN-0437,,,,,,,,,,,,,,,,,,,,,F,,,,,,,,,67XXXXX489,,Seema Lodhi,,,OWN-0437,,,,,,,,,,,,,,,,,,,,,,,VLG-040,,,
owner,OWN-0438,,,,,,,,,,,,,,,,,,,,,M,,,,,,,,,98XXXXX430,,Virendra Chouhan,,,OWN-0438,,,,,,,,,,,,,,,,,,,,,,,VLG-008,,,
owner,OWN-0439,,,,,,,,,,,,,,,,,,,,,M,,,,,,,,,79XXXXX830,,Jagdish Yadav,,,OWN-0439,,,,,,,,,,,,,,,,,,,,,,,VLG-013,,,
owner,OWN-0440,,,,,,,,,,,,,,,,,,,,,F,,,,,,,,,64XXXXX155,,Pushpa Korku,,,OWN-0440,,,,,,,,,,,,,,,,,,,,,,,VLG-026,,,
owner,OWN-0441,,,,,,,,,,,,,,,,,,,,,F,,,,,,,,,62XXXXX027,,Kavita Bhatt,,,OWN-0441,,,,,,,,,,,,,,,,,,,,,,,VLG-010,,,
owner,OWN-0442,,,,,,,,,,,,,,,,,,,,,F,,,,,,,,,87XXXXX588,,Anita Kushwaha,,,OWN-0442,,,,,,,,,,,,,,,,,,,,,,,VLG-002,,,
owner,OWN-0443,,,,,,,,,,,,,,,,,,,,,M,,,,,,,,,81XXXXX829,,Shyam Mehra,,,OWN-0443,,,,,,,,,,,,,,,,,,,,,,,VLG-039,,,
owner,OWN-0444,,,,,,,,,,,,,,,,,,,,,M,,,,,,,,,64XXXXX735,,Ashok Bhatt,,,OWN-0444,,,,,,,,,,,,,,,,,,,,,,,VLG-029,,,
owner,OWN-0445,,,,,,,,,,,,,,,,,,,,,M,,,,,,,,,82XXXXX780,,Vijay Lodhi,,,OWN-0445,,,,,,,,,,,,,,,,,,,,,,,VLG-031,,,
owner,OWN-0446,,,,,,,,,,,,,,,,,,,,,F,,,,,,,,,87XXXXX823,,Radha Rajput,,,OWN-0446,,,,,,,,,,,,,,,,,,,,,,,VLG-003,,,
owner,OWN-0447,,,,,,,,,,,,,,,,,,,,,M,,,,,,,,,60XXXXX701,,Mukesh Lodhi,,,OWN-0447,,,,,,,,,,,,,,,,,,,,,,,VLG-034,,,
owner,OWN-0448,,,,,,,,,,,,,,,,,,,,,F,,,,,,,,,69XXXXX448,,Seema Ahirwar,,,OWN-0448,,,,,,,,,,,,,,,,,,,,,,,VLG-021,,,
owner,OWN-0449,,,,,,,,,,,,,,,,,,,,,M,,,,,,,,,82XXXXX881,,Vinod Yadav,,,OWN-0449,,,,,,,,,,,,,,,,,,,,,,,VLG-014,,,
owner,OWN-0450,,,,,,,,,,,,,,,,,,,,,F,,,,,,,,,84XXXXX149,,Usha Kushwaha,,,OWN-0450,,,,,,,,,,,,,,,,,,,,,,,VLG-022,,,
owner,OWN-0451,,,,,,,,,,,,,,,,,,,,,F,,,,,,,,,70XXXXX166,,Anita Sharma,,,OWN-0451,,,,,,,,,,,,,,,,,,,,,,,VLG-012,,,
owner,OWN-0452,,,,,,,,,,,,,,,,,,,,,F,,,,,,,,,99XXXXX179,,Manju Rathore,,,OWN-0452,,,,,,,,,,,,,,,,,,,,,,,VLG-009,,,
owner,OWN-0453,,,,,,,,,,,,,,,,,,,,,M,,,,,,,,,67XXXXX294,,Pramod Pandey,,,OWN-0453,,,,,,,,,,,,,,,,,,,,,,,VLG-024,,,
owner,OWN-0454,,,,,,,,,,,,,,,,,,,,,M,,,,,,,,,87XXXXX577,,Ashok Mehra,,,OWN-0454,,,,,,,,,,,,,,,,,,,,,,,VLG-011,,,
owner,OWN-0455,,,,,,,,,,,,,,,,,,,,,M,,,,,,,,,78XXXXX148,,Hariom Tiwari,,,OWN-0455,,,,,,,,,,,,,,,,,,,,,,,VLG-030,,,
owner,OWN-0456,,,,,,,,,,,,,,,,,,,,,M,,,,,,,,,79XXXXX153,,Shyam Mishra,,,OWN-0456,,,,,,,,,,,,,,,,,,,,,,,VLG-038,,,
owner,OWN-0457,,,,,,,,,,,,,,,,,,,,,M,,,,,,,,,88XXXXX199,,Santosh Mishra,,,OWN-0457,,,,,,,,,,,,,,,,,,,,,,,VLG-030,,,
owner,OWN-0458,,,,,,,,,,,,,,,,,,,,,M,,,,,,,,,92XXXXX965,,Mohan Yadav,,,OWN-0458,,,,,,,,,,,,,,,,,,,,,,,VLG-032,,,
owner,OWN-0459,,,,,,,,,,,,,,,,,,,,,F,,,,,,,,,63XXXXX784,,Durga Sharma,,,OWN-0459,,,,,,,,,,,,,,,,,,,,,,,VLG-025,,,
owner,OWN-0460,,,,,,,,,,,,,,,,,,,,,F,,,,,,,,,73XXXXX519,,Kavita Pandey,,,OWN-0460,,,,,,,,,,,,,,,,,,,,,,,VLG-001,,,
owner,OWN-0461,,,,,,,,,,,,,,,,,,,,,F,,,,,,,,,74XXXXX851,,Pooja Dubey,,,OWN-0461,,,,,,,,,,,,,,,,,,,,,,,VLG-019,,,
owner,OWN-0462,,,,,,,,,,,,,,,,,,,,,M,,,,,,,,,95XXXXX327,,Sanjay Mishra,,,OWN-0462,,,,,,,,,,,,,,,,,,,,,,,VLG-009,,,
owner,OWN-0463,,,,,,,,,,,,,,,,,,,,,M,,,,,,,,,86XXXXX102,,Mohan Dubey,,,OWN-0463,,,,,,,,,,,,,,,,,,,,,,,VLG-032,,,
owner,OWN-0464,,,,,,,,,,,,,,,,,,,,,F,,,,,,,,,62XXXXX278,,Vimla Chouhan,,,OWN-0464,,,,,,,,,,,,,,,,,,,,,,,VLG-028,,,
owner,OWN-0465,,,,,,,,,,,,,,,,,,,,,F,,,,,,,,,95XXXXX973,,Kamla Bai Pandey,,,OWN-0465,,,,,,,,,,,,,,,,,,,,,,,VLG-033,,,
owner,OWN-0466,,,,,,,,,,,,,,,,,,,,,M,,,,,,,,,80XXXXX971,,Naresh Kushwaha,,,OWN-0466,,,,,,,,,,,,,,,,,,,,,,,VLG-010,,,
owner,OWN-0467,,,,,,,,,,,,,,,,,,,,,F,,,,,,,,,87XXXXX371,,Seema Lodhi,,,OWN-0467,,,,,,,,,,,,,,,,,,,,,,,VLG-035,,,
owner,OWN-0468,,,,,,,,,,,,,,,,,,,,,F,,,,,,,,,65XXXXX795,,Pushpa Bhatt,,,OWN-0468,,,,,,,,,,,,,,,,,,,,,,,VLG-027,,,
owner,OWN-0469,,,,,,,,,,,,,,,,,,,,,M,,,,,,,,,82XXXXX079,,Santosh Ahirwar,,,OWN-0469,,,,,,,,,,,,,,,,,,,,,,,VLG-011,,,
owner,OWN-0470,,,,,,,,,,,,,,,,,,,,,F,,,,,,,,,64XXXXX442,,Kamla Ahirwar,,,OWN-0470,,,,,,,,,,,,,,,,,,,,,,,VLG-040,,,
owner,OWN-0471,,,,,,,,,,,,,,,,,,,,,M,,,,,,,,,61XXXXX524,,Anil Korku,,,OWN-0471,,,,,,,,,,,,,,,,,,,,,,,VLG-016,,,
owner,OWN-0472,,,,,,,,,,,,,,,,,,,,,M,,,,,,,,,65XXXXX663,,Ashok Lodhi,,,OWN-0472,,,,,,,,,,,,,,,,,,,,,,,VLG-029,,,
owner,OWN-0473,,,,,,,,,,,,,,,,,,,,,F,,,,,,,,,79XXXXX276,,Sarita Thakur,,,OWN-0473,,,,,,,,,,,,,,,,,,,,,,,VLG-031,,,
owner,OWN-0474,,,,,,,,,,,,,,,,,,,,,M,,,,,,,,,76XXXXX604,,Harish Kushwaha,,,OWN-0474,,,,,,,,,,,,,,,,,,,,,,,VLG-029,,,
owner,OWN-0475,,,,,,,,,,,,,,,,,,,,,M,,,,,,,,,61XXXXX544,,Vinod Mehra,,,OWN-0475,,,,,,,,,,,,,,,,,,,,,,,VLG-007,,,
owner,OWN-0476,,,,,,,,,,,,,,,,,,,,,M,,,,,,,,,97XXXXX258,,Rakesh Rathore,,,OWN-0476,,,,,,,,,,,,,,,,,,,,,,,VLG-001,,,
owner,OWN-0477,,,,,,,,,,,,,,,,,,,,,F,,,,,,,,,66XXXXX344,,Sunita Verma,,,OWN-0477,,,,,,,,,,,,,,,,,,,,,,,VLG-013,,,
owner,OWN-0478,,,,,,,,,,,,,,,,,,,,,M,,,,,,,,,60XXXXX192,,Ramesh Bhatt,,,OWN-0478,,,,,,,,,,,,,,,,,,,,,,,VLG-025,,,
owner,OWN-0479,,,,,,,,,,,,,,,,,,,,,F,,,,,,,,,71XXXXX746,,Asha Rathore,,,OWN-0479,,,,,,,,,,,,,,,,,,,,,,,VLG-021,,,
owner,OWN-0480,,,,,,,,,,,,,,,,,,,,,M,,,,,,,,,80XXXXX427,,Ashok Verma,,,OWN-0480,,,,,,,,,,,,,,,,,,,,,,,VLG-005,,,
owner,OWN-0481,,,,,,,,,,,,,,,,,,,,,M,,,,,,,,,92XXXXX391,,Virendra Rajput,,,OWN-0481,,,,,,,,,,,,,,,,,,,,,,,VLG-029,,,
owner,OWN-0482,,,,,,,,,,,,,,,,,,,,,F,,,,,,,,,61XXXXX720,,Meena Yadav,,,OWN-0482,,,,,,,,,,,,,,,,,,,,,,,VLG-003,,,
owner,OWN-0483,,,,,,,,,,,,,,,,,,,,,F,,,,,,,,,75XXXXX766,,Shanti Korku,,,OWN-0483,,,,,,,,,,,,,,,,,,,,,,,VLG-005,,,
owner,OWN-0484,,,,,,,,,,,,,,,,,,,,,F,,,,,,,,,97XXXXX460,,Rekha Patel,,,OWN-0484,,,,,,,,,,,,,,,,,,,,,,,VLG-006,,,
owner,OWN-0485,,,,,,,,,,,,,,,,,,,,,M,,,,,,,,,67XXXXX634,,Mohan Mehra,,,OWN-0485,,,,,,,,,,,,,,,,,,,,,,,VLG-025,,,
owner,OWN-0486,,,,,,,,,,,,,,,,,,,,,M,,,,,,,,,91XXXXX093,,Rakesh Tiwari,,,OWN-0486,,,,,,,,,,,,,,,,,,,,,,,VLG-032,,,
owner,OWN-0487,,,,,,,,,,,,,,,,,,,,,M,,,,,,,,,87XXXXX050,,Mahesh Kushwaha,,,OWN-0487,,,,,,,,,,,,,,,,,,,,,,,VLG-026,,,
owner,OWN-0488,,,,,,,,,,,,,,,,,,,,,M,,,,,,,,,98XXXXX270,,Vijay Lodhi,,,OWN-0488,,,,,,,,,,,,,,,,,,,,,,,VLG-031,,,
owner,OWN-0489,,,,,,,,,,,,,,,,,,,,,F,,,,,,,,,70XXXXX929,,Kamla Gond,,,OWN-0489,,,,,,,,,,,,,,,,,,,,,,,VLG-005,,,
owner,OWN-0490,,,,,,,,,,,,,,,,,,,,,M,,,,,,,,,71XXXXX198,,Rajesh Saket,,,OWN-0490,,,,,,,,,,,,,,,,,,,,,,,VLG-009,,,
owner,OWN-0491,,,,,,,,,,,,,,,,,,,,,M,,,,,,,,,69XXXXX262,,Pramod Rajput,,,OWN-0491,,,,,,,,,,,,,,,,,,,,,,,VLG-024,,,
owner,OWN-0492,,,,,,,,,,,,,,,,,,,,,F,,,,,,,,,79XXXXX207,,Lakshmi Pandey,,,OWN-0492,,,,,,,,,,,,,,,,,,,,,,,VLG-006,,,
owner,OWN-0493,,,,,,,,,,,,,,,,,,,,,M,,,,,,,,,69XXXXX248,,Ramesh Thakur,,,OWN-0493,,,,,,,,,,,,,,,,,,,,,,,VLG-029,,,
owner,OWN-0494,,,,,,,,,,,,,,,,,,,,,M,,,,,,,,,69XXXXX560,,Sanjay Thakur,,,OWN-0494,,,,,,,,,,,,,,,,,,,,,,,VLG-036,,,
owner,OWN-0495,,,,,,,,,,,,,,,,,,,,,M,,,,,,,,,69XXXXX340,,Vijay Yadav,,,OWN-0495,,,,,,,,,,,,,,,,,,,,,,,VLG-013,,,
owner,OWN-0496,,,,,,,,,,,,,,,,,,,,,M,,,,,,,,,97XXXXX436,,Santosh Chouhan,,,OWN-0496,,,,,,,,,,,,,,,,,,,,,,,VLG-017,,,
owner,OWN-0497,,,,,,,,,,,,,,,,,,,,,M,,,,,,,,,61XXXXX781,,Deepak Pandey,,,OWN-0497,,,,,,,,,,,,,,,,,,,,,,,VLG-005,,,
owner,OWN-0498,,,,,,,,,,,,,,,,,,,,,M,,,,,,,,,86XXXXX313,,Om Prakash Pandey,,,OWN-0498,,,,,,,,,,,,,,,,,,,,,,,VLG-027,,,
owner,OWN-0499,,,,,,,,,,,,,,,,,,,,,M,,,,,,,,,67XXXXX397,,Mukesh Gond,,,OWN-0499,,,,,,,,,,,,,,,,,,,,,,,VLG-012,,,
owner,OWN-0500,,,,,,,,,,,,,,,,,,,,,M,,,,,,,,,93XXXXX090,,Ravindra Chouhan,,,OWN-0500,,,,,,,,,,,,,,,,,,,,,,,VLG-018,,,
owner,OWN-0501,,,,,,,,,,,,,,,,,,,,,M,,,,,,,,,96XXXXX292,,Rajesh Pandey,,,OWN-0501,,,,,,,,,,,,,,,,,,,,,,,VLG-037,,,
owner,OWN-0502,,,,,,,,,,,,,,,,,,,,,F,,,,,,,,,66XXXXX740,,Shobha Gond,,,OWN-0502,,,,,,,,,,,,,,,,,,,,,,,VLG-028,,,
owner,OWN-0503,,,,,,,,,,,,,,,,,,,,,F,,,,,,,,,75XXXXX906,,Shobha Gond,,,OWN-0503,,,,,,,,,,,,,,,,,,,,,,,VLG-003,,,
owner,OWN-0504,,,,,,,,,,,,,,,,,,,,,M,,,,,,,,,66XXXXX731,,Harish Lodhi,,,OWN-0504,,,,,,,,,,,,,,,,,,,,,,,VLG-036,,,
owner,OWN-0505,,,,,,,,,,,,,,,,,,,,,M,,,,,,,,,72XXXXX742,,Kailash Mishra,,,OWN-0505,,,,,,,,,,,,,,,,,,,,,,,VLG-030,,,
owner,OWN-0506,,,,,,,,,,,,,,,,,,,,,F,,,,,,,,,67XXXXX701,,Seema Rathore,,,OWN-0506,,,,,,,,,,,,,,,,,,,,,,,VLG-025,,,
owner,OWN-0507,,,,,,,,,,,,,,,,,,,,,F,,,,,,,,,64XXXXX319,,Kiran Lodhi,,,OWN-0507,,,,,,,,,,,,,,,,,,,,,,,VLG-022,,,
owner,OWN-0508,,,,,,,,,,,,,,,,,,,,,F,,,,,,,,,80XXXXX055,,Indira Sharma,,,OWN-0508,,,,,,,,,,,,,,,,,,,,,,,VLG-012,,,
owner,OWN-0509,,,,,,,,,,,,,,,,,,,,,F,,,,,,,,,72XXXXX933,,Rani Verma,,,OWN-0509,,,,,,,,,,,,,,,,,,,,,,,VLG-021,,,
owner,OWN-0510,,,,,,,,,,,,,,,,,,,,,M,,,,,,,,,94XXXXX788,,Jitendra Korku,,,OWN-0510,,,,,,,,,,,,,,,,,,,,,,,VLG-008,,,
owner,OWN-0511,,,,,,,,,,,,,,,,,,,,,M,,,,,,,,,87XXXXX116,,Kailash Kushwaha,,,OWN-0511,,,,,,,,,,,,,,,,,,,,,,,VLG-012,,,
owner,OWN-0512,,,,,,,,,,,,,,,,,,,,,M,,,,,,,,,74XXXXX804,,Mahesh Yadav,,,OWN-0512,,,,,,,,,,,,,,,,,,,,,,,VLG-027,,,
owner,OWN-0513,,,,,,,,,,,,,,,,,,,,,F,,,,,,,,,95XXXXX103,,Rani Chouhan,,,OWN-0513,,,,,,,,,,,,,,,,,,,,,,,VLG-034,,,
owner,OWN-0514,,,,,,,,,,,,,,,,,,,,,F,,,,,,,,,85XXXXX749,,Kiran Mishra,,,OWN-0514,,,,,,,,,,,,,,,,,,,,,,,VLG-009,,,
owner,OWN-0515,,,,,,,,,,,,,,,,,,,,,M,,,,,,,,,77XXXXX472,,Ashok Korku,,,OWN-0515,,,,,,,,,,,,,,,,,,,,,,,VLG-040,,,
owner,OWN-0516,,,,,,,,,,,,,,,,,,,,,M,,,,,,,,,82XXXXX059,,Kailash Kushwaha,,,OWN-0516,,,,,,,,,,,,,,,,,,,,,,,VLG-009,,,
owner,OWN-0517,,,,,,,,,,,,,,,,,,,,,M,,,,,,,,,73XXXXX578,,Anil Tiwari,,,OWN-0517,,,,,,,,,,,,,,,,,,,,,,,VLG-011,,,
owner,OWN-0518,,,,,,,,,,,,,,,,,,,,,F,,,,,,,,,66XXXXX088,,Pushpa Yadav,,,OWN-0518,,,,,,,,,,,,,,,,,,,,,,,VLG-022,,,
owner,OWN-0519,,,,,,,,,,,,,,,,,,,,,F,,,,,,,,,94XXXXX170,,Leela Ahirwar,,,OWN-0519,,,,,,,,,,,,,,,,,,,,,,,VLG-009,,,
owner,OWN-0520,,,,,,,,,,,,,,,,,,,,,F,,,,,,,,,80XXXXX150,,Rani Yadav,,,OWN-0520,,,,,,,,,,,,,,,,,,,,,,,VLG-039,,,
owner,OWN-0521,,,,,,,,,,,,,,,,,,,,,F,,,,,,,,,74XXXXX186,,Savita Rathore,,,OWN-0521,,,,,,,,,,,,,,,,,,,,,,,VLG-013,,,
owner,OWN-0522,,,,,,,,,,,,,,,,,,,,,M,,,,,,,,,65XXXXX504,,Prakash Bhatt,,,OWN-0522,,,,,,,,,,,,,,,,,,,,,,,VLG-023,,,
owner,OWN-0523,,,,,,,,,,,,,,,,,,,,,M,,,,,,,,,63XXXXX662,,Sunil Pandey,,,OWN-0523,,,,,,,,,,,,,,,,,,,,,,,VLG-038,,,
owner,OWN-0524,,,,,,,,,,,,,,,,,,,,,F,,,,,,,,,74XXXXX610,,Geeta Chouhan,,,OWN-0524,,,,,,,,,,,,,,,,,,,,,,,VLG-027,,,
owner,OWN-0525,,,,,,,,,,,,,,,,,,,,,F,,,,,,,,,92XXXXX264,,Indira Korku,,,OWN-0525,,,,,,,,,,,,,,,,,,,,,,,VLG-036,,,
owner,OWN-0526,,,,,,,,,,,,,,,,,,,,,M,,,,,,,,,87XXXXX244,,Suresh Ahirwar,,,OWN-0526,,,,,,,,,,,,,,,,,,,,,,,VLG-031,,,
owner,OWN-0527,,,,,,,,,,,,,,,,,,,,,M,,,,,,,,,92XXXXX719,,Rakesh Ahirwar,,,OWN-0527,,,,,,,,,,,,,,,,,,,,,,,VLG-024,,,
owner,OWN-0528,,,,,,,,,,,,,,,,,,,,,F,,,,,,,,,94XXXXX042,,Nirmala Rathore,,,OWN-0528,,,,,,,,,,,,,,,,,,,,,,,VLG-038,,,
owner,OWN-0529,,,,,,,,,,,,,,,,,,,,,M,,,,,,,,,92XXXXX650,,Dinesh Mehra,,,OWN-0529,,,,,,,,,,,,,,,,,,,,,,,VLG-019,,,
owner,OWN-0530,,,,,,,,,,,,,,,,,,,,,M,,,,,,,,,72XXXXX544,,Gopal Verma,,,OWN-0530,,,,,,,,,,,,,,,,,,,,,,,VLG-024,,,
owner,OWN-0531,,,,,,,,,,,,,,,,,,,,,M,,,,,,,,,82XXXXX765,,Mohan Rathore,,,OWN-0531,,,,,,,,,,,,,,,,,,,,,,,VLG-011,,,
owner,OWN-0532,,,,,,,,,,,,,,,,,,,,,M,,,,,,,,,73XXXXX167,,Vijay Chouhan,,,OWN-0532,,,,,,,,,,,,,,,,,,,,,,,VLG-005,,,
owner,OWN-0533,,,,,,,,,,,,,,,,,,,,,M,,,,,,,,,67XXXXX985,,Pramod Chouhan,,,OWN-0533,,,,,,,,,,,,,,,,,,,,,,,VLG-012,,,
owner,OWN-0534,,,,,,,,,,,,,,,,,,,,,F,,,,,,,,,63XXXXX321,,Pushpa Patel,,,OWN-0534,,,,,,,,,,,,,,,,,,,,,,,VLG-028,,,
owner,OWN-0535,,,,,,,,,,,,,,,,,,,,,F,,,,,,,,,60XXXXX089,,Asha Yadav,,,OWN-0535,,,,,,,,,,,,,,,,,,,,,,,VLG-004,,,
owner,OWN-0536,,,,,,,,,,,,,,,,,,,,,M,,,,,,,,,61XXXXX393,,Rajesh Korku,,,OWN-0536,,,,,,,,,,,,,,,,,,,,,,,VLG-012,,,
owner,OWN-0537,,,,,,,,,,,,,,,,,,,,,F,,,,,,,,,62XXXXX893,,Usha Patel,,,OWN-0537,,,,,,,,,,,,,,,,,,,,,,,VLG-033,,,
owner,OWN-0538,,,,,,,,,,,,,,,,,,,,,F,,,,,,,,,68XXXXX013,,Geeta Yadav,,,OWN-0538,,,,,,,,,,,,,,,,,,,,,,,VLG-033,,,
owner,OWN-0539,,,,,,,,,,,,,,,,,,,,,F,,,,,,,,,77XXXXX383,,Nirmala Tiwari,,,OWN-0539,,,,,,,,,,,,,,,,,,,,,,,VLG-027,,,
owner,OWN-0540,,,,,,,,,,,,,,,,,,,,,M,,,,,,,,,67XXXXX480,,Hariom Mehra,,,OWN-0540,,,,,,,,,,,,,,,,,,,,,,,VLG-006,,,
owner,OWN-0541,,,,,,,,,,,,,,,,,,,,,M,,,,,,,,,94XXXXX864,,Harish Yadav,,,OWN-0541,,,,,,,,,,,,,,,,,,,,,,,VLG-028,,,
owner,OWN-0542,,,,,,,,,,,,,,,,,,,,,M,,,,,,,,,95XXXXX781,,Bhagwan Verma,,,OWN-0542,,,,,,,,,,,,,,,,,,,,,,,VLG-008,,,
owner,OWN-0543,,,,,,,,,,,,,,,,,,,,,M,,,,,,,,,62XXXXX961,,Mukesh Dubey,,,OWN-0543,,,,,,,,,,,,,,,,,,,,,,,VLG-015,,,
owner,OWN-0544,,,,,,,,,,,,,,,,,,,,,M,,,,,,,,,89XXXXX967,,Om Prakash Saket,,,OWN-0544,,,,,,,,,,,,,,,,,,,,,,,VLG-033,,,
owner,OWN-0545,,,,,,,,,,,,,,,,,,,,,M,,,,,,,,,61XXXXX010,,Dinesh Pandey,,,OWN-0545,,,,,,,,,,,,,,,,,,,,,,,VLG-005,,,
owner,OWN-0546,,,,,,,,,,,,,,,,,,,,,M,,,,,,,,,76XXXXX911,,Vinod Patel,,,OWN-0546,,,,,,,,,,,,,,,,,,,,,,,VLG-034,,,
owner,OWN-0547,,,,,,,,,,,,,,,,,,,,,M,,,,,,,,,74XXXXX588,,Santosh Pandey,,,OWN-0547,,,,,,,,,,,,,,,,,,,,,,,VLG-002,,,
owner,OWN-0548,,,,,,,,,,,,,,,,,,,,,M,,,,,,,,,97XXXXX028,,Naresh Yadav,,,OWN-0548,,,,,,,,,,,,,,,,,,,,,,,VLG-020,,,
owner,OWN-0549,,,,,,,,,,,,,,,,,,,,,F,,,,,,,,,92XXXXX788,,Lakshmi Saket,,,OWN-0549,,,,,,,,,,,,,,,,,,,,,,,VLG-037,,,
owner,OWN-0550,,,,,,,,,,,,,,,,,,,,,M,,,,,,,,,78XXXXX695,,Harish Kushwaha,,,OWN-0550,,,,,,,,,,,,,,,,,,,,,,,VLG-019,,,
owner,OWN-0551,,,,,,,,,,,,,,,,,,,,,M,,,,,,,,,62XXXXX616,,Suresh Patel,,,OWN-0551,,,,,,,,,,,,,,,,,,,,,,,VLG-023,,,
owner,OWN-0552,,,,,,,,,,,,,,,,,,,,,M,,,,,,,,,63XXXXX141,,Naresh Tiwari,,,OWN-0552,,,,,,,,,,,,,,,,,,,,,,,VLG-022,,,
owner,OWN-0553,,,,,,,,,,,,,,,,,,,,,M,,,,,,,,,80XXXXX407,,Ramesh Kushwaha,,,OWN-0553,,,,,,,,,,,,,,,,,,,,,,,VLG-038,,,
owner,OWN-0554,,,,,,,,,,,,,,,,,,,,,M,,,,,,,,,95XXXXX578,,Prakash Dubey,,,OWN-0554,,,,,,,,,,,,,,,,,,,,,,,VLG-022,,,
owner,OWN-0555,,,,,,,,,,,,,,,,,,,,,M,,,,,,,,,86XXXXX440,,Deepak Ahirwar,,,OWN-0555,,,,,,,,,,,,,,,,,,,,,,,VLG-020,,,
owner,OWN-0556,,,,,,,,,,,,,,,,,,,,,F,,,,,,,,,69XXXXX987,,Shanti Gond,,,OWN-0556,,,,,,,,,,,,,,,,,,,,,,,VLG-028,,,
owner,OWN-0557,,,,,,,,,,,,,,,,,,,,,M,,,,,,,,,88XXXXX664,,Ravindra Verma,,,OWN-0557,,,,,,,,,,,,,,,,,,,,,,,VLG-040,,,
owner,OWN-0558,,,,,,,,,,,,,,,,,,,,,F,,,,,,,,,70XXXXX748,,Anita Kushwaha,,,OWN-0558,,,,,,,,,,,,,,,,,,,,,,,VLG-040,,,
owner,OWN-0559,,,,,,,,,,,,,,,,,,,,,M,,,,,,,,,68XXXXX246,,Virendra Rathore,,,OWN-0559,,,,,,,,,,,,,,,,,,,,,,,VLG-027,,,
owner,OWN-0560,,,,,,,,,,,,,,,,,,,,,M,,,,,,,,,76XXXXX363,,Bhagwan Verma,,,OWN-0560,,,,,,,,,,,,,,,,,,,,,,,VLG-008,,,
owner,OWN-0561,,,,,,,,,,,,,,,,,,,,,M,,,,,,,,,74XXXXX032,,Vijay Patel,,,OWN-0561,,,,,,,,,,,,,,,,,,,,,,,VLG-018,,,
owner,OWN-0562,,,,,,,,,,,,,,,,,,,,,M,,,,,,,,,88XXXXX159,,Ramesh Korku,,,OWN-0562,,,,,,,,,,,,,,,,,,,,,,,VLG-020,,,
owner,OWN-0563,,,,,,,,,,,,,,,,,,,,,M,,,,,,,,,81XXXXX818,,Jitendra Mishra,,,OWN-0563,,,,,,,,,,,,,,,,,,,,,,,VLG-038,,,
owner,OWN-0564,,,,,,,,,,,,,,,,,,,,,F,,,,,,,,,63XXXXX636,,Meena Saket,,,OWN-0564,,,,,,,,,,,,,,,,,,,,,,,VLG-014,,,
owner,OWN-0565,,,,,,,,,,,,,,,,,,,,,M,,,,,,,,,74XXXXX785,,Rajesh Thakur,,,OWN-0565,,,,,,,,,,,,,,,,,,,,,,,VLG-008,,,
owner,OWN-0566,,,,,,,,,,,,,,,,,,,,,M,,,,,,,,,93XXXXX409,,Mohan Mishra,,,OWN-0566,,,,,,,,,,,,,,,,,,,,,,,VLG-003,,,
owner,OWN-0567,,,,,,,,,,,,,,,,,,,,,F,,,,,,,,,74XXXXX837,,Durga Sharma,,,OWN-0567,,,,,,,,,,,,,,,,,,,,,,,VLG-025,,,
owner,OWN-0568,,,,,,,,,,,,,,,,,,,,,M,,,,,,,,,84XXXXX756,,Virendra Dubey,,,OWN-0568,,,,,,,,,,,,,,,,,,,,,,,VLG-003,,,
owner,OWN-0569,,,,,,,,,,,,,,,,,,,,,M,,,,,,,,,97XXXXX481,,Bhagwan Verma,,,OWN-0569,,,,,,,,,,,,,,,,,,,,,,,VLG-023,,,
owner,OWN-0570,,,,,,,,,,,,,,,,,,,,,M,,,,,,,,,87XXXXX063,,Deepak Kushwaha,,,OWN-0570,,,,,,,,,,,,,,,,,,,,,,,VLG-020,,,
owner,OWN-0571,,,,,,,,,,,,,,,,,,,,,M,,,,,,,,,62XXXXX577,,Shyam Verma,,,OWN-0571,,,,,,,,,,,,,,,,,,,,,,,VLG-009,,,
owner,OWN-0572,,,,,,,,,,,,,,,,,,,,,M,,,,,,,,,84XXXXX669,,Ashok Rathore,,,OWN-0572,,,,,,,,,,,,,,,,,,,,,,,VLG-015,,,
owner,OWN-0573,,,,,,,,,,,,,,,,,,,,,M,,,,,,,,,71XXXXX696,,Ramesh Kushwaha,,,OWN-0573,,,,,,,,,,,,,,,,,,,,,,,VLG-039,,,
owner,OWN-0574,,,,,,,,,,,,,,,,,,,,,M,,,,,,,,,82XXXXX771,,Dinesh Verma,,,OWN-0574,,,,,,,,,,,,,,,,,,,,,,,VLG-015,,,
owner,OWN-0575,,,,,,,,,,,,,,,,,,,,,F,,,,,,,,,84XXXXX934,,Savita Rajput,,,OWN-0575,,,,,,,,,,,,,,,,,,,,,,,VLG-013,,,
owner,OWN-0576,,,,,,,,,,,,,,,,,,,,,M,,,,,,,,,70XXXXX359,,Ashok Mishra,,,OWN-0576,,,,,,,,,,,,,,,,,,,,,,,VLG-030,,,
owner,OWN-0577,,,,,,,,,,,,,,,,,,,,,M,,,,,,,,,75XXXXX411,,Ramesh Saket,,,OWN-0577,,,,,,,,,,,,,,,,,,,,,,,VLG-036,,,
owner,OWN-0578,,,,,,,,,,,,,,,,,,,,,M,,,,,,,,,77XXXXX489,,Suresh Mehra,,,OWN-0578,,,,,,,,,,,,,,,,,,,,,,,VLG-025,,,
owner,OWN-0579,,,,,,,,,,,,,,,,,,,,,M,,,,,,,,,78XXXXX875,,Mukesh Tiwari,,,OWN-0579,,,,,,,,,,,,,,,,,,,,,,,VLG-030,,,
owner,OWN-0580,,,,,,,,,,,,,,,,,,,,,M,,,,,,,,,92XXXXX745,,Mahesh Mehra,,,OWN-0580,,,,,,,,,,,,,,,,,,,,,,,VLG-028,,,
owner,OWN-0581,,,,,,,,,,,,,,,,,,,,,M,,,,,,,,,88XXXXX287,,Jitendra Korku,,,OWN-0581,,,,,,,,,,,,,,,,,,,,,,,VLG-004,,,
owner,OWN-0582,,,,,,,,,,,,,,,,,,,,,M,,,,,,,,,72XXXXX617,,Dinesh Sharma,,,OWN-0582,,,,,,,,,,,,,,,,,,,,,,,VLG-003,,,
owner,OWN-0583,,,,,,,,,,,,,,,,,,,,,M,,,,,,,,,97XXXXX134,,Ravindra Kushwaha,,,OWN-0583,,,,,,,,,,,,,,,,,,,,,,,VLG-012,,,
owner,OWN-0584,,,,,,,,,,,,,,,,,,,,,M,,,,,,,,,89XXXXX926,,Om Prakash Lodhi,,,OWN-0584,,,,,,,,,,,,,,,,,,,,,,,VLG-005,,,
owner,OWN-0585,,,,,,,,,,,,,,,,,,,,,M,,,,,,,,,65XXXXX915,,Hariom Saket,,,OWN-0585,,,,,,,,,,,,,,,,,,,,,,,VLG-010,,,
owner,OWN-0586,,,,,,,,,,,,,,,,,,,,,M,,,,,,,,,97XXXXX975,,Mahesh Pandey,,,OWN-0586,,,,,,,,,,,,,,,,,,,,,,,VLG-037,,,
owner,OWN-0587,,,,,,,,,,,,,,,,,,,,,M,,,,,,,,,85XXXXX164,,Vijay Sharma,,,OWN-0587,,,,,,,,,,,,,,,,,,,,,,,VLG-012,,,
owner,OWN-0588,,,,,,,,,,,,,,,,,,,,,M,,,,,,,,,60XXXXX214,,Hariom Dubey,,,OWN-0588,,,,,,,,,,,,,,,,,,,,,,,VLG-032,,,
owner,OWN-0589,,,,,,,,,,,,,,,,,,,,,M,,,,,,,,,75XXXXX767,,Om Prakash Ahirwar,,,OWN-0589,,,,,,,,,,,,,,,,,,,,,,,VLG-018,,,
owner,OWN-0590,,,,,,,,,,,,,,,,,,,,,F,,,,,,,,,66XXXXX108,,Manju Mishra,,,OWN-0590,,,,,,,,,,,,,,,,,,,,,,,VLG-022,,,
owner,OWN-0591,,,,,,,,,,,,,,,,,,,,,M,,,,,,,,,77XXXXX617,,Vinod Gond,,,OWN-0591,,,,,,,,,,,,,,,,,,,,,,,VLG-020,,,
owner,OWN-0592,,,,,,,,,,,,,,,,,,,,,M,,,,,,,,,78XXXXX108,,Dinesh Ahirwar,,,OWN-0592,,,,,,,,,,,,,,,,,,,,,,,VLG-007,,,
owner,OWN-0593,,,,,,,,,,,,,,,,,,,,,F,,,,,,,,,67XXXXX180,,Vimla Mishra,,,OWN-0593,,,,,,,,,,,,,,,,,,,,,,,VLG-008,,,
owner,OWN-0594,,,,,,,,,,,,,,,,,,,,,F,,,,,,,,,72XXXXX597,,Durga Pandey,,,OWN-0594,,,,,,,,,,,,,,,,,,,,,,,VLG-029,,,
owner,OWN-0595,,,,,,,,,,,,,,,,,,,,,F,,,,,,,,,82XXXXX168,,Shakuntala Korku,,,OWN-0595,,,,,,,,,,,,,,,,,,,,,,,VLG-002,,,
owner,OWN-0596,,,,,,,,,,,,,,,,,,,,,M,,,,,,,,,62XXXXX499,,Mukesh Yadav,,,OWN-0596,,,,,,,,,,,,,,,,,,,,,,,VLG-024,,,
owner,OWN-0597,,,,,,,,,,,,,,,,,,,,,F,,,,,,,,,81XXXXX030,,Durga Dubey,,,OWN-0597,,,,,,,,,,,,,,,,,,,,,,,VLG-014,,,
owner,OWN-0598,,,,,,,,,,,,,,,,,,,,,M,,,,,,,,,76XXXXX276,,Rakesh Chouhan,,,OWN-0598,,,,,,,,,,,,,,,,,,,,,,,VLG-002,,,
owner,OWN-0599,,,,,,,,,,,,,,,,,,,,,M,,,,,,,,,97XXXXX349,,Ashok Chouhan,,,OWN-0599,,,,,,,,,,,,,,,,,,,,,,,VLG-026,,,
owner,OWN-0600,,,,,,,,,,,,,,,,,,,,,M,,,,,,,,,66XXXXX407,,Prakash Patel,,,OWN-0600,,,,,,,,,,,,,,,,,,,,,,,VLG-026,,,
owner,OWN-0601,,,,,,,,,,,,,,,,,,,,,M,,,,,,,,,93XXXXX581,,Gopal Rathore,,,OWN-0601,,,,,,,,,,,,,,,,,,,,,,,VLG-018,,,
owner,OWN-0602,,,,,,,,,,,,,,,,,,,,,F,,,,,,,,,67XXXXX243,,Vimla Saket,,,OWN-0602,,,,,,,,,,,,,,,,,,,,,,,VLG-031,,,
owner,OWN-0603,,,,,,,,,,,,,,,,,,,,,M,,,,,,,,,79XXXXX665,,Jagdish Gond,,,OWN-0603,,,,,,,,,,,,,,,,,,,,,,,VLG-031,,,
owner,OWN-0604,,,,,,,,,,,,,,,,,,,,,M,,,,,,,,,81XXXXX971,,Deepak Rajput,,,OWN-0604,,,,,,,,,,,,,,,,,,,,,,,VLG-027,,,
owner,OWN-0605,,,,,,,,,,,,,,,,,,,,,M,,,,,,,,,78XXXXX228,,Sunil Gond,,,OWN-0605,,,,,,,,,,,,,,,,,,,,,,,VLG-003,,,
owner,OWN-0606,,,,,,,,,,,,,,,,,,,,,M,,,,,,,,,69XXXXX455,,Prakash Mishra,,,OWN-0606,,,,,,,,,,,,,,,,,,,,,,,VLG-003,,,
owner,OWN-0607,,,,,,,,,,,,,,,,,,,,,F,,,,,,,,,60XXXXX918,,Meena Chouhan,,,OWN-0607,,,,,,,,,,,,,,,,,,,,,,,VLG-003,,,
owner,OWN-0608,,,,,,,,,,,,,,,,,,,,,F,,,,,,,,,63XXXXX712,,Sita Thakur,,,OWN-0608,,,,,,,,,,,,,,,,,,,,,,,VLG-024,,,
owner,OWN-0609,,,,,,,,,,,,,,,,,,,,,M,,,,,,,,,63XXXXX548,,Pramod Chouhan,,,OWN-0609,,,,,,,,,,,,,,,,,,,,,,,VLG-011,,,
owner,OWN-0610,,,,,,,,,,,,,,,,,,,,,M,,,,,,,,,95XXXXX266,,Anil Tiwari,,,OWN-0610,,,,,,,,,,,,,,,,,,,,,,,VLG-027,,,
owner,OWN-0611,,,,,,,,,,,,,,,,,,,,,M,,,,,,,,,80XXXXX155,,Bhagwan Lodhi,,,OWN-0611,,,,,,,,,,,,,,,,,,,,,,,VLG-026,,,
owner,OWN-0612,,,,,,,,,,,,,,,,,,,,,M,,,,,,,,,90XXXXX668,,Naresh Sharma,,,OWN-0612,,,,,,,,,,,,,,,,,,,,,,,VLG-020,,,
owner,OWN-0613,,,,,,,,,,,,,,,,,,,,,F,,,,,,,,,80XXXXX738,,Seema Mehra,,,OWN-0613,,,,,,,,,,,,,,,,,,,,,,,VLG-040,,,
owner,OWN-0614,,,,,,,,,,,,,,,,,,,,,F,,,,,,,,,86XXXXX562,,Sarita Pandey,,,OWN-0614,,,,,,,,,,,,,,,,,,,,,,,VLG-034,,,
owner,OWN-0615,,,,,,,,,,,,,,,,,,,,,F,,,,,,,,,68XXXXX008,,Pushpa Rajput,,,OWN-0615,,,,,,,,,,,,,,,,,,,,,,,VLG-038,,,
owner,OWN-0616,,,,,,,,,,,,,,,,,,,,,M,,,,,,,,,98XXXXX510,,Sanjay Ahirwar,,,OWN-0616,,,,,,,,,,,,,,,,,,,,,,,VLG-008,,,
owner,OWN-0617,,,,,,,,,,,,,,,,,,,,,M,,,,,,,,,67XXXXX935,,Sunil Rathore,,,OWN-0617,,,,,,,,,,,,,,,,,,,,,,,VLG-020,,,
owner,OWN-0618,,,,,,,,,,,,,,,,,,,,,M,,,,,,,,,76XXXXX935,,Vinod Rathore,,,OWN-0618,,,,,,,,,,,,,,,,,,,,,,,VLG-030,,,
owner,OWN-0619,,,,,,,,,,,,,,,,,,,,,M,,,,,,,,,91XXXXX371,,Dinesh Mishra,,,OWN-0619,,,,,,,,,,,,,,,,,,,,,,,VLG-024,,,
owner,OWN-0620,,,,,,,,,,,,,,,,,,,,,F,,,,,,,,,94XXXXX622,,Pooja Dubey,,,OWN-0620,,,,,,,,,,,,,,,,,,,,,,,VLG-033,,,
owner,OWN-0621,,,,,,,,,,,,,,,,,,,,,M,,,,,,,,,78XXXXX028,,Harish Pandey,,,OWN-0621,,,,,,,,,,,,,,,,,,,,,,,VLG-024,,,
owner,OWN-0622,,,,,,,,,,,,,,,,,,,,,M,,,,,,,,,61XXXXX215,,Deepak Mishra,,,OWN-0622,,,,,,,,,,,,,,,,,,,,,,,VLG-020,,,
owner,OWN-0623,,,,,,,,,,,,,,,,,,,,,M,,,,,,,,,90XXXXX443,,Sunil Ahirwar,,,OWN-0623,,,,,,,,,,,,,,,,,,,,,,,VLG-012,,,
owner,OWN-0624,,,,,,,,,,,,,,,,,,,,,F,,,,,,,,,68XXXXX949,,Nirmala Patel,,,OWN-0624,,,,,,,,,,,,,,,,,,,,,,,VLG-029,,,
owner,OWN-0625,,,,,,,,,,,,,,,,,,,,,M,,,,,,,,,99XXXXX725,,Santosh Dubey,,,OWN-0625,,,,,,,,,,,,,,,,,,,,,,,VLG-006,,,
owner,OWN-0626,,,,,,,,,,,,,,,,,,,,,F,,,,,,,,,96XXXXX741,,Durga Bhatt,,,OWN-0626,,,,,,,,,,,,,,,,,,,,,,,VLG-011,,,
owner,OWN-0627,,,,,,,,,,,,,,,,,,,,,F,,,,,,,,,88XXXXX890,,Sunita Rathore,,,OWN-0627,,,,,,,,,,,,,,,,,,,,,,,VLG-037,,,
owner,OWN-0628,,,,,,,,,,,,,,,,,,,,,F,,,,,,,,,61XXXXX397,,Savita Saket,,,OWN-0628,,,,,,,,,,,,,,,,,,,,,,,VLG-006,,,
owner,OWN-0629,,,,,,,,,,,,,,,,,,,,,F,,,,,,,,,99XXXXX260,,Manju Mehra,,,OWN-0629,,,,,,,,,,,,,,,,,,,,,,,VLG-034,,,
owner,OWN-0630,,,,,,,,,,,,,,,,,,,,,M,,,,,,,,,61XXXXX241,,Mukesh Korku,,,OWN-0630,,,,,,,,,,,,,,,,,,,,,,,VLG-010,,,
owner,OWN-0631,,,,,,,,,,,,,,,,,,,,,M,,,,,,,,,69XXXXX615,,Naresh Thakur,,,OWN-0631,,,,,,,,,,,,,,,,,,,,,,,VLG-010,,,
owner,OWN-0632,,,,,,,,,,,,,,,,,,,,,M,,,,,,,,,86XXXXX937,,Jitendra Mehra,,,OWN-0632,,,,,,,,,,,,,,,,,,,,,,,VLG-033,,,
owner,OWN-0633,,,,,,,,,,,,,,,,,,,,,F,,,,,,,,,80XXXXX706,,Shanti Yadav,,,OWN-0633,,,,,,,,,,,,,,,,,,,,,,,VLG-015,,,
owner,OWN-0634,,,,,,,,,,,,,,,,,,,,,M,,,,,,,,,63XXXXX718,,Anil Kushwaha,,,OWN-0634,,,,,,,,,,,,,,,,,,,,,,,VLG-014,,,
owner,OWN-0635,,,,,,,,,,,,,,,,,,,,,M,,,,,,,,,73XXXXX079,,Ravindra Kushwaha,,,OWN-0635,,,,,,,,,,,,,,,,,,,,,,,VLG-019,,,
owner,OWN-0636,,,,,,,,,,,,,,,,,,,,,F,,,,,,,,,67XXXXX398,,Lakshmi Patel,,,OWN-0636,,,,,,,,,,,,,,,,,,,,,,,VLG-019,,,
owner,OWN-0637,,,,,,,,,,,,,,,,,,,,,M,,,,,,,,,64XXXXX463,,Ashok Kushwaha,,,OWN-0637,,,,,,,,,,,,,,,,,,,,,,,VLG-040,,,
owner,OWN-0638,,,,,,,,,,,,,,,,,,,,,F,,,,,,,,,84XXXXX379,,Shakuntala Mehra,,,OWN-0638,,,,,,,,,,,,,,,,,,,,,,,VLG-022,,,
owner,OWN-0639,,,,,,,,,,,,,,,,,,,,,M,,,,,,,,,69XXXXX876,,Virendra Chouhan,,,OWN-0639,,,,,,,,,,,,,,,,,,,,,,,VLG-035,,,
owner,OWN-0640,,,,,,,,,,,,,,,,,,,,,M,,,,,,,,,67XXXXX620,,Santosh Verma,,,OWN-0640,,,,,,,,,,,,,,,,,,,,,,,VLG-008,,,
owner,OWN-0641,,,,,,,,,,,,,,,,,,,,,M,,,,,,,,,90XXXXX194,,Ravindra Rajput,,,OWN-0641,,,,,,,,,,,,,,,,,,,,,,,VLG-015,,,
owner,OWN-0642,,,,,,,,,,,,,,,,,,,,,M,,,,,,,,,64XXXXX614,,Harish Tiwari,,,OWN-0642,,,,,,,,,,,,,,,,,,,,,,,VLG-037,,,
owner,OWN-0643,,,,,,,,,,,,,,,,,,,,,F,,,,,,,,,79XXXXX212,,Nirmala Thakur,,,OWN-0643,,,,,,,,,,,,,,,,,,,,,,,VLG-017,,,
owner,OWN-0644,,,,,,,,,,,,,,,,,,,,,F,,,,,,,,,83XXXXX706,,Shobha Gond,,,OWN-0644,,,,,,,,,,,,,,,,,,,,,,,VLG-004,,,
owner,OWN-0645,,,,,,,,,,,,,,,,,,,,,M,,,,,,,,,81XXXXX030,,Naresh Mishra,,,OWN-0645,,,,,,,,,,,,,,,,,,,,,,,VLG-018,,,
owner,OWN-0646,,,,,,,,,,,,,,,,,,,,,M,,,,,,,,,80XXXXX036,,Mohan Pandey,,,OWN-0646,,,,,,,,,,,,,,,,,,,,,,,VLG-005,,,
owner,OWN-0647,,,,,,,,,,,,,,,,,,,,,M,,,,,,,,,84XXXXX095,,Vijay Thakur,,,OWN-0647,,,,,,,,,,,,,,,,,,,,,,,VLG-017,,,
owner,OWN-0648,,,,,,,,,,,,,,,,,,,,,M,,,,,,,,,75XXXXX997,,Rajesh Saket,,,OWN-0648,,,,,,,,,,,,,,,,,,,,,,,VLG-007,,,
owner,OWN-0649,,,,,,,,,,,,,,,,,,,,,F,,,,,,,,,61XXXXX207,,Anita Rathore,,,OWN-0649,,,,,,,,,,,,,,,,,,,,,,,VLG-004,,,
owner,OWN-0650,,,,,,,,,,,,,,,,,,,,,M,,,,,,,,,61XXXXX619,,Deepak Mishra,,,OWN-0650,,,,,,,,,,,,,,,,,,,,,,,VLG-027,,,
owner,OWN-0651,,,,,,,,,,,,,,,,,,,,,M,,,,,,,,,67XXXXX150,,Bhagwan Bhatt,,,OWN-0651,,,,,,,,,,,,,,,,,,,,,,,VLG-030,,,
owner,OWN-0652,,,,,,,,,,,,,,,,,,,,,F,,,,,,,,,71XXXXX392,,Kiran Rathore,,,OWN-0652,,,,,,,,,,,,,,,,,,,,,,,VLG-033,,,
owner,OWN-0653,,,,,,,,,,,,,,,,,,,,,M,,,,,,,,,99XXXXX024,,Ravindra Mishra,,,OWN-0653,,,,,,,,,,,,,,,,,,,,,,,VLG-038,,,
owner,OWN-0654,,,,,,,,,,,,,,,,,,,,,M,,,,,,,,,89XXXXX954,,Gopal Tiwari,,,OWN-0654,,,,,,,,,,,,,,,,,,,,,,,VLG-024,,,
owner,OWN-0655,,,,,,,,,,,,,,,,,,,,,M,,,,,,,,,70XXXXX533,,Gopal Rathore,,,OWN-0655,,,,,,,,,,,,,,,,,,,,,,,VLG-013,,,
owner,OWN-0656,,,,,,,,,,,,,,,,,,,,,M,,,,,,,,,97XXXXX946,,Prakash Rajput,,,OWN-0656,,,,,,,,,,,,,,,,,,,,,,,VLG-022,,,
owner,OWN-0657,,,,,,,,,,,,,,,,,,,,,M,,,,,,,,,67XXXXX933,,Rajesh Pandey,,,OWN-0657,,,,,,,,,,,,,,,,,,,,,,,VLG-031,,,
owner,OWN-0658,,,,,,,,,,,,,,,,,,,,,F,,,,,,,,,93XXXXX150,,Asha Mehra,,,OWN-0658,,,,,,,,,,,,,,,,,,,,,,,VLG-036,,,
owner,OWN-0659,,,,,,,,,,,,,,,,,,,,,M,,,,,,,,,93XXXXX342,,Dinesh Ahirwar,,,OWN-0659,,,,,,,,,,,,,,,,,,,,,,,VLG-015,,,
owner,OWN-0660,,,,,,,,,,,,,,,,,,,,,M,,,,,,,,,88XXXXX410,,Om Prakash Thakur,,,OWN-0660,,,,,,,,,,,,,,,,,,,,,,,VLG-009,,,
owner,OWN-0661,,,,,,,,,,,,,,,,,,,,,M,,,,,,,,,83XXXXX289,,Rakesh Yadav,,,OWN-0661,,,,,,,,,,,,,,,,,,,,,,,VLG-028,,,
owner,OWN-0662,,,,,,,,,,,,,,,,,,,,,F,,,,,,,,,72XXXXX596,,Geeta Yadav,,,OWN-0662,,,,,,,,,,,,,,,,,,,,,,,VLG-016,,,
owner,OWN-0663,,,,,,,,,,,,,,,,,,,,,M,,,,,,,,,78XXXXX428,,Hariom Bhatt,,,OWN-0663,,,,,,,,,,,,,,,,,,,,,,,VLG-038,,,
owner,OWN-0664,,,,,,,,,,,,,,,,,,,,,M,,,,,,,,,99XXXXX578,,Vijay Verma,,,OWN-0664,,,,,,,,,,,,,,,,,,,,,,,VLG-030,,,
owner,OWN-0665,,,,,,,,,,,,,,,,,,,,,M,,,,,,,,,97XXXXX033,,Prakash Tiwari,,,OWN-0665,,,,,,,,,,,,,,,,,,,,,,,VLG-013,,,
owner,OWN-0666,,,,,,,,,,,,,,,,,,,,,M,,,,,,,,,93XXXXX548,,Bhagwan Gond,,,OWN-0666,,,,,,,,,,,,,,,,,,,,,,,VLG-006,,,
owner,OWN-0667,,,,,,,,,,,,,,,,,,,,,M,,,,,,,,,87XXXXX789,,Hariom Verma,,,OWN-0667,,,,,,,,,,,,,,,,,,,,,,,VLG-022,,,
owner,OWN-0668,,,,,,,,,,,,,,,,,,,,,M,,,,,,,,,96XXXXX027,,Jagdish Pandey,,,OWN-0668,,,,,,,,,,,,,,,,,,,,,,,VLG-015,,,
owner,OWN-0669,,,,,,,,,,,,,,,,,,,,,M,,,,,,,,,81XXXXX431,,Rakesh Verma,,,OWN-0669,,,,,,,,,,,,,,,,,,,,,,,VLG-008,,,
owner,OWN-0670,,,,,,,,,,,,,,,,,,,,,M,,,,,,,,,75XXXXX392,,Ravindra Sharma,,,OWN-0670,,,,,,,,,,,,,,,,,,,,,,,VLG-035,,,
owner,OWN-0671,,,,,,,,,,,,,,,,,,,,,M,,,,,,,,,85XXXXX826,,Ramesh Ahirwar,,,OWN-0671,,,,,,,,,,,,,,,,,,,,,,,VLG-015,,,
owner,OWN-0672,,,,,,,,,,,,,,,,,,,,,M,,,,,,,,,93XXXXX515,,Om Prakash Rajput,,,OWN-0672,,,,,,,,,,,,,,,,,,,,,,,VLG-013,,,
owner,OWN-0673,,,,,,,,,,,,,,,,,,,,,M,,,,,,,,,77XXXXX924,,Hariom Mishra,,,OWN-0673,,,,,,,,,,,,,,,,,,,,,,,VLG-001,,,
owner,OWN-0674,,,,,,,,,,,,,,,,,,,,,M,,,,,,,,,83XXXXX590,,Santosh Tiwari,,,OWN-0674,,,,,,,,,,,,,,,,,,,,,,,VLG-037,,,
owner,OWN-0675,,,,,,,,,,,,,,,,,,,,,M,,,,,,,,,75XXXXX636,,Virendra Chouhan,,,OWN-0675,,,,,,,,,,,,,,,,,,,,,,,VLG-005,,,
owner,OWN-0676,,,,,,,,,,,,,,,,,,,,,F,,,,,,,,,91XXXXX218,,Shanti Rajput,,,OWN-0676,,,,,,,,,,,,,,,,,,,,,,,VLG-012,,,
owner,OWN-0677,,,,,,,,,,,,,,,,,,,,,M,,,,,,,,,90XXXXX334,,Pramod Bhatt,,,OWN-0677,,,,,,,,,,,,,,,,,,,,,,,VLG-034,,,
owner,OWN-0678,,,,,,,,,,,,,,,,,,,,,M,,,,,,,,,88XXXXX212,,Jagdish Sharma,,,OWN-0678,,,,,,,,,,,,,,,,,,,,,,,VLG-035,,,
owner,OWN-0679,,,,,,,,,,,,,,,,,,,,,M,,,,,,,,,93XXXXX299,,Harish Verma,,,OWN-0679,,,,,,,,,,,,,,,,,,,,,,,VLG-020,,,
owner,OWN-0680,,,,,,,,,,,,,,,,,,,,,F,,,,,,,,,94XXXXX693,,Savita Lodhi,,,OWN-0680,,,,,,,,,,,,,,,,,,,,,,,VLG-034,,,
owner,OWN-0681,,,,,,,,,,,,,,,,,,,,,M,,,,,,,,,97XXXXX754,,Virendra Rathore,,,OWN-0681,,,,,,,,,,,,,,,,,,,,,,,VLG-026,,,
owner,OWN-0682,,,,,,,,,,,,,,,,,,,,,F,,,,,,,,,93XXXXX291,,Kamla Bai Thakur,,,OWN-0682,,,,,,,,,,,,,,,,,,,,,,,VLG-026,,,
owner,OWN-0683,,,,,,,,,,,,,,,,,,,,,F,,,,,,,,,74XXXXX681,,Kamla Gond,,,OWN-0683,,,,,,,,,,,,,,,,,,,,,,,VLG-024,,,
owner,OWN-0684,,,,,,,,,,,,,,,,,,,,,M,,,,,,,,,86XXXXX070,,Hariom Yadav,,,OWN-0684,,,,,,,,,,,,,,,,,,,,,,,VLG-005,,,
owner,OWN-0685,,,,,,,,,,,,,,,,,,,,,F,,,,,,,,,95XXXXX412,,Leela Pandey,,,OWN-0685,,,,,,,,,,,,,,,,,,,,,,,VLG-021,,,
owner,OWN-0686,,,,,,,,,,,,,,,,,,,,,F,,,,,,,,,97XXXXX274,,Seema Pandey,,,OWN-0686,,,,,,,,,,,,,,,,,,,,,,,VLG-011,,,
owner,OWN-0687,,,,,,,,,,,,,,,,,,,,,M,,,,,,,,,62XXXXX104,,Pramod Patel,,,OWN-0687,,,,,,,,,,,,,,,,,,,,,,,VLG-010,,,
owner,OWN-0688,,,,,,,,,,,,,,,,,,,,,M,,,,,,,,,70XXXXX164,,Ravindra Thakur,,,OWN-0688,,,,,,,,,,,,,,,,,,,,,,,VLG-029,,,
owner,OWN-0689,,,,,,,,,,,,,,,,,,,,,M,,,,,,,,,66XXXXX106,,Deepak Patel,,,OWN-0689,,,,,,,,,,,,,,,,,,,,,,,VLG-002,,,
owner,OWN-0690,,,,,,,,,,,,,,,,,,,,,M,,,,,,,,,63XXXXX815,,Prakash Rajput,,,OWN-0690,,,,,,,,,,,,,,,,,,,,,,,VLG-021,,,
owner,OWN-0691,,,,,,,,,,,,,,,,,,,,,F,,,,,,,,,78XXXXX155,,Sarita Rajput,,,OWN-0691,,,,,,,,,,,,,,,,,,,,,,,VLG-012,,,
owner,OWN-0692,,,,,,,,,,,,,,,,,,,,,M,,,,,,,,,66XXXXX950,,Mukesh Mehra,,,OWN-0692,,,,,,,,,,,,,,,,,,,,,,,VLG-005,,,
owner,OWN-0693,,,,,,,,,,,,,,,,,,,,,M,,,,,,,,,91XXXXX956,,Naresh Ahirwar,,,OWN-0693,,,,,,,,,,,,,,,,,,,,,,,VLG-009,,,
owner,OWN-0694,,,,,,,,,,,,,,,,,,,,,M,,,,,,,,,91XXXXX683,,Ashok Mehra,,,OWN-0694,,,,,,,,,,,,,,,,,,,,,,,VLG-033,,,
owner,OWN-0695,,,,,,,,,,,,,,,,,,,,,F,,,,,,,,,70XXXXX391,,Leela Patel,,,OWN-0695,,,,,,,,,,,,,,,,,,,,,,,VLG-004,,,
owner,OWN-0696,,,,,,,,,,,,,,,,,,,,,M,,,,,,,,,83XXXXX975,,Ravindra Saket,,,OWN-0696,,,,,,,,,,,,,,,,,,,,,,,VLG-009,,,
owner,OWN-0697,,,,,,,,,,,,,,,,,,,,,M,,,,,,,,,94XXXXX380,,Prakash Sharma,,,OWN-0697,,,,,,,,,,,,,,,,,,,,,,,VLG-016,,,
owner,OWN-0698,,,,,,,,,,,,,,,,,,,,,F,,,,,,,,,98XXXXX713,,Leela Gond,,,OWN-0698,,,,,,,,,,,,,,,,,,,,,,,VLG-004,,,
owner,OWN-0699,,,,,,,,,,,,,,,,,,,,,F,,,,,,,,,71XXXXX816,,Radha Rajput,,,OWN-0699,,,,,,,,,,,,,,,,,,,,,,,VLG-030,,,
owner,OWN-0700,,,,,,,,,,,,,,,,,,,,,M,,,,,,,,,76XXXXX973,,Ashok Rajput,,,OWN-0700,,,,,,,,,,,,,,,,,,,,,,,VLG-018,,,
project,PRJ-001,,,,,,,,compensation,2026-10-11,,Narmadapuram,,,,,,,,,,,,,False,,,,,,,,NH-46 Itarsi–Sohagpur Expansion,,,,,,,PRJ-001,,,,,,,2025-09-01,,,,,,176,Highway,,,,,,,,
project,PRJ-002,,,,,,,,objections,2026-09-04,,Raisen,,,,,,,,,,,,,False,,,,,,,,Begumganj–Silwani Highway Link,,,,,,,PRJ-002,,,,,,,2025-09-01,,,,,,176,Highway,,,,,,,,
project,PRJ-003,,,,,,,,objections,2026-08-10,,Narmadapuram;Raisen,,,,,,,,,,,,,True,,,,,,,,Narmadapuram–Raisen Rail Link,,,,,,,PRJ-003,,,,,,,2025-09-01,,,,,,154,Rail,,,,,,,,
project,PRJ-004,,,,,,,,final_declaration,2026-10-01,,Narmadapuram,,,,,,,,,,,,,False,,,,,,,,Tawa Canal Extension (Irrigation),,,,,,,PRJ-004,,,,,,,2025-09-01,,,,,,132,Canal/Irrigation,,,,,,,,
project,PRJ-005,,,,,,,,final_declaration,2026-08-10,,Narmadapuram,,,,,,,,,,,,,True,,,,,,,,Sohagpur Industrial Corridor,,,,,,,PRJ-005,,,,,,,2025-09-01,,,,,,110,Industrial Corridor,,,,,,,,
project,PRJ-006,,,,,,,,award,2026-10-09,,Raisen,,,,,,,,,,,,,False,,,,,,,,Raisen 400kV Transmission Line,,,,,,,PRJ-006,,,,,,,2025-09-01,,,,,,154,Transmission Line,,,,,,,,
parcel,PCL-0001,,2.84,,,22.661551,77.771708,,,,Narmadapuram,,,,,,,,,,,,"{""type"": ""Polygon"", ""coordinates"": [[[77.7723693, 22.6614373], [77.7724799, 22.6621379], [77.7716495, 22.6623542], [77.770857, 22.6622418], [77.7709524, 22.6614438], [77.7711307, 22.6606905], [77.7719384, 22.6608217], [77.7723693, 22.6614373]]]}",,,,Agricultural,,,,,,,,,OWN-0675,PCL-0001,,,PRJ-001,NH-46 Itarsi–Sohagpur Expansion,,,,,,,,possessed,,908/7,Itarsi,,,V4FGYKTP3VAL9A,,,,VLG-004,Devipura Kalan,,
parcel,PCL-0002,,2.34,,,22.824901,78.042213,,,,Narmadapuram,,,,,,,,,,,,"{""type"": ""Polygon"", ""coordinates"": [[[78.0420408, 22.8241981], [78.0428052, 22.8245598], [78.0432161, 22.8251936], [78.0423347, 22.8258062], [78.0417448, 22.825295], [78.0412942, 22.8246337], [78.0420408, 22.8241981]]]}",,,,Agricultural,,,,,,,,,OWN-0419,PCL-0002,,,PRJ-001,NH-46 Itarsi–Sohagpur Expansion,,,,,,,,notified,,452/2,Sohagpur,,,LFUF2HTEXBR89G,,,,VLG-012,Shivpura Khurd,,
parcel,PCL-0003,,0.87,,,22.511776,77.641592,,,,Narmadapuram,,,,,,,,,,,,"{""type"": ""Polygon"", ""coordinates"": [[[77.641894, 22.511974], [77.6413804, 22.5123453], [77.6409577, 22.5117343], [77.6414351, 22.5113717], [77.6419629, 22.5115029], [77.641894, 22.511974]]]}",,,,Residential,,,,,,,,,OWN-0323,PCL-0003,,,PRJ-001,NH-46 Itarsi–Sohagpur Expansion,,,,,,,,possessed,,837/4,Itarsi,,,Z32DYXGA73JBHT,,,,VLG-003,Lakshmipur,,
parcel,PCL-0004,,1.17,,,22.749573,77.931814,,,,Narmadapuram,,,,,,,,,,,,"{""type"": ""Polygon"", ""coordinates"": [[[77.9313898, 22.749514], [77.9315379, 22.7489383], [77.9321509, 22.7490722], [77.9325461, 22.7497268], [77.9320368, 22.7501397], [77.9315191, 22.7500434], [77.9313898, 22.749514]]]}",,,,Agricultural,,,,,,,,,OWN-0084,PCL-0004,,,PRJ-001,NH-46 Itarsi–Sohagpur Expansion,,,,,,,,compensation_paid,,357/7,Sohagpur,,,8G2UNKCJ9FV7L6,,,,VLG-014,Balaji Nagar Buzurg,,
parcel,PCL-0005,,2.02,,,22.54247,77.822479,,,,Narmadapuram,,,,,,,,,,,,"{""type"": ""Polygon"", ""coordinates"": [[[77.8220436, 22.5416435], [77.8228719, 22.5416541], [77.8231995, 22.5423691], [77.8231309, 22.54301], [77.8222923, 22.5433562], [77.8217227, 22.5428335], [77.8217456, 22.5420951], [77.8220436, 22.5416435]]]}",,,,Residential,,,,,,,,,OWN-0341,PCL-0005,,,PRJ-001,NH-46 Itarsi–Sohagpur Expansion,,,,,,,,awarded,,893/4,Itarsi,,,EX225QQSHUFHFX,,,,VLG-001,Govindpur Kalan,,
parcel,PCL-0006,,2.26,,,22.635251,77.849156,,,,Narmadapuram,,,,,,,,,,,,"{""type"": ""Polygon"", ""coordinates"": [[[77.8497313, 22.6351092], [77.8498486, 22.6356938], [77.8487913, 22.6361573], [77.84844, 22.6354939], [77.8485006, 22.6346011], [77.8493654, 22.6344695], [77.8497313, 22.6351092]]]}",,,,Agricultural,,,,,,,,,OWN-0405,PCL-0006,,,PRJ-001,NH-46 Itarsi–Sohagpur Expansion,,,,,,,,notified,,10/9,Itarsi,,,7WKUQ97KUKCWVH,,,,VLG-008,Govindpur Buzurg,,
parcel,PCL-0007,,1.93,,,22.543762,77.822038,,,,Narmadapuram,,,,,,,,,,,,"{""type"": ""Polygon"", ""coordinates"": [[[77.8225829, 22.5440224], [77.822109, 22.5446003], [77.8214798, 22.5440607], [77.8211892, 22.5433813], [77.8219849, 22.5429182], [77.8225967, 22.5434096], [77.8225829, 22.5440224]]]}",,,,Agricultural,,,,,,,,,OWN-0164,PCL-0007,,,PRJ-001,NH-46 Itarsi–Sohagpur Expansion,,,,,,,,possessed,,23/9,Itarsi,,,3X58Y33EUUN3GJ,,,,VLG-001,Govindpur Kalan,,
parcel,PCL-0008,,2.56,,,22.508416,77.637292,,,,Narmadapuram,,,,,,,,,,,,"{""type"": ""Polygon"", ""coordinates"": [[[77.6365154, 22.5080566], [77.6375162, 22.5077694], [77.6380201, 22.5083912], [77.6376115, 22.5091042], [77.6367484, 22.5087964], [77.6365154, 22.5080566]]]}",,,,Agricultural,,,,,,,,,OWN-0152,PCL-0008,,,PRJ-001,NH-46 Itarsi–Sohagpur Expansion,,,,,,,,compensation_paid,,386/7,Itarsi,,,LDGY8MDHX5K3RC,,,,VLG-003,Lakshmipur,,
parcel,PCL-0009,,1.25,,,22.748559,77.926279,,,,Narmadapuram,,,,,,,,,,,,"{""type"": ""Polygon"", ""coordinates"": [[[77.9258654, 22.7480609], [77.926735, 22.748107], [77.9269525, 22.7488425], [77.9262419, 22.7490529], [77.9257274, 22.7486851], [77.9258654, 22.7480609]]]}",,,,Residential,,,,,,,,,OWN-0085,PCL-0009,,,PRJ-001,NH-46 Itarsi–Sohagpur Expansion,,,,,,,,proposed,,125/8,Sohagpur,,,QB8TGM285VJGWE,,,,VLG-014,Balaji Nagar Buzurg,,
parcel,PCL-0010,,1.28,,,22.70229,77.894365,,,,Narmadapuram,,,,,,,,,,,,"{""type"": ""Polygon"", ""coordinates"": [[[77.8944675, 22.7018669], [77.8949622, 22.7020915], [77.8949409, 22.7026128], [77.8944422, 22.7027638], [77.8940446, 22.7026301], [77.8936794, 22.7022185], [77.8939075, 22.7019267], [77.8944675, 22.7018669]]]}",,,,Barren,,,,,,,,,OWN-0041,PCL-0010,,,PRJ-001,NH-46 Itarsi–Sohagpur Expansion,,,,,,,,objections,,132/4,Sohagpur,,,LFSCFHVZL5ARVC,,,,VLG-019,Mohanpur Buzurg,,
parcel,PCL-0011,,2.01,,,22.731547,77.770105,,,,Narmadapuram,,,,,,,,,,,,"{""type"": ""Polygon"", ""coordinates"": [[[77.7695944, 22.7323355], [77.7693443, 22.7317195], [77.7694474, 22.731051], [77.7699838, 22.731027], [77.7707209, 22.7308988], [77.7707233, 22.7315881], [77.7704865, 22.7322159], [77.7695944, 22.7323355]]]}",,,,Residential,,,,,,,,,OWN-0638,PCL-0011,,,PRJ-001,NH-46 Itarsi–Sohagpur Expansion,,,,,,,,notified,,433/2,Itarsi,,,SS2L37FS5KPETN,,,,VLG-009,Shivpura,,
parcel,PCL-0012,,1.73,,,22.59527,77.94484,,,,Narmadapuram,,,,,,,,,,,,"{""type"": ""Polygon"", ""coordinates"": [[[77.9440933, 22.5957678], [77.9444444, 22.5949437], [77.9450917, 22.594817], [77.9454044, 22.595266], [77.9449344, 22.5957668], [77.9440933, 22.5957678]]]}",,,,Agricultural,,,,,,,,,OWN-0372,PCL-0012,,,PRJ-001,NH-46 Itarsi–Sohagpur Expansion,,,,,,,,compensation_paid,,932/6,Sohagpur,,,TKQTAG2Q2GHMV9,,,,VLG-018,Shivpura Buzurg,,
parcel,PCL-0013,,2.13,,,22.595918,77.948652,,,,Narmadapuram,,,,,,,,,,,,"{""type"": ""Polygon"", ""coordinates"": [[[77.9492948, 22.5962161], [77.9486271, 22.5965254], [77.9479331, 22.5963891], [77.947858, 22.5957122], [77.9483803, 22.5952654], [77.9489407, 22.5953369], [77.9495287, 22.5957458], [77.9492948, 22.5962161]]]}",,,,Residential,,,,,,,,,OWN-0147,PCL-0013,,,PRJ-001,NH-46 Itarsi–Sohagpur Expansion,,,,,,,,compensation_paid,,388/5,Sohagpur,,,DZR47M6Y7UT5QV,,,,VLG-018,Shivpura Buzurg,,
parcel,PCL-0014,,2.85,,,22.823218,78.042014,,,,Narmadapuram,,,,,,,,,,,,"{""type"": ""Polygon"", ""coordinates"": [[[78.0414065, 22.822748], [78.0423819, 22.8223934], [78.0428287, 22.8232729], [78.0419555, 22.8242199], [78.0410433, 22.8238058], [78.0414065, 22.822748]]]}",,,,Agricultural,,,,,,,,,OWN-0140,PCL-0014,,,PRJ-001,NH-46 Itarsi–Sohagpur Expansion,,,,,,,,compensation_paid,,492/8,Sohagpur,,,H3ANA5YRC6LQME,,,,VLG-012,Shivpura Khurd,,
parcel,PCL-0015,,1.59,,,22.789187,78.027472,,,,Narmadapuram,,,,,,,,,,,,"{""type"": ""Polygon"", ""coordinates"": [[[78.0276797, 22.7897361], [78.0270011, 22.7898085], [78.0266489, 22.7890755], [78.0270999, 22.7886555], [78.0276965, 22.7887756], [78.0281224, 22.7892294], [78.0276797, 22.7897361]]]}",,,,Agricultural,,,,,,,,,OWN-0659,PCL-0015,,,PRJ-001,NH-46 Itarsi–Sohagpur Expansion,,,,,,,,possessed,,528/1,Sohagpur,,,79DYA7XVYGAYM3,,,,VLG-017,Ratangarh Khurd,,
parcel,PCL-0016,,0.39,,,22.804482,77.906335,,,,Narmadapuram,,,,,,,,,,,,"{""type"": ""Polygon"", ""coordinates"": [[[77.9066672, 22.8042408], [77.9067291, 22.8045144], [77.9064975, 22.8047556], [77.9062002, 22.804747], [77.9059856, 22.8044993], [77.9059816, 22.8042455], [77.9063653, 22.804178], [77.9066672, 22.8042408]]]}",,,,Agricultural,,,,,,,,,OWN-0445,PCL-0016,,,PRJ-001,NH-46 Itarsi–Sohagpur Expansion,,,,,,,,notified,,6/6,Sohagpur,,,NHNUCJ34XCLN8T,,,,VLG-016,Sonpur,,
parcel,PCL-0017,,1.52,,,22.758594,77.990212,,,,Narmadapuram,,,,,,,,,,,,"{""type"": ""Polygon"", ""coordinates"": [[[77.9897734, 22.7592351], [77.9893843, 22.7584727], [77.9901881, 22.7580081], [77.9906463, 22.758315], [77.9906582, 22.7588856], [77.9897734, 22.7592351]]]}",,,,Agricultural,,,,,,,,,OWN-0243,PCL-0017,,,PRJ-001,NH-46 Itarsi–Sohagpur Expansion,,,,,,,,awarded,,54/6,Sohagpur,,,5A58UU9F5RKMRT,,,,VLG-011,Sitapur Buzurg,,
parcel,PCL-0018,,2.98,,,22.575383,77.881353,,,,Narmadapuram,,,,,,,,,,,,"{""type"": ""Polygon"", ""coordinates"": [[[77.8806177, 22.5754276], [77.8809631, 22.5745263], [77.8820581, 22.5745609], [77.8820175, 22.5757258], [77.8813372, 22.5762095], [77.8806177, 22.5754276]]]}",,,,Barren,,,,,,,,,OWN-0197,PCL-0018,,,PRJ-001,NH-46 Itarsi–Sohagpur Expansion,,,,,,,,notified,,952/3,Itarsi,,,5BNFD24VQQX58D,,,,VLG-007,Narmadapur Khurd,,
parcel,PCL-0019,,1.97,,,22.751924,77.986858,,,,Narmadapuram,,,,,,,,,,,,"{""type"": ""Polygon"", ""coordinates"": [[[77.9874938, 22.7517526], [77.9872876, 22.752354], [77.9868658, 22.752699], [77.9862388, 22.7521792], [77.9861894, 22.7514906], [77.9869519, 22.7513172], [77.9874938, 22.7517526]]]}",,,,Residential,,,,,,,,,OWN-0343,PCL-0019,,,PRJ-001,NH-46 Itarsi–Sohagpur Expansion,,,,,,,,awarded,,312/2,Sohagpur,,,GAJXZZZRTP2FGJ,,,,VLG-011,Sitapur Buzurg,,
parcel,PCL-0020,,0.22,,,22.794448,77.964711,,,,Narmadapuram,,,,,,,,,,,,"{""type"": ""Polygon"", ""coordinates"": [[[77.9647846, 22.7946191], [77.964472, 22.7945735], [77.9644896, 22.7943325], [77.9648036, 22.7942212], [77.9649122, 22.7944168], [77.9647846, 22.7946191]]]}",,,,Barren,,,,,,,,,OWN-0259,PCL-0020,,,PRJ-001,NH-46 Itarsi–Sohagpur Expansion,,,,,,,,objections,,913/9,Sohagpur,,,YZ6H5E84BLTJUC,,,,VLG-013,Harijpur Buzurg,,
parcel,PCL-0021,,2.4,,,22.512995,77.637016,,,,Narmadapuram,,,,,,,,,,,,"{""type"": ""Polygon"", ""coordinates"": [[[77.63616, 22.513011], [77.6364857, 22.5124173], [77.6374345, 22.5122804], [77.6379149, 22.5129374], [77.637391, 22.5134441], [77.636574, 22.5137128], [77.63616, 22.513011]]]}",,,,Agricultural,,,,,,,,,OWN-0526,PCL-0021,,,PRJ-001,NH-46 Itarsi–Sohagpur Expansion,,,,,,,,proposed,,467/9,Itarsi,,,SVQUTHLQCRUCKT,,,,VLG-003,Lakshmipur,,
parcel,PCL-0022,,2.63,,,22.577961,77.877924,,,,Narmadapuram,,,,,,,,,,,,"{""type"": ""Polygon"", ""coordinates"": [[[77.8771104, 22.5779282], [77.8778742, 22.5772005], [77.8787666, 22.5774767], [77.8785746, 22.5786629], [77.8774708, 22.5787273], [77.8771104, 22.5779282]]]}",,,,Agricultural,,,,,,,,,OWN-0059,PCL-0022,,,PRJ-001,NH-46 Itarsi–Sohagpur Expansion,,,,,,,,objections,,641/1,Itarsi,,,YQTMSBG2SP6QWT,,,,VLG-007,Narmadapur Khurd,,
parcel,PCL-0023,,0.55,,,22.643672,77.973808,,,,Narmadapuram,,,,,,,,,,,,"{""type"": ""Polygon"", ""coordinates"": [[[77.9740525, 22.6439714], [77.9736238, 22.6440803], [77.9733957, 22.6437603], [77.9736523, 22.6433988], [77.9739266, 22.6433544], [77.9742875, 22.6436805], [77.9740525, 22.6439714]]]}",,,,Residential,,,,,,,,,OWN-0193,PCL-0023,,,PRJ-001,NH-46 Itarsi–Sohagpur Expansion,,,,,,,,compensation_paid,,72/3,Sohagpur,,,E5R73GJAG22BHA,,,,VLG-015,Lakshmipur Khurd,,
parcel,PCL-0024,,0.48,,,22.505346,77.638352,,,,Narmadapuram,,,,,,,,,,,,"{""type"": ""Polygon"", ""coordinates"": [[[77.6381461, 22.5051766], [77.6383731, 22.5049872], [77.6387251, 22.5051055], [77.638655, 22.5053552], [77.6385347, 22.5057397], [77.6381858, 22.5056192], [77.6380389, 22.5054289], [77.6381461, 22.5051766]]]}",,,,Agricultural,,,,,,,,,OWN-0274,PCL-0024,,,PRJ-001,NH-46 Itarsi–Sohagpur Expansion,,,,,,,,awarded,,643/9,Itarsi,,,HBCGUG4KAQBQ52,,,,VLG-003,Lakshmipur,,
parcel,PCL-0025,,2.0,,,22.601213,77.937451,,,,Narmadapuram,,,,,,,,,,,,"{""type"": ""Polygon"", ""coordinates"": [[[77.9371499, 22.6003804], [77.9380478, 22.6004841], [77.9384256, 22.6012402], [77.9377212, 22.6016997], [77.9370519, 22.6017615], [77.9368776, 22.601064], [77.9371499, 22.6003804]]]}",,,,Agricultural,,,,,,,,,OWN-0155,PCL-0025,,,PRJ-001,NH-46 Itarsi–Sohagpur Expansion,,,,,,,,proposed,,183/7,Sohagpur,,,XM5KVUYGT9ZSEA,,,,VLG-018,Shivpura Buzurg,,
parcel,PCL-0026,,1.03,,,22.794016,78.017617,,,,Narmadapuram,,,,,,,,,,,,"{""type"": ""Polygon"", ""coordinates"": [[[78.0177606, 22.7935406], [78.0180638, 22.7940003], [78.0179026, 22.7943267], [78.017372, 22.7944303], [78.0170691, 22.7940767], [78.017347, 22.7935328], [78.0177606, 22.7935406]]]}",,,,Agricultural,,,,,,,,,OWN-0142,PCL-0026,,,PRJ-001,NH-46 Itarsi–Sohagpur Expansion,,,,,,,,compensation_paid,,822/4,Sohagpur,,,2499Q2F4QFRZAP,,,,VLG-017,Ratangarh Khurd,,
parcel,PCL-0027,,1.72,,,22.601891,77.950267,,,,Narmadapuram,,,,,,,,,,,,"{""type"": ""Polygon"", ""coordinates"": [[[77.9509744, 22.6014385], [77.9506682, 22.6022702], [77.949956, 22.6026264], [77.9493763, 22.6018172], [77.9501055, 22.6013541], [77.9509744, 22.6014385]]]}",,,,Agricultural,,,,,,,,,OWN-0142,PCL-0027,,,PRJ-001,NH-46 Itarsi–Sohagpur Expansion,,,,,,,,notified,,121/3,Sohagpur,,,2B5ZDGE8LBKZKF,,,,VLG-018,Shivpura Buzurg,,
parcel,PCL-0028,,0.14,,,22.824896,78.049462,,,,Narmadapuram,,,,,,,,,,,,"{""type"": ""Polygon"", ""coordinates"": [[[78.0492635, 22.8249555], [78.0493932, 22.8247204], [78.0496092, 22.8247718], [78.0495942, 22.8249605], [78.0494639, 22.8250387], [78.0492635, 22.8249555]]]}",,,,Residential,,,,,,,,,OWN-0619,PCL-0028,,,PRJ-001,NH-46 Itarsi–Sohagpur Expansion,,,,,,,,compensation_paid,,770/3,Sohagpur,,,LA357SVQ5LTF2J,,,,VLG-012,Shivpura Khurd,,
parcel,PCL-0029,,1.26,,,22.635648,77.848103,,,,Narmadapuram,,,,,,,,,,,,"{""type"": ""Polygon"", ""coordinates"": [[[77.8485708, 22.6355989], [77.8485213, 22.6360567], [77.8480296, 22.6361827], [77.8477327, 22.6359039], [77.8475319, 22.635512], [77.8478923, 22.6352507], [77.8484289, 22.6350633], [77.8485708, 22.6355989]]]}",,,,Agricultural,,,,,,,,,OWN-0246,PCL-0029,,,PRJ-001,NH-46 Itarsi–Sohagpur Expansion,,,,,,,,objections,,289/3,Itarsi,,,GEPAVNNCRTFC8C,,,,VLG-008,Govindpur Buzurg,,
parcel,PCL-0030,,0.37,,,22.701924,77.772026,,,,Narmadapuram,,,,,,,,,,,,"{""type"": ""Polygon"", ""coordinates"": [[[77.772315, 22.7018534], [77.7722503, 22.7021173], [77.7719761, 22.7022595], [77.7716376, 22.702042], [77.7717898, 22.7017051], [77.7721119, 22.7017126], [77.772315, 22.7018534]]]}",,,,Agricultural,,,,,,,,,OWN-0489,PCL-0030,,,PRJ-001,NH-46 Itarsi–Sohagpur Expansion,,,,,,,,disputed_litigation,,601/1,Itarsi,,,ULK7FFQPKLX6JX,,,,VLG-010,Harijpur Kalan,,
parcel,PCL-0031,,1.91,,,22.587647,77.949961,,,,Narmadapuram,,,,,,,,,,,,"{""type"": ""Polygon"", ""coordinates"": [[[77.950032, 22.5870647], [77.9504726, 22.5873994], [77.9507472, 22.5878365], [77.9502211, 22.5884311], [77.9495409, 22.5883989], [77.9490042, 22.5876967], [77.9496088, 22.5872177], [77.950032, 22.5870647]]]}",,,,Agricultural,,,,,,,,,OWN-0322,PCL-0031,,,PRJ-001,NH-46 Itarsi–Sohagpur Expansion,,,,,,,,proposed,,174/5,Sohagpur,,,LETZYFEM7S8S6J,,,,VLG-018,Shivpura Buzurg,,
parcel,PCL-0032,,0.21,,,22.545531,77.8333,,,,Narmadapuram,,,,,,,,,,,,"{""type"": ""Polygon"", ""coordinates"": [[[77.8334856, 22.5454011], [77.8335773, 22.5456701], [77.8333929, 22.5457725], [77.8331766, 22.5456971], [77.8330237, 22.5455161], [77.8331247, 22.5453398], [77.8333509, 22.5453377], [77.8334856, 22.5454011]]]}",,,,Agricultural,,,,,,,,,OWN-0009,PCL-0032,,,PRJ-001,NH-46 Itarsi–Sohagpur Expansion,,,,,,,,possessed,,159/2,Itarsi,,,U2L3EQ27FY777G,,,,VLG-001,Govindpur Kalan,,
parcel,PCL-0033,,2.22,,,22.710839,77.898163,,,,Narmadapuram,,,,,,,,,,,,"{""type"": ""Polygon"", ""coordinates"": [[[77.8984339, 22.7114687], [77.8975253, 22.7113025], [77.8973862, 22.7106349], [77.8979297, 22.7103217], [77.8986239, 22.7102298], [77.8988755, 22.7110098], [77.8984339, 22.7114687]]]}",,,,Agricultural,,,,,,,,,OWN-0616,PCL-0033,,,PRJ-001,NH-46 Itarsi–Sohagpur Expansion,,,,,,,,proposed,,793/7,Sohagpur,,,DZ58PDPB5TSMFK,,,,VLG-019,Mohanpur Buzurg,,
parcel,PCL-0034,,1.27,,,22.57363,77.882246,,,,Narmadapuram,,,,,,,,,,,,"{""type"": ""Polygon"", ""coordinates"": [[[77.8817228, 22.5735249], [77.8821265, 22.5732035], [77.8826578, 22.5732749], [77.8827332, 22.5737424], [77.8824868, 22.5741281], [77.8818206, 22.574125], [77.8817228, 22.5735249]]]}",,,,Agricultural,,,,,,,,,OWN-0448,PCL-0034,,,PRJ-001,NH-46 Itarsi–Sohagpur Expansion,,,,,,,,notified,,364/7,Itarsi,,,ANEKWWAK7K9WH4,,,,VLG-007,Narmadapur Khurd,,
parcel,PCL-0035,,2.97,,,22.816974,77.914252,,,,Narmadapuram,,,,,,,,,,,,"{""type"": ""Polygon"", ""coordinates"": [[[77.9135264, 22.817078], [77.9131862, 22.8164614], [77.9141335, 22.8160845], [77.9148114, 22.8163449], [77.9154357, 22.8170585], [77.9146165, 22.8178205], [77.9140463, 22.8179832], [77.9135264, 22.817078]]]}",,,,Barren,,,,,,,,,OWN-0315,PCL-0035,,,PRJ-001,NH-46 Itarsi–Sohagpur Expansion,,,,,,,,proposed,,515/2,Sohagpur,,,9744YY5XHM75ZM,,,,VLG-016,Sonpur,,
parcel,PCL-0036,,1.67,,,22.709587,77.88877,,,,Narmadapuram,,,,,,,,,,,,"{""type"": ""Polygon"", ""coordinates"": [[[77.8884687, 22.708913], [77.889271, 22.7089293], [77.8892823, 22.7094126], [77.8891504, 22.7099494], [77.8889089, 22.7103904], [77.8882066, 22.710123], [77.8880703, 22.7094025], [77.8884687, 22.708913]]]}",,,,Agricultural,,,,,,,,,OWN-0516,PCL-0036,,,PRJ-001,NH-46 Itarsi–Sohagpur Expansion,,,,,,,,compensation_paid,,596/1,Sohagpur,,,U4PQ72HN8HY743,,,,VLG-019,Mohanpur Buzurg,,
parcel,PCL-0037,,2.37,,,22.591327,77.942384,,,,Narmadapuram,,,,,,,,,,,,"{""type"": ""Polygon"", ""coordinates"": [[[77.9421799, 22.5922167], [77.9417928, 22.5917106], [77.9416617, 22.5910007], [77.942042, 22.5907838], [77.942858, 22.5905194], [77.9432766, 22.5913095], [77.9431923, 22.5919643], [77.9421799, 22.5922167]]]}",,,,Barren,,,,,,,,,OWN-0248,PCL-0037,,,PRJ-001,NH-46 Itarsi–Sohagpur Expansion,,,,,,,,possessed,,570/7,Sohagpur,,,N3D5J2M3WL5QGJ,,,,VLG-018,Shivpura Buzurg,,
parcel,PCL-0038,,1.93,,,22.793785,77.961483,,,,Narmadapuram,,,,,,,,,,,,"{""type"": ""Polygon"", ""coordinates"": [[[77.9620506, 22.7935598], [77.9620442, 22.7939516], [77.9617316, 22.7942419], [77.96109, 22.7942212], [77.9607009, 22.7938089], [77.9610455, 22.7931733], [77.961469, 22.7929883], [77.9620506, 22.7935598]]]}",,,,Agricultural,,,,,,,,,OWN-0650,PCL-0038,,,PRJ-001,NH-46 Itarsi–Sohagpur Expansion,,,,,,,,possessed,,647/6,Sohagpur,,,MRQVNR2SDTFKBG,,,,VLG-013,Harijpur Buzurg,,
parcel,PCL-0039,,2.79,,,22.659844,77.771275,,,,Narmadapuram,,,,,,,,,,,,"{""type"": ""Polygon"", ""coordinates"": [[[77.7719095, 22.6592357], [77.7723053, 22.6601762], [77.7714358, 22.6606728], [77.7708036, 22.6603187], [77.7706771, 22.6595087], [77.7712129, 22.6590583], [77.7719095, 22.6592357]]]}",,,,Barren,,,,,,,,,OWN-0462,PCL-0039,,,PRJ-001,NH-46 Itarsi–Sohagpur Expansion,,,,,,,,objections,,828/3,Itarsi,,,MVAMCHXY8ALSHN,,,,VLG-004,Devipura Kalan,,
parcel,PCL-0040,,1.65,,,22.815417,77.906791,,,,Narmadapuram,,,,,,,,,,,,"{""type"": ""Polygon"", ""coordinates"": [[[77.9071262, 22.8149645], [77.9073479, 22.81561], [77.9066283, 22.8162141], [77.9061207, 22.8156004], [77.9065605, 22.8148599], [77.9071262, 22.8149645]]]}",,,,Mixed Use,,,,,,,,,OWN-0302,PCL-0040,,,PRJ-001,NH-46 Itarsi–Sohagpur Expansion,,,,,,,,awarded,,479/8,Sohagpur,,,53NSMNT3GVLP95,,,,VLG-016,Sonpur,,
parcel,PCL-0041,,1.83,,,22.752724,77.986286,,,,Narmadapuram,,,,,,,,,,,,"{""type"": ""Polygon"", ""coordinates"": [[[77.9856721, 22.752294], [77.9865346, 22.7520242], [77.9868879, 22.7526651], [77.9865991, 22.7533511], [77.9857267, 22.7530423], [77.9856721, 22.752294]]]}",,,,Agricultural,,,,,,,,,OWN-0661,PCL-0041,,,PRJ-001,NH-46 Itarsi–Sohagpur Expansion,,,,,,,,possessed,,974/9,Sohagpur,,,Y3BHMW5MYREPZZ,,,,VLG-011,Sitapur Buzurg,,
parcel,PCL-0042,,0.45,,,22.686245,77.7722,,,,Narmadapuram,,,,,,,,,,,,"{""type"": ""Polygon"", ""coordinates"": [[[77.7722677, 22.6865451], [77.7720152, 22.6864379], [77.7718989, 22.6861831], [77.7720784, 22.6859124], [77.7725599, 22.6859797], [77.7725719, 22.6863917], [77.7722677, 22.6865451]]]}",,,,Barren,,,,,,,,,OWN-0662,PCL-0042,,,PRJ-001,NH-46 Itarsi–Sohagpur Expansion,,,,,,,,awarded,,432/7,Itarsi,,,WWNND99CT4HH6L,,,,VLG-010,Harijpur Kalan,,
parcel,PCL-0043,,1.81,,,22.686413,77.77076,,,,Narmadapuram,,,,,,,,,,,,"{""type"": ""Polygon"", ""coordinates"": [[[77.7702735, 22.6856702], [77.7711948, 22.6859672], [77.7714058, 22.6866604], [77.7706708, 22.6872505], [77.770065, 22.6867761], [77.7702735, 22.6856702]]]}",,,,Agricultural,,,,,,,,,OWN-0098,PCL-0043,,,PRJ-001,NH-46 Itarsi–Sohagpur Expansion,,,,,,,,proposed,,850/7,Itarsi,,,VTWY3FW9D3V79H,,,,VLG-010,Harijpur Kalan,,
parcel,PCL-0044,,0.18,,,22.780321,77.948567,,,,Narmadapuram,,,,,,,,,,,,"{""type"": ""Polygon"", ""coordinates"": [[[77.9488282, 22.780342], [77.9486447, 22.7804702], [77.9483391, 22.780462], [77.9483842, 22.7801802], [77.9485926, 22.7800848], [77.9488282, 22.780342]]]}",,,,Residential,,,,,,,,,OWN-0045,PCL-0044,,,PRJ-001,NH-46 Itarsi–Sohagpur Expansion,,,,,,,,proposed,,114/1,Sohagpur,,,VESX2TLJ7HJWK4,,,,VLG-013,Harijpur Buzurg,,
parcel,PCL-0045,,2.04,,,22.661439,77.778268,,,,Narmadapuram,,,,,,,,,,,,"{""type"": ""Polygon"", ""coordinates"": [[[77.7779991, 22.6608369], [77.7786268, 22.6609236], [77.7789586, 22.6613649], [77.7787922, 22.6620096], [77.777772, 22.6620812], [77.7776139, 22.6614102], [77.7779991, 22.6608369]]]}",,,,Agricultural,,,,,,,,,OWN-0507,PCL-0045,,,PRJ-001,NH-46 Itarsi–Sohagpur Expansion,,,,,,,,proposed,,62/4,Itarsi,,,AP72N9GXPWV7KG,,,,VLG-004,Devipura Kalan,,
parcel,PCL-0046,,2.76,,,22.746235,77.927733,,,,Narmadapuram,,,,,,,,,,,,"{""type"": ""Polygon"", ""coordinates"": [[[77.9269918, 22.7461088], [77.9272747, 22.7456974], [77.9279965, 22.745248], [77.92843, 22.7460272], [77.92855, 22.7468255], [77.9279872, 22.7472355], [77.9273269, 22.7467287], [77.9269918, 22.7461088]]]}",,,,Agricultural,,,,,,,,,OWN-0464,PCL-0046,,,PRJ-001,NH-46 Itarsi–Sohagpur Expansion,,,,,,,,compensation_paid,,361/5,Sohagpur,,,HFY5PK35XD6TZG,,,,VLG-014,Balaji Nagar Buzurg,,
parcel,PCL-0047,,2.22,,,22.636682,77.977152,,,,Narmadapuram,,,,,,,,,,,,"{""type"": ""Polygon"", ""coordinates"": [[[77.9775971, 22.6373692], [77.9767947, 22.6371714], [77.9764518, 22.6367433], [77.9767911, 22.6361921], [77.9777167, 22.6360927], [77.9779843, 22.6366603], [77.9775971, 22.6373692]]]}",,,,Agricultural,,,,,,,,,OWN-0636,PCL-0047,,,PRJ-001,NH-46 Itarsi–Sohagpur Expansion,,,,,,,,notified,,717/7,Sohagpur,,,33GQT9PLPYUUAG,,,,VLG-015,Lakshmipur Khurd,,
parcel,PCL-0048,,2.24,,,22.550172,77.833188,,,,Narmadapuram,,,,,,,,,,,,"{""type"": ""Polygon"", ""coordinates"": [[[77.8330142, 22.5507767], [77.832549, 22.5500309], [77.8328803, 22.5494801], [77.8337464, 22.5498254], [77.83369, 22.5505179], [77.8330142, 22.5507767]]]}",,,,Agricultural,,,,,,,,,OWN-0010,PCL-0048,,,PRJ-001,NH-46 Itarsi–Sohagpur Expansion,,,,,,,,compensation_paid,,609/6,Itarsi,,,8A9R8HCBUQLKGG,,,,VLG-001,Govindpur Kalan,,
parcel,PCL-0049,,1.41,,,22.702074,77.779495,,,,Narmadapuram,,,,,,,,,,,,"{""type"": ""Polygon"", ""coordinates"": [[[77.77912, 22.7015987], [77.7798312, 22.7016377], [77.7801523, 22.7020261], [77.7798631, 22.7027144], [77.7791181, 22.7025582], [77.7788394, 22.702135], [77.77912, 22.7015987]]]}",,,,Barren,,,,,,,,,OWN-0152,PCL-0049,,,PRJ-001,NH-46 Itarsi–Sohagpur Expansion,,,,,,,,compensation_paid,,421/4,Itarsi,,,KY9BR5ZPFN2GT6,,,,VLG-010,Harijpur Kalan,,
parcel,PCL-0050,,0.87,,,22.710281,77.893985,,,,Narmadapuram,,,,,,,,,,,,"{""type"": ""Polygon"", ""coordinates"": [[[77.8936463, 22.7100095], [77.8939464, 22.7097882], [77.894541, 22.7100536], [77.8945279, 22.7105096], [77.893949, 22.7108299], [77.8936411, 22.7104709], [77.8936463, 22.7100095]]]}",,,,Mixed Use,,,,,,,,,OWN-0151,PCL-0050,,,PRJ-001,NH-46 Itarsi–Sohagpur Expansion,,,,,,,,proposed,,478/3,Sohagpur,,,ULV9UEUA7CPUHD,,,,VLG-019,Mohanpur Buzurg,,
parcel,PCL-0051,,0.11,,,22.735703,77.768481,,,,Narmadapuram,,,,,,,,,,,,"{""type"": ""Polygon"", ""coordinates"": [[[77.7684878, 22.735851], [77.7682849, 22.7357363], [77.7684071, 22.7355861], [77.768556, 22.7355744], [77.7686139, 22.7357699], [77.7684878, 22.735851]]]}",,,,Barren,,,,,,,,,OWN-0083,PCL-0051,,,PRJ-001,NH-46 Itarsi–Sohagpur Expansion,,,,,,,,awarded,,298/4,Itarsi,,,C8YR253GSVVM5W,,,,VLG-009,Shivpura,,
parcel,PCL-0052,,2.08,,,22.784546,78.014266,,,,Narmadapuram,,,,,,,,,,,,"{""type"": ""Polygon"", ""coordinates"": [[[78.0145298, 22.7851468], [78.0137487, 22.7850793], [78.0133664, 22.7847172], [78.0138947, 22.7840958], [78.0143891, 22.7837439], [78.0150161, 22.7841313], [78.0149599, 22.7847487], [78.0145298, 22.7851468]]]}",,,,Mixed Use,,,,,,,,,OWN-0421,PCL-0052,,,PRJ-001,NH-46 Itarsi–Sohagpur Expansion,,,,,,,,awarded,,473/1,Sohagpur,,,B4FJVRZJUD3J3A,,,,VLG-017,Ratangarh Khurd,,
parcel,PCL-0053,,2.53,,,22.661919,77.770609,,,,Narmadapuram,,,,,,,,,,,,"{""type"": ""Polygon"", ""coordinates"": [[[77.7713939, 22.6625358], [77.7705875, 22.6628108], [77.7700209, 22.662249], [77.7697582, 22.6617155], [77.7702541, 22.6610836], [77.7710054, 22.6611691], [77.7713034, 22.6618791], [77.7713939, 22.6625358]]]}",,,,Mixed Use,,,,,,,,,OWN-0656,PCL-0053,,,PRJ-001,NH-46 Itarsi–Sohagpur Expansion,,,,,,,,possessed,,873/3,Itarsi,,,VVA9NHEAKHGRPG,,,,VLG-004,Devipura Kalan,,
parcel,PCL-0054,,2.51,,,22.804012,77.905489,,,,Narmadapuram,,,,,,,,,,,,"{""type"": ""Polygon"", ""coordinates"": [[[77.9052721, 22.8046419], [77.9044533, 22.8041012], [77.9051303, 22.8032253], [77.9062442, 22.8034831], [77.9061036, 22.8043187], [77.9052721, 22.8046419]]]}",,,,Mixed Use,,,,,,,,,OWN-0146,PCL-0054,,,PRJ-001,NH-46 Itarsi–Sohagpur Expansion,,,,,,,,proposed,,839/4,Sohagpur,,,LN88UUG9ZT32G7,,,,VLG-016,Sonpur,,
parcel,PCL-0055,,0.53,,,22.749513,77.986492,,,,Narmadapuram,,,,,,,,,,,,"{""type"": ""Polygon"", ""coordinates"": [[[77.986925, 22.7495128], [77.9866256, 22.7498867], [77.9862862, 22.7499238], [77.9861099, 22.7494297], [77.9863637, 22.7492123], [77.9867464, 22.7492667], [77.986925, 22.7495128]]]}",,,,Mixed Use,,,,,,,,,OWN-0516,PCL-0055,,,PRJ-001,NH-46 Itarsi–Sohagpur Expansion,,,,,,,,possessed,,216/6,Sohagpur,,,2EMKYX7JTV3E82,,,,VLG-011,Sitapur Buzurg,,
parcel,PCL-0056,,1.77,,,22.70846,77.898338,,,,Narmadapuram,,,,,,,,,,,,"{""type"": ""Polygon"", ""coordinates"": [[[77.8982404, 22.7091622], [77.8977002, 22.7088512], [77.8978269, 22.7082623], [77.8979022, 22.7078123], [77.8986582, 22.7077854], [77.8991308, 22.708337], [77.8988245, 22.7088157], [77.8982404, 22.7091622]]]}",,,,Residential,,,,,,,,,OWN-0243,PCL-0056,,,PRJ-001,NH-46 Itarsi–Sohagpur Expansion,,,,,,,,compensation_paid,,108/3,Sohagpur,,,24EDSHCE6ZBMWG,,,,VLG-019,Mohanpur Buzurg,,
parcel,PCL-0057,,1.2,,,22.666828,77.786453,,,,Narmadapuram,,,,,,,,,,,,"{""type"": ""Polygon"", ""coordinates"": [[[77.7866768, 22.667403], [77.785954, 22.6672582], [77.7859416, 22.6665196], [77.7866285, 22.6664333], [77.787196, 22.6666941], [77.7866768, 22.667403]]]}",,,,Mixed Use,,,,,,,,,OWN-0035,PCL-0057,,,PRJ-001,NH-46 Itarsi–Sohagpur Expansion,,,,,,,,proposed,,830/3,Itarsi,,,AZ4EXM9NP8YYJE,,,,VLG-004,Devipura Kalan,,
parcel,PCL-0058,,1.91,,,22.756773,77.996847,,,,Narmadapuram,,,,,,,,,,,,"{""type"": ""Polygon"", ""coordinates"": [[[77.9969267, 22.7562275], [77.9976334, 22.7566227], [77.9971462, 22.7572974], [77.9960646, 22.7572515], [77.9960788, 22.7564473], [77.9969267, 22.7562275]]]}",,,,Agricultural,,,,,,,,,OWN-0162,PCL-0058,,,PRJ-001,NH-46 Itarsi–Sohagpur Expansion,,,,,,,,proposed,,992/5,Sohagpur,,,ERV3DH8SBCX4SN,,,,VLG-011,Sitapur Buzurg,,
parcel,PCL-0059,,0.5,,,22.512885,77.634448,,,,Narmadapuram,,,,,,,,,,,,"{""type"": ""Polygon"", ""coordinates"": [[[77.6347429, 22.5126536], [77.6348094, 22.5130472], [77.6345791, 22.5132927], [77.6342257, 22.5131396], [77.6340901, 22.5129698], [77.6341412, 22.5125423], [77.6345458, 22.5125422], [77.6347429, 22.5126536]]]}",,,,Agricultural,,,,,,,,,OWN-0043,PCL-0059,,,PRJ-001,NH-46 Itarsi–Sohagpur Expansion,,,,,,,,notified,,107/1,Itarsi,,,9QY58VQBDBN2B8,,,,VLG-003,Lakshmipur,,
parcel,PCL-0060,,2.32,,,22.638877,77.981932,,,,Narmadapuram,,,,,,,,,,,,"{""type"": ""Polygon"", ""coordinates"": [[[77.9812849, 22.6387697], [77.9817566, 22.6379441], [77.9824703, 22.6383776], [77.9825725, 22.6391674], [77.9821428, 22.6394019], [77.9812442, 22.6394876], [77.9812849, 22.6387697]]]}",,,,Agricultural,,,,,,,,,OWN-0550,PCL-0060,,,PRJ-001,NH-46 Itarsi–Sohagpur Expansion,,,,,,,,compensation_paid,,582/1,Sohagpur,,,ARDEDJ6MUCWYRU,,,,VLG-015,Lakshmipur Khurd,,
parcel,PCL-0061,,1.49,,,22.63317,77.971892,,,,Narmadapuram,,,,,,,,,,,,"{""type"": ""Polygon"", ""coordinates"": [[[77.9725516, 22.6328455], [77.9724809, 22.6336963], [77.9717243, 22.6337488], [77.9713353, 22.6334223], [77.9712622, 22.6327019], [77.9719307, 22.6324161], [77.9725516, 22.6328455]]]}",,,,Agricultural,,,,,,,,,OWN-0555,PCL-0061,,,PRJ-001,NH-46 Itarsi–Sohagpur Expansion,,,,,,,,objections,,516/2,Sohagpur,,,DY49TFPJQVPHZK,,,,VLG-015,Lakshmipur Khurd,,
parcel,PCL-0062,,2.13,,,22.746256,77.932367,,,,Narmadapuram,,,,,,,,,,,,"{""type"": ""Polygon"", ""coordinates"": [[[77.9330443, 22.7464166], [77.9324736, 22.746906], [77.9317961, 22.7464381], [77.931893, 22.7457208], [77.9325744, 22.7455922], [77.9330443, 22.7464166]]]}",,,,Residential,,,,,,,,,OWN-0230,PCL-0062,,,PRJ-001,NH-46 Itarsi–Sohagpur Expansion,,,,,,,,awarded,,211/7,Sohagpur,,,M5DVCYBXSPBX55,,,,VLG-014,Balaji Nagar Buzurg,,
parcel,PCL-0063,,2.44,,,22.516419,77.634557,,,,Narmadapuram,,,,,,,,,,,,"{""type"": ""Polygon"", ""coordinates"": [[[77.6342114, 22.5171606], [77.6336966, 22.5168176], [77.6339257, 22.5160591], [77.6345122, 22.5156432], [77.6351091, 22.5159764], [77.6352998, 22.5165252], [77.6349788, 22.5169907], [77.6342114, 22.5171606]]]}",,,,Agricultural,,,,,,,,,OWN-0556,PCL-0063,,,PRJ-001,NH-46 Itarsi–Sohagpur Expansion,,,,,,,,possessed,,303/6,Itarsi,,,3CTZTSAHVWSM67,,,,VLG-003,Lakshmipur,,
parcel,PCL-0064,,0.13,,,22.663351,77.769774,,,,Narmadapuram,,,,,,,,,,,,"{""type"": ""Polygon"", ""coordinates"": [[[77.7698447, 22.6632295], [77.7699467, 22.6633622], [77.7698903, 22.6634742], [77.7697753, 22.6635006], [77.769617, 22.6634182], [77.7696362, 22.6632817], [77.7697332, 22.6632089], [77.7698447, 22.6632295]]]}",,,,Agricultural,,,,,,,,,OWN-0051,PCL-0064,,,PRJ-001,NH-46 Itarsi–Sohagpur Expansion,,,,,,,,awarded,,239/2,Itarsi,,,CM6WCQDSSBYCRY,,,,VLG-004,Devipura Kalan,,
parcel,PCL-0065,,1.57,,,22.819414,78.036868,,,,Narmadapuram,,,,,,,,,,,,"{""type"": ""Polygon"", ""coordinates"": [[[78.0365278, 22.8200947], [78.0361307, 22.8193228], [78.0368563, 22.8189055], [78.0375595, 22.8190427], [78.0373536, 22.8198165], [78.0365278, 22.8200947]]]}",,,,Residential,,,,,,,,,OWN-0482,PCL-0065,,,PRJ-001,NH-46 Itarsi–Sohagpur Expansion,,,,,,,,compensation_paid,,966/5,Sohagpur,,,BLZCUKBGPWYP2C,,,,VLG-012,Shivpura Khurd,,
parcel,PCL-0066,,1.21,,,22.783621,78.028267,,,,Narmadapuram,,,,,,,,,,,,"{""type"": ""Polygon"", ""coordinates"": [[[78.0288916, 22.7835698], [78.0285201, 22.7841715], [78.0278397, 22.7840319], [78.0275547, 22.7834626], [78.0283683, 22.7830371], [78.0288916, 22.7835698]]]}",,,,Agricultural,,,,,,,,,OWN-0533,PCL-0066,,,PRJ-001,NH-46 Itarsi–Sohagpur Expansion,,,,,,,,compensation_paid,,452/6,Sohagpur,,,TNURXRZQ7WHR64,,,,VLG-017,Ratangarh Khurd,,
parcel,PCL-0067,,1.12,,,22.83295,78.043753,,,,Narmadapuram,,,,,,,,,,,,"{""type"": ""Polygon"", ""coordinates"": [[[78.0430904, 22.8330703], [78.0432278, 22.8325397], [78.0439624, 22.8323149], [78.0443279, 22.8325581], [78.0443363, 22.8331842], [78.0439451, 22.8335501], [78.0435264, 22.8333167], [78.0430904, 22.8330703]]]}",,,,Residential,,,,,,,,,OWN-0518,PCL-0067,,,PRJ-001,NH-46 Itarsi–Sohagpur Expansion,,,,,,,,objections,,152/8,Sohagpur,,,NM7ALH4S8GJC5B,,,,VLG-012,Shivpura Khurd,,
parcel,PCL-0068,,2.97,,,22.709939,77.884402,,,,Narmadapuram,,,,,,,,,,,,"{""type"": ""Polygon"", ""coordinates"": [[[77.8851136, 22.7094381], [77.8853489, 22.7103779], [77.8846448, 22.7109835], [77.8835116, 22.710349], [77.8833337, 22.7094181], [77.8841507, 22.7089767], [77.8851136, 22.7094381]]]}",,,,Agricultural,,,,,,,,,OWN-0460,PCL-0068,,,PRJ-001,NH-46 Itarsi–Sohagpur Expansion,,,,,,,,objections,,933/7,Sohagpur,,,65U8JMFKAZ72W6,,,,VLG-019,Mohanpur Buzurg,,
parcel,PCL-0069,,2.84,,,22.566922,77.878718,,,,Narmadapuram,,,,,,,,,,,,"{""type"": ""Polygon"", ""coordinates"": [[[77.8796118, 22.5671861], [77.8789656, 22.5679561], [77.8781276, 22.5675055], [77.8776471, 22.5665118], [77.8782897, 22.5659314], [77.8795744, 22.5663694], [77.8796118, 22.5671861]]]}",,,,Agricultural,,,,,,,,,OWN-0285,PCL-0069,,,PRJ-001,NH-46 Itarsi–Sohagpur Expansion,,,,,,,,objections,,589/6,Itarsi,,,GYULHUT96QLUSG,,,,VLG-007,Narmadapur Khurd,,
parcel,PCL-0070,,0.51,,,22.575677,77.880644,,,,Narmadapuram,,,,,,,,,,,,"{""type"": ""Polygon"", ""coordinates"": [[[77.8811127, 22.575817], [77.8807022, 22.5760962], [77.8802675, 22.5759296], [77.8803804, 22.5754982], [77.8808871, 22.5753753], [77.8811127, 22.575817]]]}",,,,Residential,,,,,,,,,OWN-0534,PCL-0070,,,PRJ-001,NH-46 Itarsi–Sohagpur Expansion,,,,,,,,compensation_paid,,130/8,Itarsi,,,UHH659SFJTHYFQ,,,,VLG-007,Narmadapur Khurd,,
parcel,PCL-0071,,1.05,,,22.822626,78.043778,,,,Narmadapuram,,,,,,,,,,,,"{""type"": ""Polygon"", ""coordinates"": [[[78.0437646, 22.8222305], [78.0443041, 22.8222184], [78.0442151, 22.8226146], [78.0440352, 22.8230947], [78.0436341, 22.8231454], [78.0431864, 22.8227349], [78.0433317, 22.822251], [78.0437646, 22.8222305]]]}",,,,Agricultural,,,,,,,,,OWN-0601,PCL-0071,,,PRJ-001,NH-46 Itarsi–Sohagpur Expansion,,,,,,,,notified,,386/4,Sohagpur,,,NS8K9M9UJNFPA5,,,,VLG-012,Shivpura Khurd,,
parcel,PCL-0072,,1.72,,,22.541928,77.821912,,,,Narmadapuram,,,,,,,,,,,,"{""type"": ""Polygon"", ""coordinates"": [[[77.8216473, 22.5412581], [77.8222649, 22.5414144], [77.8228056, 22.5420484], [77.8221308, 22.5426936], [77.8213539, 22.5424409], [77.8211468, 22.5418354], [77.8216473, 22.5412581]]]}",,,,Agricultural,,,,,,,,,OWN-0557,PCL-0072,,,PRJ-001,NH-46 Itarsi–Sohagpur Expansion,,,,,,,,awarded,,493/5,Itarsi,,,GQHU46WR5HM7WH,,,,VLG-001,Govindpur Kalan,,
parcel,PCL-0073,,2.14,,,22.63975,77.983303,,,,Narmadapuram,,,,,,,,,,,,"{""type"": ""Polygon"", ""coordinates"": [[[77.9828506, 22.6393983], [77.9833233, 22.6391272], [77.9840334, 22.6395491], [77.983876, 22.6401579], [77.9831718, 22.6404442], [77.9825685, 22.6399629], [77.9828506, 22.6393983]]]}",,,,Mixed Use,,,,,,,,,OWN-0056,PCL-0073,,,PRJ-001,NH-46 Itarsi–Sohagpur Expansion,,,,,,,,notified,,275/8,Sohagpur,,,QXCV64QLPHXJBB,,,,VLG-015,Lakshmipur Khurd,,
parcel,PCL-0074,,2.36,,,22.823864,78.040729,,,,Narmadapuram,,,,,,,,,,,,"{""type"": ""Polygon"", ""coordinates"": [[[78.0414165, 22.8240202], [78.0410076, 22.8248206], [78.0401923, 22.824405], [78.0399841, 22.8238464], [78.0401439, 22.823382], [78.0408542, 22.8230709], [78.0412412, 22.8235507], [78.0414165, 22.8240202]]]}",,,,Agricultural,,,,,,,,,OWN-0540,PCL-0074,,,PRJ-001,NH-46 Itarsi–Sohagpur Expansion,,,,,,,,possessed,,105/9,Sohagpur,,,39CLUVBQRCTH23,,,,VLG-012,Shivpura Khurd,,
parcel,PCL-0075,,2.6,,,22.570272,77.878362,,,,Narmadapuram,,,,,,,,,,,,"{""type"": ""Polygon"", ""coordinates"": [[[77.8783928, 22.5696775], [77.8791927, 22.5698723], [77.8793473, 22.5704382], [77.8785565, 22.5709249], [77.8779387, 22.5708901], [77.8774898, 22.5704419], [77.8777171, 22.5698779], [77.8783928, 22.5696775]]]}",,,,Agricultural,,,,,,,,,OWN-0271,PCL-0075,,,PRJ-001,NH-46 Itarsi–Sohagpur Expansion,,,,,,,,notified,,993/8,Itarsi,,,2U5FQ4T8UR2B93,,,,VLG-007,Narmadapur Khurd,,
parcel,PCL-0076,,1.41,,,22.780556,77.957863,,,,Narmadapuram,,,,,,,,,,,,"{""type"": ""Polygon"", ""coordinates"": [[[77.9573824, 22.7807127], [77.9575212, 22.7801912], [77.9581679, 22.7801898], [77.9583816, 22.7807126], [77.9577698, 22.7811831], [77.9573824, 22.7807127]]]}",,,,Barren,,,,,,,,,OWN-0413,PCL-0076,,,PRJ-001,NH-46 Itarsi–Sohagpur Expansion,,,,,,,,proposed,,632/8,Sohagpur,,,QD9S4VXKCW4ATP,,,,VLG-013,Harijpur Buzurg,,
parcel,PCL-0077,,1.68,,,22.549591,77.823741,,,,Narmadapuram,,,,,,,,,,,,"{""type"": ""Polygon"", ""coordinates"": [[[77.8230307, 22.5497575], [77.823234, 22.5490147], [77.8240242, 22.5490181], [77.8242618, 22.5493932], [77.8243205, 22.5499848], [77.8236538, 22.5501305], [77.8230307, 22.5497575]]]}",,,,Barren,,,,,,,,,OWN-0117,PCL-0077,,,PRJ-001,NH-46 Itarsi–Sohagpur Expansion,,,,,,,,possessed,,40/7,Itarsi,,,9L9J43AUH5UTWZ,,,,VLG-001,Govindpur Kalan,,
parcel,PCL-0078,,0.51,,,22.699228,77.891254,,,,Narmadapuram,,,,,,,,,,,,"{""type"": ""Polygon"", ""coordinates"": [[[77.8916441, 22.6990981], [77.8915274, 22.6993961], [77.8913143, 22.6996364], [77.890846, 22.6994731], [77.8908142, 22.6992161], [77.8910739, 22.6989487], [77.8913526, 22.6988842], [77.8916441, 22.6990981]]]}",,,,Agricultural,,,,,,,,,OWN-0006,PCL-0078,,,PRJ-001,NH-46 Itarsi–Sohagpur Expansion,,,,,,,,possessed,,320/4,Sohagpur,,,NG7XGD7LEYQYAN,,,,VLG-019,Mohanpur Buzurg,,
parcel,PCL-0079,,2.48,,,22.731667,77.777524,,,,Narmadapuram,,,,,,,,,,,,"{""type"": ""Polygon"", ""coordinates"": [[[77.7767302, 22.7323364], [77.7766157, 22.7314666], [77.7771578, 22.7308983], [77.7779341, 22.731112], [77.7784157, 22.7317501], [77.7778978, 22.7323977], [77.7767302, 22.7323364]]]}",,,,Agricultural,,,,,,,,,OWN-0393,PCL-0079,,,PRJ-001,NH-46 Itarsi–Sohagpur Expansion,,,,,,,,compensation_paid,,339/5,Itarsi,,,8PLAQPFKKL8AWE,,,,VLG-009,Shivpura,,
parcel,PCL-0080,,1.58,,,22.793102,78.018478,,,,Narmadapuram,,,,,,,,,,,,"{""type"": ""Polygon"", ""coordinates"": [[[78.0182368, 22.7935995], [78.0177023, 22.7932704], [78.0180965, 22.7926347], [78.0187471, 22.7925872], [78.019168, 22.7928771], [78.0188878, 22.793457], [78.0182368, 22.7935995]]]}",,,,Barren,,,,,,,,,OWN-0285,PCL-0080,,,PRJ-001,NH-46 Itarsi–Sohagpur Expansion,,,,,,,,compensation_paid,,729/3,Sohagpur,,,569SH5YMBZ7Y5P,,,,VLG-017,Ratangarh Khurd,,
parcel,PCL-0081,,1.21,,,22.641394,77.850258,,,,Narmadapuram,,,,,,,,,,,,"{""type"": ""Polygon"", ""coordinates"": [[[77.8504483, 22.6418218], [77.8498154, 22.6416887], [77.8497113, 22.6409278], [77.8503836, 22.6410054], [77.8509086, 22.6413306], [77.8504483, 22.6418218]]]}",,,,Agricultural,,,,,,,,,OWN-0408,PCL-0081,,,PRJ-001,NH-46 Itarsi–Sohagpur Expansion,,,,,,,,compensation_paid,,45/5,Itarsi,,,TDB879M8GCZBKM,,,,VLG-008,Govindpur Buzurg,,
parcel,PCL-0082,,1.32,,,22.819067,78.049721,,,,Narmadapuram,,,,,,,,,,,,"{""type"": ""Polygon"", ""coordinates"": [[[78.0494875, 22.8184023], [78.0501303, 22.8184813], [78.050436, 22.8190879], [78.0501951, 22.8195325], [78.0494625, 22.8197385], [78.0490516, 22.8194781], [78.0492086, 22.8188077], [78.0494875, 22.8184023]]]}",,,,Agricultural,,,,,,,,,OWN-0681,PCL-0082,,,PRJ-001,NH-46 Itarsi–Sohagpur Expansion,,,,,,,,proposed,,413/7,Sohagpur,,,DENKTFM6CTN4MA,,,,VLG-012,Shivpura Khurd,,
parcel,PCL-0083,,1.73,,,22.569653,77.879083,,,,Narmadapuram,,,,,,,,,,,,"{""type"": ""Polygon"", ""coordinates"": [[[77.8795108, 22.5699802], [77.8790748, 22.5702014], [77.8787058, 22.5701401], [77.8785599, 22.5695871], [77.8787467, 22.5692821], [77.8793347, 22.5690444], [77.8799613, 22.5694677], [77.8795108, 22.5699802]]]}",,,,Agricultural,,,,,,,,,OWN-0698,PCL-0083,,,PRJ-001,NH-46 Itarsi–Sohagpur Expansion,,,,,,,,objections,,658/4,Itarsi,,,JVD2UMTJW4QNTN,,,,VLG-007,Narmadapur Khurd,,
parcel,PCL-0084,,0.85,,,22.72371,77.770012,,,,Narmadapuram,,,,,,,,,,,,"{""type"": ""Polygon"", ""coordinates"": [[[77.7695177, 22.7234949], [77.7699867, 22.7232095], [77.770352, 22.723564], [77.7704004, 22.7239615], [77.7700188, 22.724102], [77.7696017, 22.7239086], [77.7695177, 22.7234949]]]}",,,,Agricultural,,,,,,,,,OWN-0296,PCL-0084,,,PRJ-001,NH-46 Itarsi–Sohagpur Expansion,,,,,,,,compensation_paid,,213/6,Itarsi,,,TFPSP7SCHM8J7W,,,,VLG-009,Shivpura,,
parcel,PCL-0085,,2.01,,,22.637141,77.985538,,,,Narmadapuram,,,,,,,,,,,,"{""type"": ""Polygon"", ""coordinates"": [[[77.9852067, 22.6367197], [77.9858593, 22.6365601], [77.9861255, 22.6372717], [77.9855276, 22.6377813], [77.9849617, 22.6374009], [77.9852067, 22.6367197]]]}",,,,Agricultural,,,,,,,,,OWN-0632,PCL-0085,,,PRJ-001,NH-46 Itarsi–Sohagpur Expansion,,,,,,,,proposed,,468/7,Sohagpur,,,38RSZX83VCQG45,,,,VLG-015,Lakshmipur Khurd,,
parcel,PCL-0086,,1.82,,,22.634619,77.972622,,,,Narmadapuram,,,,,,,,,,,,"{""type"": ""Polygon"", ""coordinates"": [[[77.9734099, 22.6341725], [77.9735341, 22.6348152], [77.9726811, 22.6351578], [77.9719536, 22.6352176], [77.9720408, 22.6343264], [77.9725387, 22.6338231], [77.9734099, 22.6341725]]]}",,,,Agricultural,,,,,,,,,OWN-0170,PCL-0086,,,PRJ-001,NH-46 Itarsi–Sohagpur Expansion,,,,,,,,awarded,,472/1,Sohagpur,,,KNMVVFMRP5FRKZ,,,,VLG-015,Lakshmipur Khurd,,
parcel,PCL-0087,,0.56,,,22.547939,77.82001,,,,Narmadapuram,,,,,,,,,,,,"{""type"": ""Polygon"", ""coordinates"": [[[77.8199309, 22.5475302], [77.8203518, 22.5476567], [77.8203145, 22.5480236], [77.8202159, 22.5483302], [77.819744, 22.5483003], [77.819554, 22.5477893], [77.8199309, 22.5475302]]]}",,,,Agricultural,,,,,,,,,OWN-0435,PCL-0087,,,PRJ-001,NH-46 Itarsi–Sohagpur Expansion,,,,,,,,compensation_paid,,612/7,Itarsi,,,EY9BQMRZZXA3EQ,,,,VLG-001,Govindpur Kalan,,
parcel,PCL-0088,,0.65,,,22.546088,77.821959,,,,Narmadapuram,,,,,,,,,,,,"{""type"": ""Polygon"", ""coordinates"": [[[77.8217218, 22.5463333], [77.8214889, 22.5459762], [77.8218788, 22.5457424], [77.822265, 22.5459076], [77.8223882, 22.5462038], [77.8221332, 22.5465394], [77.8217218, 22.5463333]]]}",,,,Residential,,,,,,,,,OWN-0104,PCL-0088,,,PRJ-001,NH-46 Itarsi–Sohagpur Expansion,,,,,,,,objections,,672/7,Itarsi,,,ALWJ27A935DV5S,,,,VLG-001,Govindpur Kalan,,
parcel,PCL-0089,,1.85,,,22.787434,77.961801,,,,Narmadapuram,,,,,,,,,,,,"{""type"": ""Polygon"", ""coordinates"": [[[77.9620379, 22.7866412], [77.9623782, 22.7873457], [77.9623893, 22.78781], [77.9615468, 22.7882325], [77.9613198, 22.7876623], [77.9612659, 22.7868434], [77.9620379, 22.7866412]]]}",,,,Residential,,,,,,,,,OWN-0528,PCL-0089,,,PRJ-001,NH-46 Itarsi–Sohagpur Expansion,,,,,,,,notified,,833/8,Sohagpur,,,5D7UCH97ZDZS5X,,,,VLG-013,Harijpur Buzurg,,
parcel,PCL-0090,,2.32,,,22.726537,77.762718,,,,Narmadapuram,,,,,,,,,,,,"{""type"": ""Polygon"", ""coordinates"": [[[77.762354, 22.7271472], [77.7618529, 22.7263793], [77.7624621, 22.7260166], [77.7632107, 22.7260542], [77.7633648, 22.726539], [77.7629806, 22.7273305], [77.762354, 22.7271472]]]}",,,,Mixed Use,,,,,,,,,OWN-0282,PCL-0090,,,PRJ-001,NH-46 Itarsi–Sohagpur Expansion,,,,,,,,objections,,354/8,Itarsi,,,R7CEWZCKG2FXV5,,,,VLG-009,Shivpura,,
parcel,PCL-0091,,0.63,,,22.81478,77.910804,,,,Narmadapuram,,,,,,,,,,,,"{""type"": ""Polygon"", ""coordinates"": [[[77.9111461, 22.8145557], [77.9111646, 22.8147894], [77.9110212, 22.8150766], [77.9106042, 22.8152257], [77.9103298, 22.8149526], [77.9104411, 22.8145673], [77.9108157, 22.8143922], [77.9111461, 22.8145557]]]}",,,,Barren,,,,,,,,,OWN-0191,PCL-0091,,,PRJ-001,NH-46 Itarsi–Sohagpur Expansion,,,,,,,,compensation_paid,,284/9,Sohagpur,,,C3MUTA4PB4JTT7,,,,VLG-016,Sonpur,,
parcel,PCL-0092,,0.38,,,22.697534,77.770557,,,,Narmadapuram,,,,,,,,,,,,"{""type"": ""Polygon"", ""coordinates"": [[[77.770916, 22.6976456], [77.7704864, 22.6978548], [77.7702559, 22.6975844], [77.7703266, 22.6972095], [77.7707169, 22.6972902], [77.770916, 22.6976456]]]}",,,,Agricultural,,,,,,,,,OWN-0456,PCL-0092,,,PRJ-001,NH-46 Itarsi–Sohagpur Expansion,,,,,,,,objections,,156/8,Itarsi,,,9PL2S3CF9YFPZV,,,,VLG-010,Harijpur Kalan,,
parcel,PCL-0093,,1.41,,,22.68859,77.774808,,,,Narmadapuram,,,,,,,,,,,,"{""type"": ""Polygon"", ""coordinates"": [[[77.7751494, 22.6890757], [77.7745594, 22.6889668], [77.7741414, 22.6886727], [77.7743485, 22.6883026], [77.7748459, 22.6881136], [77.7753997, 22.6881209], [77.7753577, 22.6885948], [77.7751494, 22.6890757]]]}",,,,Mixed Use,,,,,,,,,OWN-0585,PCL-0093,,,PRJ-001,NH-46 Itarsi–Sohagpur Expansion,,,,,,,,possessed,,297/3,Itarsi,,,L34YP4TWZGW3Q3,,,,VLG-010,Harijpur Kalan,,
parcel,PCL-0094,,0.93,,,22.660088,77.785326,,,,Narmadapuram,,,,,,,,,,,,"{""type"": ""Polygon"", ""coordinates"": [[[77.7848898, 22.6605042], [77.7848935, 22.6597377], [77.785478, 22.6597363], [77.7858315, 22.6601015], [77.7854732, 22.6604685], [77.7848898, 22.6605042]]]}",,,,Agricultural,,,,,,,,,OWN-0230,PCL-0094,,,PRJ-001,NH-46 Itarsi–Sohagpur Expansion,,,,,,,,proposed,,142/9,Itarsi,,,F4BWRL8FZB2NL7,,,,VLG-004,Devipura Kalan,,
parcel,PCL-0095,,0.61,,,22.753818,77.937404,,,,Narmadapuram,,,,,,,,,,,,"{""type"": ""Polygon"", ""coordinates"": [[[77.9376493, 22.7540015], [77.9372649, 22.7541827], [77.9369925, 22.7538748], [77.9371447, 22.7535982], [77.9375388, 22.7534091], [77.937911, 22.753767], [77.9376493, 22.7540015]]]}",,,,Agricultural,,,,,,,,,OWN-0164,PCL-0095,,,PRJ-001,NH-46 Itarsi–Sohagpur Expansion,,,,,,,,possessed,,251/8,Sohagpur,,,EAC482E4SHB68D,,,,VLG-014,Balaji Nagar Buzurg,,
parcel,PCL-0096,,2.5,,,22.632573,77.982453,,,,Narmadapuram,,,,,,,,,,,,"{""type"": ""Polygon"", ""coordinates"": [[[77.9822604, 22.6317233], [77.9829502, 22.6321384], [77.9831917, 22.6327049], [77.9825478, 22.6334844], [77.9819959, 22.6330719], [77.9816938, 22.6323694], [77.9822604, 22.6317233]]]}",,,,Barren,,,,,,,,,OWN-0495,PCL-0096,,,PRJ-001,NH-46 Itarsi–Sohagpur Expansion,,,,,,,,possessed,,216/5,Sohagpur,,,GXE79RSXU6X6ST,,,,VLG-015,Lakshmipur Khurd,,
parcel,PCL-0097,,2.31,,,22.505682,77.627463,,,,Narmadapuram,,,,,,,,,,,,"{""type"": ""Polygon"", ""coordinates"": [[[77.6281586, 22.5051063], [77.6283104, 22.5060468], [77.6273062, 22.5063525], [77.6265498, 22.5057244], [77.6269453, 22.5049175], [77.6281586, 22.5051063]]]}",,,,Barren,,,,,,,,,OWN-0623,PCL-0097,,,PRJ-001,NH-46 Itarsi–Sohagpur Expansion,,,,,,,,notified,,300/7,Itarsi,,,SQBPVKASZ38LYK,,,,VLG-003,Lakshmipur,,
parcel,PCL-0098,,1.62,,,22.701044,77.773241,,,,Narmadapuram,,,,,,,,,,,,"{""type"": ""Polygon"", ""coordinates"": [[[77.7735154, 22.7015069], [77.7729849, 22.7014492], [77.7726091, 22.7011185], [77.7727365, 22.7007597], [77.7731312, 22.700305], [77.7738531, 22.7006307], [77.7739202, 22.7011159], [77.7735154, 22.7015069]]]}",,,,Agricultural,,,,,,,,,OWN-0013,PCL-0098,,,PRJ-001,NH-46 Itarsi–Sohagpur Expansion,,,,,,,,possessed,,861/9,Itarsi,,,QNZC3GXETFD6RR,,,,VLG-010,Harijpur Kalan,,
parcel,PCL-0099,,2.1,,,22.699885,77.893489,,,,Narmadapuram,,,,,,,,,,,,"{""type"": ""Polygon"", ""coordinates"": [[[77.893174, 22.6990001], [77.8938891, 22.6993585], [77.8943846, 22.6999716], [77.8939647, 22.7006728], [77.8934077, 22.7005341], [77.8929014, 22.700204], [77.8928232, 22.6995002], [77.893174, 22.6990001]]]}",,,,Residential,,,,,,,,,OWN-0053,PCL-0099,,,PRJ-001,NH-46 Itarsi–Sohagpur Expansion,,,,,,,,proposed,,327/2,Sohagpur,,,N8H6F8NGP9VA5H,,,,VLG-019,Mohanpur Buzurg,,
parcel,PCL-0100,,2.35,,,22.670579,77.772539,,,,Narmadapuram,,,,,,,,,,,,"{""type"": ""Polygon"", ""coordinates"": [[[77.7726877, 22.6699244], [77.7731139, 22.6701582], [77.773265, 22.67079], [77.7728406, 22.6712027], [77.7721668, 22.6711595], [77.7717841, 22.6707047], [77.7719335, 22.6700373], [77.7726877, 22.6699244]]]}",,,,Agricultural,,,,,,,,,OWN-0115,PCL-0100,,,PRJ-001,NH-46 Itarsi–Sohagpur Expansion,,,,,,,,compensation_paid,,775/3,Itarsi,,,9AW89LME5VG6XM,,,,VLG-004,Devipura Kalan,,
parcel,PCL-0101,,2.31,,,22.788267,77.951467,,,,Narmadapuram,,,,,,,,,,,,"{""type"": ""Polygon"", ""coordinates"": [[[77.9515532, 22.7874205], [77.9521416, 22.7880939], [77.9520495, 22.788707], [77.9514707, 22.7889923], [77.9508861, 22.7885843], [77.9508826, 22.7878278], [77.9515532, 22.7874205]]]}",,,,Barren,,,,,,,,,OWN-0486,PCL-0101,,,PRJ-001,NH-46 Itarsi–Sohagpur Expansion,,,,,,,,awarded,,670/7,Sohagpur,,,TQS8VZKVXYW6V5,,,,VLG-013,Harijpur Buzurg,,
parcel,PCL-0102,,2.31,,,22.647127,77.969848,,,,Narmadapuram,,,,,,,,,,,,"{""type"": ""Polygon"", ""coordinates"": [[[77.9707951, 22.6469061], [77.9701722, 22.6479607], [77.9693394, 22.6478464], [77.9689621, 22.6468477], [77.969883, 22.6464124], [77.9707951, 22.6469061]]]}",,,,Agricultural,,,,,,,,,OWN-0392,PCL-0102,,,PRJ-001,NH-46 Itarsi–Sohagpur Expansion,,,,,,,,objections,,334/9,Sohagpur,,,NP6TGERLW88C29,,,,VLG-015,Lakshmipur Khurd,,
parcel,PCL-0103,,2.96,,,22.563073,77.887285,,,,Narmadapuram,,,,,,,,,,,,"{""type"": ""Polygon"", ""coordinates"": [[[77.8866746, 22.562494], [77.8877669, 22.5625566], [77.8883534, 22.5631936], [77.8874223, 22.5640717], [77.8865876, 22.5633527], [77.8866746, 22.562494]]]}",,,,Agricultural,,,,,,,,,OWN-0307,PCL-0103,,,PRJ-001,NH-46 Itarsi–Sohagpur Expansion,,,,,,,,notified,,588/4,Itarsi,,,F6RWSUBJEWZ6PM,,,,VLG-007,Narmadapur Khurd,,
parcel,PCL-0104,,0.76,,,22.660768,77.775472,,,,Narmadapuram,,,,,,,,,,,,"{""type"": ""Polygon"", ""coordinates"": [[[77.7754172, 22.6613142], [77.7750914, 22.6610901], [77.7749298, 22.6606368], [77.7753111, 22.6602654], [77.7756828, 22.6602392], [77.7759577, 22.6606714], [77.7758453, 22.6612039], [77.7754172, 22.6613142]]]}",,,,Mixed Use,,,,,,,,,OWN-0335,PCL-0104,,,PRJ-001,NH-46 Itarsi–Sohagpur Expansion,,,,,,,,possessed,,810/9,Itarsi,,,9UXEEFHLF7NE5T,,,,VLG-004,Devipura Kalan,,
parcel,PCL-0105,,2.68,,,22.660011,77.786549,,,,Narmadapuram,,,,,,,,,,,,"{""type"": ""Polygon"", ""coordinates"": [[[77.7872636, 22.6603803], [77.7866043, 22.6609291], [77.7857808, 22.6603775], [77.7856523, 22.6597626], [77.7862995, 22.6590566], [77.7871028, 22.6595295], [77.7872636, 22.6603803]]]}",,,,Barren,,,,,,,,,OWN-0266,PCL-0105,,,PRJ-001,NH-46 Itarsi–Sohagpur Expansion,,,,,,,,objections,,877/4,Itarsi,,,W7NYKNKPVMGBCJ,,,,VLG-004,Devipura Kalan,,
parcel,PCL-0106,,2.87,,,22.592099,77.93923,,,,Narmadapuram,,,,,,,,,,,,"{""type"": ""Polygon"", ""coordinates"": [[[77.938755, 22.5915578], [77.9398249, 22.5916177], [77.9401645, 22.5925839], [77.939358, 22.5931325], [77.9385007, 22.5921719], [77.938755, 22.5915578]]]}",,,,Agricultural,,,,,,,,,OWN-0027,PCL-0106,,,PRJ-001,NH-46 Itarsi–Sohagpur Expansion,,,,,,,,possessed,,455/4,Sohagpur,,,2D663NP2HFMHLP,,,,VLG-018,Shivpura Buzurg,,
parcel,PCL-0107,,2.25,,,22.555143,77.824536,,,,Narmadapuram,,,,,,,,,,,,"{""type"": ""Polygon"", ""coordinates"": [[[77.8247281, 22.5560126], [77.8241187, 22.5556738], [77.8237325, 22.5551299], [77.8240382, 22.5543812], [77.825127, 22.5544117], [77.825559, 22.5552395], [77.8247281, 22.5560126]]]}",,,,Agricultural,,,,,,,,,OWN-0445,PCL-0107,,,PRJ-001,NH-46 Itarsi–Sohagpur Expansion,,,,,,,,possessed,,969/5,Itarsi,,,QF28BTWCKRMAJK,,,,VLG-001,Govindpur Kalan,,
parcel,PCL-0108,,2.31,,,22.552022,77.819332,,,,Narmadapuram,,,,,,,,,,,,"{""type"": ""Polygon"", ""coordinates"": [[[77.8188809, 22.5514187], [77.8194799, 22.5514083], [77.8203661, 22.5518458], [77.8201134, 22.5525674], [77.8195547, 22.5529333], [77.8189226, 22.5525194], [77.8185935, 22.5519451], [77.8188809, 22.5514187]]]}",,,,Agricultural,,,,,,,,,OWN-0272,PCL-0108,,,PRJ-001,NH-46 Itarsi–Sohagpur Expansion,,,,,,,,compensation_paid,,637/6,Itarsi,,,BBXB8CK4C2LLGA,,,,VLG-001,Govindpur Kalan,,
parcel,PCL-0109,,0.37,,,22.740737,77.938299,,,,Narmadapuram,,,,,,,,,,,,"{""type"": ""Polygon"", ""coordinates"": [[[77.9379028, 22.7408312], [77.93802, 22.7404707], [77.9383942, 22.740533], [77.9386967, 22.7406502], [77.9385212, 22.7409239], [77.9381689, 22.7411051], [77.9379028, 22.7408312]]]}",,,,Agricultural,,,,,,,,,OWN-0099,PCL-0109,,,PRJ-001,NH-46 Itarsi–Sohagpur Expansion,,,,,,,,compensation_paid,,490/8,Sohagpur,,,NJQJKQFG3UGRQS,,,,VLG-014,Balaji Nagar Buzurg,,
parcel,PCL-0110,,1.05,,,22.733023,77.77938,,,,Narmadapuram,,,,,,,,,,,,"{""type"": ""Polygon"", ""coordinates"": [[[77.7789091, 22.7329], [77.7791691, 22.7325962], [77.7795077, 22.7326241], [77.780031, 22.7328635], [77.7799069, 22.7333862], [77.7794273, 22.7336266], [77.7790473, 22.7332442], [77.7789091, 22.7329]]]}",,,,Residential,,,,,,,,,OWN-0244,PCL-0110,,,PRJ-001,NH-46 Itarsi–Sohagpur Expansion,,,,,,,,compensation_paid,,166/7,Itarsi,,,WA88YN36P7S6HT,,,,VLG-009,Shivpura,,
parcel,PCL-0111,,1.08,,,22.690197,77.78226,,,,Narmadapuram,,,,,,,,,,,,"{""type"": ""Polygon"", ""coordinates"": [[[77.7823139, 22.6897924], [77.7828925, 22.6900411], [77.7828129, 22.6905308], [77.7822125, 22.6905813], [77.7818483, 22.6903443], [77.781802, 22.6897375], [77.7823139, 22.6897924]]]}",,,,Barren,,,,,,,,,OWN-0303,PCL-0111,,,PRJ-001,NH-46 Itarsi–Sohagpur Expansion,,,,,,,,proposed,,130/6,Itarsi,,,V65FM3NKQBNYKD,,,,VLG-010,Harijpur Kalan,,
parcel,PCL-0112,,1.66,,,22.603124,77.945644,,,,Narmadapuram,,,,,,,,,,,,"{""type"": ""Polygon"", ""coordinates"": [[[77.9452999, 22.603549], [77.944988, 22.6027813], [77.9458623, 22.602407], [77.946492, 22.6028975], [77.9460032, 22.6038347], [77.9452999, 22.603549]]]}",,,,Agricultural,,,,,,,,,OWN-0411,PCL-0112,,,PRJ-001,NH-46 Itarsi–Sohagpur Expansion,,,,,,,,notified,,304/7,Sohagpur,,,487WJVAESVPED4,,,,VLG-018,Shivpura Buzurg,,
parcel,PCL-0113,,1.49,,,22.798071,78.013577,,,,Narmadapuram,,,,,,,,,,,,"{""type"": ""Polygon"", ""coordinates"": [[[78.0131319, 22.7984952], [78.013103, 22.7977682], [78.0136939, 22.7975579], [78.0141104, 22.7981207], [78.0138741, 22.7987115], [78.0131319, 22.7984952]]]}",,,,Agricultural,,,,,,,,,OWN-0689,PCL-0113,,,PRJ-001,NH-46 Itarsi–Sohagpur Expansion,,,,,,,,awarded,,156/4,Sohagpur,,,6KTWAHVG8Q6VH7,,,,VLG-017,Ratangarh Khurd,,
parcel,PCL-0114,,2.65,,,22.829803,78.048114,,,,Narmadapuram,,,,,,,,,,,,"{""type"": ""Polygon"", ""coordinates"": [[[78.0490599, 22.8293524], [78.0488809, 22.8303343], [78.0479837, 22.8304644], [78.047068, 22.8300437], [78.047523, 22.8293201], [78.0482609, 22.829183], [78.0490599, 22.8293524]]]}",,,,Agricultural,,,,,,,,,OWN-0614,PCL-0114,,,PRJ-001,NH-46 Itarsi–Sohagpur Expansion,,,,,,,,compensation_paid,,886/6,Sohagpur,,,R954DGTTSX4SYF,,,,VLG-012,Shivpura Khurd,,
parcel,PCL-0115,,2.17,,,22.789625,77.956244,,,,Narmadapuram,,,,,,,,,,,,"{""type"": ""Polygon"", ""coordinates"": [[[77.9557344, 22.7892827], [77.9565589, 22.7888437], [77.9572058, 22.7895942], [77.9565724, 22.790316], [77.955593, 22.7899812], [77.9557344, 22.7892827]]]}",,,,Agricultural,,,,,,,,,OWN-0605,PCL-0115,,,PRJ-001,NH-46 Itarsi–Sohagpur Expansion,,,,,,,,awarded,,859/2,Sohagpur,,,GHRZ43CY67C35B,,,,VLG-013,Harijpur Buzurg,,
parcel,PCL-0116,,0.17,,,22.69752,77.898663,,,,Narmadapuram,,,,,,,,,,,,"{""type"": ""Polygon"", ""coordinates"": [[[77.8987695, 22.6972903], [77.8989188, 22.6974509], [77.8988632, 22.6977086], [77.8986107, 22.6977167], [77.8984551, 22.6975908], [77.8985599, 22.6973653], [77.8987695, 22.6972903]]]}",,,,Agricultural,,,,,,,,,OWN-0215,PCL-0116,,,PRJ-001,NH-46 Itarsi–Sohagpur Expansion,,,,,,,,compensation_paid,,572/9,Sohagpur,,,W3YM9FXYQWVGF3,,,,VLG-019,Mohanpur Buzurg,,
parcel,PCL-0117,,1.95,,,22.542317,77.831507,,,,Narmadapuram,,,,,,,,,,,,"{""type"": ""Polygon"", ""coordinates"": [[[77.8307754, 22.5424178], [77.8310565, 22.5419233], [77.8315165, 22.5418011], [77.8320528, 22.5419347], [77.8322814, 22.5425857], [77.8318058, 22.5429943], [77.8311373, 22.54299], [77.8307754, 22.5424178]]]}",,,,Agricultural,,,,,,,,,OWN-0096,PCL-0117,,,PRJ-001,NH-46 Itarsi–Sohagpur Expansion,,,,,,,,proposed,,93/7,Itarsi,,,SKXY3J2GUFWQ6C,,,,VLG-001,Govindpur Kalan,,
parcel,PCL-0118,,2.04,,,22.790348,78.015568,,,,Narmadapuram,,,,,,,,,,,,"{""type"": ""Polygon"", ""coordinates"": [[[78.0162206, 22.7902298], [78.0160072, 22.7908029], [78.0156028, 22.7909671], [78.0149418, 22.790856], [78.0148991, 22.790041], [78.0153185, 22.7896327], [78.0160488, 22.789605], [78.0162206, 22.7902298]]]}",,,,Agricultural,,,,,,,,,OWN-0643,PCL-0118,,,PRJ-001,NH-46 Itarsi–Sohagpur Expansion,,,,,,,,awarded,,590/7,Sohagpur,,,SZS5ZZRWYEJWRJ,,,,VLG-017,Ratangarh Khurd,,
parcel,PCL-0119,,1.65,,,22.552409,77.820096,,,,Narmadapuram,,,,,,,,,,,,"{""type"": ""Polygon"", ""coordinates"": [[[77.8200109, 22.5517096], [77.8208899, 22.5520245], [77.820637, 22.5528675], [77.819885, 22.5530755], [77.8194216, 22.5523306], [77.8200109, 22.5517096]]]}",,,,Mixed Use,,,,,,,,,OWN-0176,PCL-0119,,,PRJ-001,NH-46 Itarsi–Sohagpur Expansion,,,,,,,,possessed,,23/9,Itarsi,,,6DY8KEYETSB95J,,,,VLG-001,Govindpur Kalan,,
parcel,PCL-0120,,2.02,,,22.640579,77.85255,,,,Narmadapuram,,,,,,,,,,,,"{""type"": ""Polygon"", ""coordinates"": [[[77.8520723, 22.6413309], [77.8519313, 22.6404993], [77.8521176, 22.6398931], [77.8527915, 22.6401073], [77.8534233, 22.6405954], [77.8528923, 22.6410496], [77.8520723, 22.6413309]]]}",,,,Mixed Use,,,,,,,,,OWN-0629,PCL-0120,,,PRJ-001,NH-46 Itarsi–Sohagpur Expansion,,,,,,,,possessed,,66/9,Itarsi,,,4LNRMMB9HXFG32,,,,VLG-008,Govindpur Buzurg,,
parcel,PCL-0121,,2.12,,,22.637479,77.972175,,,,Narmadapuram,,,,,,,,,,,,"{""type"": ""Polygon"", ""coordinates"": [[[77.9719685, 22.6381623], [77.9715586, 22.6374884], [77.9719608, 22.6368976], [77.9728842, 22.6370216], [77.972837, 22.637856], [77.9719685, 22.6381623]]]}",,,,Agricultural,,,,,,,,,OWN-0264,PCL-0121,,,PRJ-001,NH-46 Itarsi–Sohagpur Expansion,,,,,,,,proposed,,21/1,Sohagpur,,,DZGLAAAW2VBZEM,,,,VLG-015,Lakshmipur Khurd,,
parcel,PCL-0122,,0.63,,,22.544631,77.822084,,,,Narmadapuram,,,,,,,,,,,,"{""type"": ""Polygon"", ""coordinates"": [[[77.8224793, 22.5444247], [77.8225142, 22.54484], [77.8221525, 22.5449543], [77.8218609, 22.5450576], [77.8217725, 22.5447086], [77.8217072, 22.5442645], [77.8222244, 22.5441773], [77.8224793, 22.5444247]]]}",,,,Agricultural,,,,,,,,,OWN-0299,PCL-0122,,,PRJ-001,NH-46 Itarsi–Sohagpur Expansion,,,,,,,,objections,,111/6,Itarsi,,,MLG9NKX726HEXR,,,,VLG-001,Govindpur Kalan,,
parcel,PCL-0123,,0.79,,,22.785398,78.025106,,,,Narmadapuram,,,,,,,,,,,,"{""type"": ""Polygon"", ""coordinates"": [[[78.0257231, 22.7854588], [78.025261, 22.7859154], [78.0246902, 22.7857409], [78.0245472, 22.7852421], [78.0248969, 22.7849477], [78.0255112, 22.7851183], [78.0257231, 22.7854588]]]}",,,,Mixed Use,,,,,,,,,OWN-0535,PCL-0123,,,PRJ-001,NH-46 Itarsi–Sohagpur Expansion,,,,,,,,compensation_paid,,404/9,Sohagpur,,,NUWJ6NU5352F9B,,,,VLG-017,Ratangarh Khurd,,
parcel,PCL-0124,,1.03,,,22.78644,77.956218,,,,Narmadapuram,,,,,,,,,,,,"{""type"": ""Polygon"", ""coordinates"": [[[77.9568601, 22.7864673], [77.9564911, 22.7868978], [77.956002, 22.7870515], [77.9556369, 22.7865024], [77.9559789, 22.7859619], [77.9565349, 22.7859352], [77.9568601, 22.7864673]]]}",,,,Agricultural,,,,,,,,,OWN-0049,PCL-0124,,,PRJ-001,NH-46 Itarsi–Sohagpur Expansion,,,,,,,,awarded,,990/5,Sohagpur,,,2NYD5MZCPG7MQW,,,,VLG-013,Harijpur Buzurg,,
parcel,PCL-0125,,1.54,,,22.639217,77.857128,,,,Narmadapuram,,,,,,,,,,,,"{""type"": ""Polygon"", ""coordinates"": [[[77.8577538, 22.6388292], [77.8574286, 22.6395777], [77.8568445, 22.6399088], [77.85629, 22.6390162], [77.8571241, 22.6384735], [77.8577538, 22.6388292]]]}",,,,Mixed Use,,,,,,,,,OWN-0412,PCL-0125,,,PRJ-001,NH-46 Itarsi–Sohagpur Expansion,,,,,,,,objections,,46/3,Itarsi,,,KRS5VPT4A442TN,,,,VLG-008,Govindpur Buzurg,,
parcel,PCL-0126,,1.84,,,22.568509,77.887993,,,,Narmadapuram,,,,,,,,,,,,"{""type"": ""Polygon"", ""coordinates"": [[[77.8879747, 22.5677485], [77.8884333, 22.5681552], [77.8888391, 22.5686778], [77.8883521, 22.5691271], [77.8876328, 22.5692143], [77.8871594, 22.5684763], [77.8875601, 22.568055], [77.8879747, 22.5677485]]]}",,,,Mixed Use,,,,,,,,,OWN-0584,PCL-0126,,,PRJ-001,NH-46 Itarsi–Sohagpur Expansion,,,,,,,,notified,,268/2,Itarsi,,,H3NF9NJC88GHQC,,,,VLG-007,Narmadapur Khurd,,
parcel,PCL-0127,,0.34,,,22.697012,77.89424,,,,Narmadapuram,,,,,,,,,,,,"{""type"": ""Polygon"", ""coordinates"": [[[77.8940442, 22.6968592], [77.8942951, 22.6967985], [77.8946025, 22.6969541], [77.8944587, 22.6971551], [77.8941941, 22.6973161], [77.8939518, 22.6970565], [77.8940442, 22.6968592]]]}",,,,Agricultural,,,,,,,,,OWN-0180,PCL-0127,,,PRJ-001,NH-46 Itarsi–Sohagpur Expansion,,,,,,,,possessed,,359/8,Sohagpur,,,ND32KUEQMNX6B6,,,,VLG-019,Mohanpur Buzurg,,
parcel,PCL-0128,,1.84,,,22.741524,77.926019,,,,Narmadapuram,,,,,,,,,,,,"{""type"": ""Polygon"", ""coordinates"": [[[77.9267825, 22.7412428], [77.9266274, 22.7419431], [77.9259938, 22.742084], [77.9254196, 22.7418424], [77.9254414, 22.7414711], [77.9256593, 22.7409745], [77.9264154, 22.7408035], [77.9267825, 22.7412428]]]}",,,,Agricultural,,,,,,,,,OWN-0123,PCL-0128,,,PRJ-001,NH-46 Itarsi–Sohagpur Expansion,,,,,,,,compensation_paid,,878/4,Sohagpur,,,CEB82U26R9SY78,,,,VLG-014,Balaji Nagar Buzurg,,
parcel,PCL-0129,,1.66,,,22.659885,77.775436,,,,Narmadapuram,,,,,,,,,,,,"{""type"": ""Polygon"", ""coordinates"": [[[77.7754641, 22.6592736], [77.7758024, 22.6594785], [77.7761046, 22.660003], [77.7757497, 22.6602753], [77.7751842, 22.6606422], [77.7745573, 22.6600675], [77.7747451, 22.6595983], [77.7754641, 22.6592736]]]}",,,,Barren,,,,,,,,,OWN-0416,PCL-0129,,,PRJ-001,NH-46 Itarsi–Sohagpur Expansion,,,,,,,,notified,,432/7,Itarsi,,,76627ZXW3JPRPN,,,,VLG-004,Devipura Kalan,,
parcel,PCL-0130,,2.85,,,22.641984,77.859899,,,,Narmadapuram,,,,,,,,,,,,"{""type"": ""Polygon"", ""coordinates"": [[[77.8607719, 22.6414222], [77.8608262, 22.6423349], [77.8600483, 22.642654], [77.8591719, 22.6426257], [77.8588666, 22.6416348], [77.8598927, 22.6410694], [77.8607719, 22.6414222]]]}",,,,Mixed Use,,,,,,,,,OWN-0223,PCL-0130,,,PRJ-001,NH-46 Itarsi–Sohagpur Expansion,,,,,,,,proposed,,346/9,Itarsi,,,L25M6BP2MTK3NK,,,,VLG-008,Govindpur Buzurg,,
parcel,PCL-0131,,1.46,,,22.68818,77.78183,,,,Narmadapuram,,,,,,,,,,,,"{""type"": ""Polygon"", ""coordinates"": [[[77.7814513, 22.6887292], [77.7810271, 22.6881991], [77.7814148, 22.6875817], [77.7819593, 22.6877526], [77.7823277, 22.6881889], [77.7821195, 22.6886593], [77.7814513, 22.6887292]]]}",,,,Agricultural,,,,,,,,,OWN-0208,PCL-0131,,,PRJ-001,NH-46 Itarsi–Sohagpur Expansion,,,,,,,,possessed,,762/3,Itarsi,,,PVEZW68XMUVGLK,,,,VLG-010,Harijpur Kalan,,
parcel,PCL-0132,,0.44,,,22.754195,77.997483,,,,Narmadapuram,,,,,,,,,,,,"{""type"": ""Polygon"", ""coordinates"": [[[77.9970432, 22.7540609], [77.9973605, 22.7537982], [77.9977454, 22.7539185], [77.9978261, 22.754116], [77.997671, 22.7543985], [77.9974618, 22.7545074], [77.9972766, 22.7543499], [77.9970432, 22.7540609]]]}",,,,Agricultural,,,,,,,,,OWN-0372,PCL-0132,,,PRJ-001,NH-46 Itarsi–Sohagpur Expansion,,,,,,,,compensation_paid,,954/8,Sohagpur,,,M6B9YXFZEMJV3K,,,,VLG-011,Sitapur Buzurg,,
parcel,PCL-0133,,2.89,,,22.640808,77.852741,,,,Narmadapuram,,,,,,,,,,,,"{""type"": ""Polygon"", ""coordinates"": [[[77.852056, 22.6413902], [77.8518323, 22.6404673], [77.8529133, 22.6400279], [77.8536174, 22.6404938], [77.8532185, 22.6417686], [77.852056, 22.6413902]]]}",,,,Barren,,,,,,,,,OWN-0327,PCL-0133,,,PRJ-001,NH-46 Itarsi–Sohagpur Expansion,,,,,,,,proposed,,928/3,Itarsi,,,DRVS65XCT7FXCJ,,,,VLG-008,Govindpur Buzurg,,
parcel,PCL-0134,,2.23,,,22.809267,77.898041,,,,Narmadapuram,,,,,,,,,,,,"{""type"": ""Polygon"", ""coordinates"": [[[77.897493, 22.8099255], [77.8973441, 22.8090241], [77.8979191, 22.8083678], [77.8986587, 22.8088306], [77.899037, 22.8094904], [77.8981707, 22.8100373], [77.897493, 22.8099255]]]}",,,,Agricultural,,,,,,,,,OWN-0274,PCL-0134,,,PRJ-001,NH-46 Itarsi–Sohagpur Expansion,,,,,,,,awarded,,86/8,Sohagpur,,,FWHBJGREMZEKRF,,,,VLG-016,Sonpur,,
parcel,PCL-0135,,2.2,,,22.808628,77.910624,,,,Narmadapuram,,,,,,,,,,,,"{""type"": ""Polygon"", ""coordinates"": [[[77.9115398, 22.8090584], [77.9106824, 22.8094333], [77.9101151, 22.8093024], [77.9100112, 22.8086097], [77.9098976, 22.8079858], [77.9108646, 22.80805], [77.911208, 22.8084136], [77.9115398, 22.8090584]]]}",,,,Agricultural,,,,,,,,,OWN-0239,PCL-0135,,,PRJ-001,NH-46 Itarsi–Sohagpur Expansion,,,,,,,,objections,,216/1,Sohagpur,,,F2WN8N9M8UD6MA,,,,VLG-016,Sonpur,,
parcel,PCL-0136,,2.93,,,22.710122,77.886696,,,,Narmadapuram,,,,,,,,,,,,"{""type"": ""Polygon"", ""coordinates"": [[[77.8877384, 22.710024], [77.8873461, 22.710513], [77.8867077, 22.7112285], [77.885948, 22.7107499], [77.8857498, 22.7098426], [77.8863793, 22.709417], [77.8872059, 22.7092108], [77.8877384, 22.710024]]]}",,,,Barren,,,,,,,,,OWN-0544,PCL-0136,,,PRJ-001,NH-46 Itarsi–Sohagpur Expansion,,,,,,,,compensation_paid,,8/5,Sohagpur,,,ULEDE9YD5F6AFW,,,,VLG-019,Mohanpur Buzurg,,
parcel,PCL-0137,,2.12,,,22.602512,77.9441,,,,Narmadapuram,,,,,,,,,,,,"{""type"": ""Polygon"", ""coordinates"": [[[77.9439479, 22.6032154], [77.9434101, 22.6028683], [77.9432242, 22.6022594], [77.9436681, 22.6016557], [77.9444408, 22.6018046], [77.9447993, 22.6023077], [77.9446779, 22.6029981], [77.9439479, 22.6032154]]]}",,,,Residential,,,,,,,,,OWN-0413,PCL-0137,,,PRJ-001,NH-46 Itarsi–Sohagpur Expansion,,,,,,,,possessed,,475/8,Sohagpur,,,6KK24BJW2K3ZA5,,,,VLG-018,Shivpura Buzurg,,
parcel,PCL-0138,,0.54,,,22.699431,77.898664,,,,Narmadapuram,,,,,,,,,,,,"{""type"": ""Polygon"", ""coordinates"": [[[77.8984099, 22.699675], [77.8983157, 22.6992925], [77.8987603, 22.698972], [77.8990061, 22.6994191], [77.8988299, 22.6998211], [77.8984099, 22.699675]]]}",,,,Residential,,,,,,,,,OWN-0164,PCL-0138,,,PRJ-001,NH-46 Itarsi–Sohagpur Expansion,,,,,,,,objections,,500/1,Sohagpur,,,YGEW8UKR9P49AV,,,,VLG-019,Mohanpur Buzurg,,
parcel,PCL-0139,,1.08,,,22.705923,77.887526,,,,Narmadapuram,,,,,,,,,,,,"{""type"": ""Polygon"", ""coordinates"": [[[77.8879296, 22.7061975], [77.8874127, 22.7065311], [77.8870507, 22.7061368], [77.8871441, 22.7057387], [77.8873271, 22.7054554], [77.8877459, 22.7054926], [77.8881989, 22.7057808], [77.8879296, 22.7061975]]]}",,,,Agricultural,,,,,,,,,OWN-0488,PCL-0139,,,PRJ-001,NH-46 Itarsi–Sohagpur Expansion,,,,,,,,objections,,806/5,Sohagpur,,,XXNJWQRR98BWG2,,,,VLG-019,Mohanpur Buzurg,,
parcel,PCL-0140,,0.34,,,22.695813,77.775221,,,,Narmadapuram,,,,,,,,,,,,"{""type"": ""Polygon"", ""coordinates"": [[[77.7751906, 22.6961533], [77.7749715, 22.6959303], [77.7748462, 22.6957427], [77.7750889, 22.6955907], [77.7753836, 22.6955921], [77.7755384, 22.6958099], [77.7754437, 22.6959691], [77.7751906, 22.6961533]]]}",,,,Agricultural,,,,,,,,,OWN-0322,PCL-0140,,,PRJ-001,NH-46 Itarsi–Sohagpur Expansion,,,,,,,,objections,,620/9,Itarsi,,,NNHUDNUR25AVSP,,,,VLG-010,Harijpur Kalan,,
parcel,PCL-0141,,0.17,,,22.734543,77.773729,,,,Narmadapuram,,,,,,,,,,,,"{""type"": ""Polygon"", ""coordinates"": [[[77.7735137, 22.7347211], [77.7735355, 22.7344652], [77.7737288, 22.734341], [77.7740017, 22.7344761], [77.7738239, 22.7346936], [77.7735137, 22.7347211]]]}",,,,Agricultural,,,,,,,,,OWN-0292,PCL-0141,,,PRJ-001,NH-46 Itarsi–Sohagpur Expansion,,,,,,,,awarded,,167/3,Itarsi,,,WBHDW8ZKW2B5W3,,,,VLG-009,Shivpura,,
parcel,PCL-0142,,1.88,,,22.696476,77.779946,,,,Narmadapuram,,,,,,,,,,,,"{""type"": ""Polygon"", ""coordinates"": [[[77.779117, 22.6961197], [77.7797238, 22.6957243], [77.7803575, 22.6961132], [77.7805319, 22.6966209], [77.7800431, 22.6973379], [77.7793034, 22.6970043], [77.779117, 22.6961197]]]}",,,,Agricultural,,,,,,,,,OWN-0347,PCL-0142,,,PRJ-001,NH-46 Itarsi–Sohagpur Expansion,,,,,,,,possessed,,84/7,Itarsi,,,XE93D43KFP6LHS,,,,VLG-010,Harijpur Kalan,,
parcel,PCL-0143,,0.26,,,22.739311,77.932957,,,,Narmadapuram,,,,,,,,,,,,"{""type"": ""Polygon"", ""coordinates"": [[[77.9330544, 22.7391411], [77.9331908, 22.7392699], [77.9332184, 22.7395088], [77.9329228, 22.7395416], [77.9326802, 22.7394338], [77.9326408, 22.7392544], [77.9328612, 22.739042], [77.9330544, 22.7391411]]]}",,,,Residential,,,,,,,,,OWN-0564,PCL-0143,,,PRJ-001,NH-46 Itarsi–Sohagpur Expansion,,,,,,,,compensation_paid,,70/1,Sohagpur,,,NCPQ9AYFZL3PKA,,,,VLG-014,Balaji Nagar Buzurg,,
parcel,PCL-0144,,0.87,,,22.728497,77.768867,,,,Narmadapuram,,,,,,,,,,,,"{""type"": ""Polygon"", ""coordinates"": [[[77.7688423, 22.7281053], [77.7693437, 22.7284308], [77.7691278, 22.728889], [77.7684834, 22.7289769], [77.768324, 22.7282847], [77.7688423, 22.7281053]]]}",,,,Agricultural,,,,,,,,,OWN-0116,PCL-0144,,,PRJ-001,NH-46 Itarsi–Sohagpur Expansion,,,,,,,,notified,,43/7,Itarsi,,,GPNVPVZ7DQSPBV,,,,VLG-009,Shivpura,,
parcel,PCL-0145,,2.51,,,22.632642,77.862195,,,,Narmadapuram,,,,,,,,,,,,"{""type"": ""Polygon"", ""coordinates"": [[[77.861394, 22.6333453], [77.8615075, 22.6324912], [77.8617809, 22.6319048], [77.8625717, 22.6316809], [77.8629367, 22.6325547], [77.8630127, 22.6332606], [77.8621061, 22.6334945], [77.861394, 22.6333453]]]}",,,,Residential,,,,,,,,,OWN-0281,PCL-0145,,,PRJ-001,NH-46 Itarsi–Sohagpur Expansion,,,,,,,,possessed,,953/1,Itarsi,,,V62LGDZPN5ZET4,,,,VLG-008,Govindpur Buzurg,,
parcel,PCL-0146,,0.96,,,22.805054,77.898318,,,,Narmadapuram,,,,,,,,,,,,"{""type"": ""Polygon"", ""coordinates"": [[[77.8981685, 22.8056422], [77.8978722, 22.8051072], [77.8980785, 22.8045343], [77.8985949, 22.8047915], [77.8987727, 22.8053077], [77.8981685, 22.8056422]]]}",,,,Mixed Use,,,,,,,,,OWN-0089,PCL-0146,,,PRJ-001,NH-46 Itarsi–Sohagpur Expansion,,,,,,,,proposed,,743/4,Sohagpur,,,7TTB8EKPE32BC9,,,,VLG-016,Sonpur,,
parcel,PCL-0147,,1.3,,,22.666876,77.786174,,,,Narmadapuram,,,,,,,,,,,,"{""type"": ""Polygon"", ""coordinates"": [[[77.7858601, 22.6662392], [77.7866493, 22.6663985], [77.7867011, 22.6670015], [77.7860939, 22.6676002], [77.7855308, 22.6671142], [77.7858601, 22.6662392]]]}",,,,Residential,,,,,,,,,OWN-0666,PCL-0147,,,PRJ-001,NH-46 Itarsi–Sohagpur Expansion,,,,,,,,compensation_paid,,46/7,Itarsi,,,9QDUZFZ78LZZKW,,,,VLG-004,Devipura Kalan,,
parcel,PCL-0148,,1.28,,,22.593017,77.943657,,,,Narmadapuram,,,,,,,,,,,,"{""type"": ""Polygon"", ""coordinates"": [[[77.9436471, 22.5923883], [77.9443126, 22.5928437], [77.9443018, 22.5934246], [77.9436759, 22.5935109], [77.942998, 22.5933828], [77.9431884, 22.5926651], [77.9436471, 22.5923883]]]}",,,,Barren,,,,,,,,,OWN-0697,PCL-0148,,,PRJ-001,NH-46 Itarsi–Sohagpur Expansion,,,,,,,,awarded,,169/1,Sohagpur,,,XKXLJP3F4HCGAS,,,,VLG-018,Shivpura Buzurg,,
parcel,PCL-0149,,2.25,,,22.708659,77.894071,,,,Narmadapuram,,,,,,,,,,,,"{""type"": ""Polygon"", ""coordinates"": [[[77.8947301, 22.709305], [77.893896, 22.7093564], [77.8933223, 22.7088416], [77.8933914, 22.7080614], [77.8943578, 22.7077282], [77.8948886, 22.7083332], [77.8947301, 22.709305]]]}",,,,Agricultural,,,,,,,,,OWN-0193,PCL-0149,,,PRJ-001,NH-46 Itarsi–Sohagpur Expansion,,,,,,,,notified,,734/1,Sohagpur,,,G9KEVR3VPGNBBB,,,,VLG-019,Mohanpur Buzurg,,
parcel,PCL-0150,,0.7,,,22.791156,77.962244,,,,Narmadapuram,,,,,,,,,,,,"{""type"": ""Polygon"", ""coordinates"": [[[77.9621653, 22.7915553], [77.9618339, 22.7912909], [77.9620344, 22.7908329], [77.9624643, 22.7908656], [77.9627036, 22.7912925], [77.9621653, 22.7915553]]]}",,,,Mixed Use,,,,,,,,,OWN-0630,PCL-0150,,,PRJ-001,NH-46 Itarsi–Sohagpur Expansion,,,,,,,,awarded,,608/1,Sohagpur,,,9C9WYBS82G5Y9B,,,,VLG-013,Harijpur Buzurg,,
parcel,PCL-0151,,2.89,,,22.502422,77.638158,,,,Narmadapuram,,,,,,,,,,,,"{""type"": ""Polygon"", ""coordinates"": [[[77.6371172, 22.5022972], [77.637959, 22.5013728], [77.6389074, 22.501726], [77.6393234, 22.5026231], [77.6384913, 22.5031278], [77.6372859, 22.503068], [77.6371172, 22.5022972]]]}",,,,Agricultural,,,,,,,,,OWN-0421,PCL-0151,,,PRJ-001,NH-46 Itarsi–Sohagpur Expansion,,,,,,,,notified,,98/1,Itarsi,,,JB6EM7T2DSH9M6,,,,VLG-003,Lakshmipur,,
parcel,PCL-0152,,0.22,,,22.702822,77.892618,,,,Narmadapuram,,,,,,,,,,,,"{""type"": ""Polygon"", ""coordinates"": [[[77.8927174, 22.7029976], [77.8925643, 22.7029868], [77.892328, 22.7028986], [77.8923848, 22.7026531], [77.8925541, 22.702636], [77.8927998, 22.7026205], [77.8928328, 22.7028615], [77.8927174, 22.7029976]]]}",,,,Mixed Use,,,,,,,,,OWN-0119,PCL-0152,,,PRJ-001,NH-46 Itarsi–Sohagpur Expansion,,,,,,,,awarded,,104/3,Sohagpur,,,JJB69Z5BZG48CT,,,,VLG-019,Mohanpur Buzurg,,
parcel,PCL-0153,,0.29,,,22.761764,77.983053,,,,Narmadapuram,,,,,,,,,,,,"{""type"": ""Polygon"", ""coordinates"": [[[77.9828337, 22.7620335], [77.9826981, 22.7617158], [77.98288, 22.7616098], [77.9831332, 22.7614749], [77.9833907, 22.7616073], [77.9832882, 22.7618574], [77.9831777, 22.7620591], [77.9828337, 22.7620335]]]}",,,,Agricultural,,,,,,,,,OWN-0424,PCL-0153,,,PRJ-001,NH-46 Itarsi–Sohagpur Expansion,,,,,,,,notified,,119/9,Sohagpur,,,CQNKVJ3AZDAHTA,,,,VLG-011,Sitapur Buzurg,,
parcel,PCL-0154,,1.03,,,22.79012,78.01504,,,,Narmadapuram,,,,,,,,,,,,"{""type"": ""Polygon"", ""coordinates"": [[[78.0152521, 22.7905892], [78.0146912, 22.7904787], [78.0145704, 22.7898211], [78.0151933, 22.7897323], [78.01559, 22.7900164], [78.0152521, 22.7905892]]]}",,,,Agricultural,,,,,,,,,OWN-0070,PCL-0154,,,PRJ-001,NH-46 Itarsi–Sohagpur Expansion,,,,,,,,possessed,,490/9,Sohagpur,,,ELR4ZQS4D5CW3B,,,,VLG-017,Ratangarh Khurd,,
parcel,PCL-0155,,1.23,,,22.601018,77.944116,,,,Narmadapuram,,,,,,,,,,,,"{""type"": ""Polygon"", ""coordinates"": [[[77.9447501, 22.6006277], [77.9446638, 22.6011857], [77.9442635, 22.6016074], [77.9438478, 22.6015302], [77.9436563, 22.6010751], [77.9437116, 22.6006336], [77.944193, 22.6003958], [77.9447501, 22.6006277]]]}",,,,Agricultural,,,,,,,,,OWN-0657,PCL-0155,,,PRJ-001,NH-46 Itarsi–Sohagpur Expansion,,,,,,,,compensation_paid,,41/6,Sohagpur,,,T3T7XVWV892J8X,,,,VLG-018,Shivpura Buzurg,,
parcel,PCL-0156,,2.93,,,22.549015,77.827588,,,,Narmadapuram,,,,,,,,,,,,"{""type"": ""Polygon"", ""coordinates"": [[[77.8276462, 22.5497691], [77.8267085, 22.5493371], [77.8268601, 22.5481891], [77.8282736, 22.5483754], [77.828395, 22.5492219], [77.8276462, 22.5497691]]]}",,,,Residential,,,,,,,,,OWN-0531,PCL-0156,,,PRJ-001,NH-46 Itarsi–Sohagpur Expansion,,,,,,,,possessed,,693/7,Itarsi,,,TS5NJUNZWP7MHU,,,,VLG-001,Govindpur Kalan,,
parcel,PCL-0157,,0.7,,,22.752346,77.934823,,,,Narmadapuram,,,,,,,,,,,,"{""type"": ""Polygon"", ""coordinates"": [[[77.9351756, 22.7521235], [77.9352726, 22.7525786], [77.9346539, 22.7527302], [77.9344297, 22.7523956], [77.9346349, 22.7520597], [77.9351756, 22.7521235]]]}",,,,Mixed Use,,,,,,,,,OWN-0564,PCL-0157,,,PRJ-001,NH-46 Itarsi–Sohagpur Expansion,,,,,,,,objections,,403/1,Sohagpur,,,ENS97T4NTD59G8,,,,VLG-014,Balaji Nagar Buzurg,,
parcel,PCL-0158,,1.01,,,22.633916,77.972196,,,,Narmadapuram,,,,,,,,,,,,"{""type"": ""Polygon"", ""coordinates"": [[[77.9726242, 22.6339585], [77.9722154, 22.6343184], [77.9716495, 22.634199], [77.9719287, 22.6336293], [77.9724404, 22.6336051], [77.9726242, 22.6339585]]]}",,,,Agricultural,,,,,,,,,OWN-0640,PCL-0158,,,PRJ-001,NH-46 Itarsi–Sohagpur Expansion,,,,,,,,proposed,,737/5,Sohagpur,,,U5RQQTYRKBWQL2,,,,VLG-015,Lakshmipur Khurd,,
parcel,PCL-0159,,2.87,,,22.815085,77.899304,,,,Narmadapuram,,,,,,,,,,,,"{""type"": ""Polygon"", ""coordinates"": [[[77.899496, 22.8143702], [77.9000874, 22.814952], [77.8999772, 22.8159282], [77.898898, 22.8157382], [77.8983356, 22.8153836], [77.898586, 22.8142928], [77.899496, 22.8143702]]]}",,,,Agricultural,,,,,,,,,OWN-0457,PCL-0159,,,PRJ-001,NH-46 Itarsi–Sohagpur Expansion,,,,,,,,possessed,,219/4,Sohagpur,,,GF466K22BTP95X,,,,VLG-016,Sonpur,,
parcel,PCL-0160,,1.55,,,22.816666,77.908503,,,,Narmadapuram,,,,,,,,,,,,"{""type"": ""Polygon"", ""coordinates"": [[[77.9087088, 22.8171088], [77.9079971, 22.8171818], [77.9078652, 22.8167676], [77.9080411, 22.8162738], [77.9085725, 22.8159618], [77.9090997, 22.8164558], [77.9092485, 22.8170639], [77.9087088, 22.8171088]]]}",,,,Agricultural,,,,,,,,,OWN-0577,PCL-0160,,,PRJ-001,NH-46 Itarsi–Sohagpur Expansion,,,,,,,,compensation_paid,,250/2,Sohagpur,,,6B2YZ2B9565F5S,,,,VLG-016,Sonpur,,
parcel,PCL-0161,,0.88,,,22.743121,77.936956,,,,Narmadapuram,,,,,,,,,,,,"{""type"": ""Polygon"", ""coordinates"": [[[77.9371668, 22.7435968], [77.9365304, 22.7435179], [77.9363987, 22.7428051], [77.9369966, 22.7425775], [77.9375547, 22.7429251], [77.9371668, 22.7435968]]]}",,,,Agricultural,,,,,,,,,OWN-0567,PCL-0161,,,PRJ-001,NH-46 Itarsi–Sohagpur Expansion,,,,,,,,proposed,,52/5,Sohagpur,,,FS6KUK5TMQ4VLE,,,,VLG-014,Balaji Nagar Buzurg,,
parcel,PCL-0162,,1.9,,,22.830824,78.044928,,,,Narmadapuram,,,,,,,,,,,,"{""type"": ""Polygon"", ""coordinates"": [[[78.0453379, 22.8316089], [78.0445791, 22.8313249], [78.0443047, 22.8309007], [78.0445002, 22.8304703], [78.0447895, 22.8300108], [78.045344, 22.8304273], [78.0457801, 22.8309786], [78.0453379, 22.8316089]]]}",,,,Agricultural,,,,,,,,,OWN-0157,PCL-0162,,,PRJ-001,NH-46 Itarsi–Sohagpur Expansion,,,,,,,,compensation_paid,,547/3,Sohagpur,,,RAWLTBD3JLD8KJ,,,,VLG-012,Shivpura Khurd,,
parcel,PCL-0163,,1.76,,,22.590975,77.938386,,,,Narmadapuram,,,,,,,,,,,,"{""type"": ""Polygon"", ""coordinates"": [[[77.9382832, 22.5904377], [77.9388543, 22.590723], [77.9387641, 22.5913805], [77.9381647, 22.5916264], [77.9375559, 22.590928], [77.9382832, 22.5904377]]]}",,,,Barren,,,,,,,,,OWN-0414,PCL-0163,,,PRJ-001,NH-46 Itarsi–Sohagpur Expansion,,,,,,,,awarded,,911/9,Sohagpur,,,7Y3S4L9JCPEZVH,,,,VLG-018,Shivpura Buzurg,,
parcel,PCL-0164,,1.21,,,22.747956,77.986775,,,,Narmadapuram,,,,,,,,,,,,"{""type"": ""Polygon"", ""coordinates"": [[[77.9870495, 22.7484301], [77.9864359, 22.7482764], [77.9861094, 22.747747], [77.986622, 22.7473689], [77.9870905, 22.7475776], [77.9872865, 22.7479716], [77.9870495, 22.7484301]]]}",,,,Mixed Use,,,,,,,,,OWN-0499,PCL-0164,,,PRJ-001,NH-46 Itarsi–Sohagpur Expansion,,,,,,,,awarded,,409/8,Sohagpur,,,7ZP7J4DRKGUZDY,,,,VLG-011,Sitapur Buzurg,,
parcel,PCL-0165,,2.67,,,22.633191,77.985027,,,,Narmadapuram,,,,,,,,,,,,"{""type"": ""Polygon"", ""coordinates"": [[[77.9844823, 22.6338359], [77.9839888, 22.6329094], [77.9847097, 22.6324905], [77.9856083, 22.6323193], [77.9861716, 22.6332106], [77.9855192, 22.6339985], [77.9844823, 22.6338359]]]}",,,,Mixed Use,,,,,,,,,OWN-0026,PCL-0165,,,PRJ-001,NH-46 Itarsi–Sohagpur Expansion,,,,,,,,notified,,522/4,Sohagpur,,,ZB63X7YWUZDH69,,,,VLG-015,Lakshmipur Khurd,,
parcel,PCL-0166,,2.03,,,22.513128,77.634464,,,,Narmadapuram,,,,,,,,,,,,"{""type"": ""Polygon"", ""coordinates"": [[[77.635273, 22.5136245], [77.6347101, 22.5138817], [77.6339488, 22.5137862], [77.6338425, 22.5131901], [77.6341462, 22.5126541], [77.6345796, 22.5124573], [77.6350239, 22.5127473], [77.635273, 22.5136245]]]}",,,,Agricultural,,,,,,,,,OWN-0200,PCL-0166,,,PRJ-001,NH-46 Itarsi–Sohagpur Expansion,,,,,,,,possessed,,429/4,Itarsi,,,4K5SPAELCS8EQ7,,,,VLG-003,Lakshmipur,,
parcel,PCL-0167,,0.43,,,22.552173,77.829981,,,,Narmadapuram,,,,,,,,,,,,"{""type"": ""Polygon"", ""coordinates"": [[[77.8297139, 22.5518612], [77.8300934, 22.551905], [77.8304007, 22.552056], [77.8301977, 22.5523976], [77.8298845, 22.5524982], [77.8295675, 22.5522724], [77.8297139, 22.5518612]]]}",,,,Barren,,,,,,,,,OWN-0699,PCL-0167,,,PRJ-001,NH-46 Itarsi–Sohagpur Expansion,,,,,,,,awarded,,286/4,Itarsi,,,QB58TXV93DVSGK,,,,VLG-001,Govindpur Kalan,,
parcel,PCL-0168,,2.55,,,22.75438,77.924811,,,,Narmadapuram,,,,,,,,,,,,"{""type"": ""Polygon"", ""coordinates"": [[[77.9256901, 22.7539916], [77.9255617, 22.7547174], [77.9249087, 22.7552149], [77.9242207, 22.7548081], [77.9238447, 22.7538998], [77.9247958, 22.7534464], [77.9256901, 22.7539916]]]}",,,,Mixed Use,,,,,,,,,OWN-0059,PCL-0168,,,PRJ-001,NH-46 Itarsi–Sohagpur Expansion,,,,,,,,possessed,,447/7,Sohagpur,,,5K48BXZHVR993P,,,,VLG-014,Balaji Nagar Buzurg,,
parcel,PCL-0169,,2.56,,,22.757443,77.986546,,,,Narmadapuram,,,,,,,,,,,,"{""type"": ""Polygon"", ""coordinates"": [[[77.9860424, 22.7581589], [77.9859046, 22.7572269], [77.9863157, 22.756549], [77.9872769, 22.7570537], [77.9871424, 22.7582878], [77.9860424, 22.7581589]]]}",,,,Agricultural,,,,,,,,,OWN-0664,PCL-0169,,,PRJ-001,NH-46 Itarsi–Sohagpur Expansion,,,,,,,,compensation_paid,,156/1,Sohagpur,,,A8MCJUZYFCLVXG,,,,VLG-011,Sitapur Buzurg,,
parcel,PCL-0170,,2.97,,,22.831443,78.04566,,,,Narmadapuram,,,,,,,,,,,,"{""type"": ""Polygon"", ""coordinates"": [[[78.046083, 22.8304877], [78.0464826, 22.831391], [78.046153, 22.832377], [78.0449905, 22.832137], [78.0448196, 22.8310819], [78.046083, 22.8304877]]]}",,,,Mixed Use,,,,,,,,,OWN-0162,PCL-0170,,,PRJ-001,NH-46 Itarsi–Sohagpur Expansion,,,,,,,,possessed,,659/9,Sohagpur,,,G9QUC3XL86YVU3,,,,VLG-012,Shivpura Khurd,,
parcel,PCL-0171,,2.4,,,22.749692,77.935825,,,,Narmadapuram,,,,,,,,,,,,"{""type"": ""Polygon"", ""coordinates"": [[[77.935949, 22.7503155], [77.9350499, 22.7501012], [77.9353393, 22.7492745], [77.936184, 22.749155], [77.9367999, 22.7497886], [77.935949, 22.7503155]]]}",,,,Agricultural,,,,,,,,,OWN-0594,PCL-0171,,,PRJ-001,NH-46 Itarsi–Sohagpur Expansion,,,,,,,,compensation_paid,,245/8,Sohagpur,,,54HVP8CZL3NYED,,,,VLG-014,Balaji Nagar Buzurg,,
parcel,PCL-0172,,1.23,,,22.569609,77.891249,,,,Narmadapuram,,,,,,,,,,,,"{""type"": ""Polygon"", ""coordinates"": [[[77.8914458, 22.5690936], [77.8919278, 22.5694809], [77.8917074, 22.5700512], [77.8909972, 22.5702063], [77.8907568, 22.5696931], [77.8909286, 22.5692617], [77.8914458, 22.5690936]]]}",,,,Agricultural,,,,,,,,,OWN-0096,PCL-0172,,,PRJ-001,NH-46 Itarsi–Sohagpur Expansion,,,,,,,,notified,,499/6,Itarsi,,,KCJR9TNM4CAZXZ,,,,VLG-007,Narmadapur Khurd,,
parcel,PCL-0173,,0.4,,,22.818785,77.911239,,,,Narmadapuram,,,,,,,,,,,,"{""type"": ""Polygon"", ""coordinates"": [[[77.9113518, 22.8191181], [77.9109288, 22.8189323], [77.9109171, 22.8185309], [77.9114338, 22.8184956], [77.9115718, 22.8188185], [77.9113518, 22.8191181]]]}",,,,Mixed Use,,,,,,,,,OWN-0041,PCL-0173,,,PRJ-001,NH-46 Itarsi–Sohagpur Expansion,,,,,,,,possessed,,466/9,Sohagpur,,,U7CUXB4E847QWQ,,,,VLG-016,Sonpur,,
parcel,PCL-0174,,0.97,,,22.56274,77.88844,,,,Narmadapuram,,,,,,,,,,,,"{""type"": ""Polygon"", ""coordinates"": [[[77.8882026, 22.5623245], [77.8886875, 22.5623839], [77.8890424, 22.5629326], [77.88843, 22.5631], [77.8880532, 22.5628729], [77.8882026, 22.5623245]]]}",,,,Residential,,,,,,,,,OWN-0549,PCL-0174,,,PRJ-001,NH-46 Itarsi–Sohagpur Expansion,,,,,,,,compensation_paid,,834/9,Itarsi,,,4BVD9PUHR2XMNA,,,,VLG-007,Narmadapur Khurd,,
parcel,PCL-0175,,0.33,,,22.762876,77.992865,,,,Narmadapuram,,,,,,,,,,,,"{""type"": ""Polygon"", ""coordinates"": [[[77.9931195, 22.7631062], [77.9928107, 22.7631284], [77.9926099, 22.7628968], [77.9927449, 22.7625667], [77.9931467, 22.7626657], [77.9931195, 22.7631062]]]}",,,,Barren,,,,,,,,,OWN-0556,PCL-0175,,,PRJ-001,NH-46 Itarsi–Sohagpur Expansion,,,,,,,,notified,,709/9,Sohagpur,,,EEKHARETMH6XH7,,,,VLG-011,Sitapur Buzurg,,
parcel,PCL-0176,,1.5,,,22.792854,77.958503,,,,Narmadapuram,,,,,,,,,,,,"{""type"": ""Polygon"", ""coordinates"": [[[77.9586244, 22.7922835], [77.9592817, 22.7925617], [77.9590511, 22.7934267], [77.9582621, 22.7936062], [77.9576587, 22.7930004], [77.9580145, 22.7925116], [77.9586244, 22.7922835]]]}",,,,Barren,,,,,,,,,OWN-0548,PCL-0176,,,PRJ-001,NH-46 Itarsi–Sohagpur Expansion,,,,,,,,awarded,,199/8,Sohagpur,,,YBX25G3PLN8EQ9,,,,VLG-013,Harijpur Buzurg,,
parcel,PCL-0177,,1.22,,,23.601901,78.354179,,,,Raisen,,,,,,,,,,,,"{""type"": ""Polygon"", ""coordinates"": [[[78.3548097, 23.6019703], [78.3543468, 23.6024925], [78.3536773, 23.6021196], [78.3539196, 23.6015724], [78.3544545, 23.6014139], [78.3548097, 23.6019703]]]}",,,,Agricultural,,,,,,,,,OWN-0099,PCL-0177,,,PRJ-002,Begumganj–Silwani Highway Link,,,,,,,,notified,,609/9,Begumganj,,,HJ89XHCWRV5UCG,,,,VLG-024,Govindpur Khurd,,
parcel,PCL-0178,,2.03,,,23.545767,78.375342,,,,Raisen,,,,,,,,,,,,"{""type"": ""Polygon"", ""coordinates"": [[[78.3762805, 23.5456968], [78.3756931, 23.5466223], [78.3749842, 23.5464094], [78.3745974, 23.5457129], [78.3748987, 23.5452782], [78.3755836, 23.5452552], [78.3762805, 23.5456968]]]}",,,,Barren,,,,,,,,,OWN-0538,PCL-0178,,,PRJ-002,Begumganj–Silwani Highway Link,,,,,,,,notified,,618/2,Begumganj,,,ZHGSXWHMPFQDTV,,,,VLG-027,Ramgarh Kalan,,
parcel,PCL-0179,,2.45,,,23.420638,78.20533,,,,Raisen,,,,,,,,,,,,"{""type"": ""Polygon"", ""coordinates"": [[[78.2044755, 23.420277], [78.2049216, 23.4199878], [78.2058071, 23.4200791], [78.2059975, 23.4206211], [78.2060933, 23.4212041], [78.2053715, 23.4212498], [78.2047689, 23.4208886], [78.2044755, 23.420277]]]}",,,,Agricultural,,,,,,,,,OWN-0044,PCL-0179,,,PRJ-002,Begumganj–Silwani Highway Link,,,,,,,,possessed,,481/6,Begumganj,,,3GSLRFXLMGB8PJ,,,,VLG-023,Narmadapur,,
parcel,PCL-0180,,2.97,,,23.369349,78.473008,,,,Raisen,,,,,,,,,,,,"{""type"": ""Polygon"", ""coordinates"": [[[78.4720486, 23.3687949], [78.4729719, 23.368605], [78.4738487, 23.3688328], [78.474024, 23.369792], [78.4730941, 23.3700405], [78.4721749, 23.3696728], [78.4720486, 23.3687949]]]}",,,,Agricultural,,,,,,,,,OWN-0276,PCL-0180,,,PRJ-002,Begumganj–Silwani Highway Link,,,,,,,,awarded,,256/2,Silwani,,,4S9AH3NSJMHRJC,,,,VLG-038,Mohanpur Khurd,,
parcel,PCL-0181,,2.26,,,23.371954,78.485795,,,,Raisen,,,,,,,,,,,,"{""type"": ""Polygon"", ""coordinates"": [[[78.486417, 23.37178], [78.4862466, 23.3724399], [78.4852843, 23.3726579], [78.4850929, 23.3716971], [78.4858467, 23.3713448], [78.486417, 23.37178]]]}",,,,Agricultural,,,,,,,,,OWN-0127,PCL-0181,,,PRJ-002,Begumganj–Silwani Highway Link,,,,,,,,compensation_paid,,890/6,Silwani,,,W42T6NKP2YNR99,,,,VLG-038,Mohanpur Khurd,,
parcel,PCL-0182,,0.24,,,23.244234,78.654237,,,,Raisen,,,,,,,,,,,,"{""type"": ""Polygon"", ""coordinates"": [[[78.6543317, 23.2439651], [78.6544608, 23.2442117], [78.6543646, 23.2444186], [78.6540859, 23.244383], [78.6540179, 23.244095], [78.6543317, 23.2439651]]]}",,,,Agricultural,,,,,,,,,OWN-0067,PCL-0182,,,PRJ-002,Begumganj–Silwani Highway Link,,,,,,,,compensation_paid,,601/8,Silwani,,,YVQ6NT82TL8Q6J,,,,VLG-040,Devipura Buzurg,,
parcel,PCL-0183,,1.97,,,23.376844,78.479689,,,,Raisen,,,,,,,,,,,,"{""type"": ""Polygon"", ""coordinates"": [[[78.4790969, 23.3767272], [78.479289, 23.3762249], [78.4799218, 23.3762619], [78.4805443, 23.3765732], [78.4801581, 23.3771363], [78.4798204, 23.3777006], [78.4792804, 23.3773442], [78.4790969, 23.3767272]]]}",,,,Residential,,,,,,,,,OWN-0685,PCL-0183,,,PRJ-002,Begumganj–Silwani Highway Link,,,,,,,,compensation_paid,,954/9,Silwani,,,M9AKBW4XA8NMGV,,,,VLG-038,Mohanpur Khurd,,
parcel,PCL-0184,,0.83,,,23.246217,78.668342,,,,Raisen,,,,,,,,,,,,"{""type"": ""Polygon"", ""coordinates"": [[[78.6678753, 23.2464492], [78.6679712, 23.2461098], [78.6681793, 23.245864], [78.668494, 23.2459019], [78.6688243, 23.2461156], [78.6687077, 23.2464667], [78.6683662, 23.2467963], [78.6678753, 23.2464492]]]}",,,,Agricultural,,,,,,,,,OWN-0079,PCL-0184,,,PRJ-002,Begumganj–Silwani Highway Link,,,,,,,,proposed,,106/3,Silwani,,,Q4CP74EG6JQPPZ,,,,VLG-040,Devipura Buzurg,,
parcel,PCL-0185,,0.84,,,23.423114,78.751257,,,,Raisen,,,,,,,,,,,,"{""type"": ""Polygon"", ""coordinates"": [[[78.7509411, 23.4226266], [78.7514012, 23.4225547], [78.7516452, 23.4230746], [78.7516242, 23.4234693], [78.7509761, 23.4236319], [78.7507713, 23.4232222], [78.7509411, 23.4226266]]]}",,,,Agricultural,,,,,,,,,OWN-0172,PCL-0185,,,PRJ-002,Begumganj–Silwani Highway Link,,,,,,,,notified,,674/1,Silwani,,,9P4XGFQTA5YY6L,,,,VLG-034,Suryanagar,,
parcel,PCL-0186,,2.94,,,23.437007,78.320071,,,,Raisen,,,,,,,,,,,,"{""type"": ""Polygon"", ""coordinates"": [[[78.3206849, 23.4378145], [78.3194813, 23.437484], [78.3193643, 23.4367697], [78.3201994, 23.4360669], [78.3207964, 23.436822], [78.3206849, 23.4378145]]]}",,,,Agricultural,,,,,,,,,OWN-0210,PCL-0186,,,PRJ-002,Begumganj–Silwani Highway Link,,,,,,,,proposed,,376/5,Begumganj,,,5KEL82ALZCM4GF,,,,VLG-030,Suryanagar Khurd,,
parcel,PCL-0187,,0.31,,,23.312777,78.642305,,,,Raisen,,,,,,,,,,,,"{""type"": ""Polygon"", ""coordinates"": [[[78.6424006, 23.3125052], [78.6426317, 23.3126969], [78.642578, 23.313022], [78.6422736, 23.3131237], [78.6419886, 23.312959], [78.641913, 23.312759], [78.6421545, 23.3125188], [78.6424006, 23.3125052]]]}",,,,Agricultural,,,,,,,,,OWN-0436,PCL-0187,,,PRJ-002,Begumganj–Silwani Highway Link,,,,,,,,possessed,,177/8,Silwani,,,TWSPBN3U27FHJD,,,,VLG-032,Ratangarh Kalan,,
parcel,PCL-0188,,1.72,,,23.436722,78.31695,,,,Raisen,,,,,,,,,,,,"{""type"": ""Polygon"", ""coordinates"": [[[78.3168006, 23.4360646], [78.3174053, 23.4363421], [78.3178395, 23.4367351], [78.3173336, 23.4373319], [78.3166498, 23.4372193], [78.3163169, 23.4368913], [78.3164352, 23.4363931], [78.3168006, 23.4360646]]]}",,,,Agricultural,,,,,,,,,OWN-0140,PCL-0188,,,PRJ-002,Begumganj–Silwani Highway Link,,,,,,,,objections,,848/3,Begumganj,,,C59PJQFK6E5FW7,,,,VLG-030,Suryanagar Khurd,,
parcel,PCL-0189,,2.98,,,23.296948,78.723295,,,,Raisen,,,,,,,,,,,,"{""type"": ""Polygon"", ""coordinates"": [[[78.7235916, 23.2960181], [78.7243668, 23.2969488], [78.7237224, 23.2975401], [78.7224907, 23.2975319], [78.7223087, 23.2966098], [78.7235916, 23.2960181]]]}",,,,Barren,,,,,,,,,OWN-0101,PCL-0189,,,PRJ-002,Begumganj–Silwani Highway Link,,,,,,,,awarded,,450/9,Silwani,,,ZDBKYW2HUUSLFK,,,,VLG-036,Vijaynagar,,
parcel,PCL-0190,,0.93,,,23.364217,78.589425,,,,Raisen,,,,,,,,,,,,"{""type"": ""Polygon"", ""coordinates"": [[[78.5896205, 23.3646724], [78.5890546, 23.3644926], [78.5889476, 23.3639972], [78.5894847, 23.3638574], [78.5899784, 23.3640546], [78.5896205, 23.3646724]]]}",,,,Residential,,,,,,,,,OWN-0387,PCL-0190,,,PRJ-002,Begumganj–Silwani Highway Link,,,,,,,,possessed,,354/6,Silwani,,,FZTK32HR4KTQWZ,,,,VLG-035,Krishnapur Buzurg,,
parcel,PCL-0191,,1.16,,,23.429194,78.749554,,,,Raisen,,,,,,,,,,,,"{""type"": ""Polygon"", ""coordinates"": [[[78.7495054, 23.428791], [78.7499984, 23.4288755], [78.7501538, 23.4293668], [78.7496051, 23.4297252], [78.7489729, 23.4296447], [78.7489472, 23.4288963], [78.7495054, 23.428791]]]}",,,,Agricultural,,,,,,,,,OWN-0539,PCL-0191,,,PRJ-002,Begumganj–Silwani Highway Link,,,,,,,,possessed,,190/3,Silwani,,,EDTDH3SHASSM89,,,,VLG-034,Suryanagar,,
parcel,PCL-0192,,1.2,,,23.314292,78.648447,,,,Raisen,,,,,,,,,,,,"{""type"": ""Polygon"", ""coordinates"": [[[78.6479482, 23.3146936], [78.6479462, 23.31404], [78.6486958, 23.3137098], [78.6491004, 23.3142954], [78.6485842, 23.3147709], [78.6479482, 23.3146936]]]}",,,,Agricultural,,,,,,,,,OWN-0022,PCL-0192,,,PRJ-002,Begumganj–Silwani Highway Link,,,,,,,,objections,,249/7,Silwani,,,JZ5PGVSF7C2U2L,,,,VLG-032,Ratangarh Kalan,,
parcel,PCL-0193,,2.3,,,23.201358,78.721647,,,,Raisen,,,,,,,,,,,,"{""type"": ""Polygon"", ""coordinates"": [[[78.7218908, 23.2006824], [78.7223125, 23.2011921], [78.7224435, 23.2019254], [78.7213565, 23.2021562], [78.7209322, 23.2015554], [78.7209969, 23.2006525], [78.7218908, 23.2006824]]]}",,,,Agricultural,,,,,,,,,OWN-0544,PCL-0193,,,PRJ-002,Begumganj–Silwani Highway Link,,,,,,,,awarded,,518/1,Silwani,,,QGZRMTXJ7DXCUD,,,,VLG-039,Lakshmipur Kalan,,
parcel,PCL-0194,,0.69,,,23.376573,78.476722,,,,Raisen,,,,,,,,,,,,"{""type"": ""Polygon"", ""coordinates"": [[[78.4768825, 23.3769895], [78.4764547, 23.3767971], [78.4762016, 23.3764496], [78.4766368, 23.3762586], [78.4770334, 23.3762791], [78.4772704, 23.3766557], [78.4768825, 23.3769895]]]}",,,,Barren,,,,,,,,,OWN-0050,PCL-0194,,,PRJ-002,Begumganj–Silwani Highway Link,,,,,,,,proposed,,622/4,Silwani,,,RFN9PJ3WQC4CEF,,,,VLG-038,Mohanpur Khurd,,
parcel,PCL-0195,,2.3,,,23.358095,78.585995,,,,Raisen,,,,,,,,,,,,"{""type"": ""Polygon"", ""coordinates"": [[[78.5869555, 23.3579869], [78.5865371, 23.3586939], [78.5858864, 23.3590352], [78.5854163, 23.3582875], [78.5854553, 23.3574591], [78.586168, 23.3573801], [78.5869555, 23.3579869]]]}",,,,Agricultural,,,,,,,,,OWN-0612,PCL-0195,,,PRJ-002,Begumganj–Silwani Highway Link,,,,,,,,disputed_litigation,,537/1,Silwani,,,R2X89SUH4AP3ZY,,,,VLG-035,Krishnapur Buzurg,,
parcel,PCL-0196,,0.32,,,23.429572,78.745714,,,,Raisen,,,,,,,,,,,,"{""type"": ""Polygon"", ""coordinates"": [[[78.7455628, 23.429396], [78.7457485, 23.42933], [78.7459695, 23.4294553], [78.7459551, 23.4296306], [78.7457332, 23.4298086], [78.7455401, 23.4297394], [78.7453864, 23.4296083], [78.7455628, 23.429396]]]}",,,,Agricultural,,,,,,,,,OWN-0246,PCL-0196,,,PRJ-002,Begumganj–Silwani Highway Link,,,,,,,,notified,,463/5,Silwani,,,XX4EFSCUJ4CZBX,,,,VLG-034,Suryanagar,,
parcel,PCL-0197,,2.81,,,23.367424,78.587778,,,,Raisen,,,,,,,,,,,,"{""type"": ""Polygon"", ""coordinates"": [[[78.5884581, 23.367658], [78.5883018, 23.3682808], [78.5875433, 23.3680177], [78.5866391, 23.367707], [78.5872115, 23.3669423], [78.5878099, 23.3663916], [78.5885956, 23.3667242], [78.5884581, 23.367658]]]}",,,,Mixed Use,,,,,,,,,OWN-0158,PCL-0197,,,PRJ-002,Begumganj–Silwani Highway Link,,,,,,,,proposed,,702/8,Silwani,,,EWPGMPSXYD5M5G,,,,VLG-035,Krishnapur Buzurg,,
parcel,PCL-0198,,1.33,,,23.366391,78.590115,,,,Raisen,,,,,,,,,,,,"{""type"": ""Polygon"", ""coordinates"": [[[78.5902449, 23.3668839], [78.5897965, 23.3667118], [78.5893417, 23.3664704], [78.5896217, 23.3660071], [78.5902117, 23.3659148], [78.5906538, 23.366094], [78.5906939, 23.3666714], [78.5902449, 23.3668839]]]}",,,,Barren,,,,,,,,,OWN-0140,PCL-0198,,,PRJ-002,Begumganj–Silwani Highway Link,,,,,,,,possessed,,418/1,Silwani,,,PQZHDGZ6BDZEUU,,,,VLG-035,Krishnapur Buzurg,,
parcel,PCL-0199,,2.81,,,23.627079,78.44499,,,,Raisen,,,,,,,,,,,,"{""type"": ""Polygon"", ""coordinates"": [[[78.4440155, 23.6266968], [78.445059, 23.6261725], [78.4459346, 23.6266258], [78.4457277, 23.6274894], [78.4449124, 23.6278281], [78.4441327, 23.6275162], [78.4440155, 23.6266968]]]}",,,,Agricultural,,,,,,,,,OWN-0693,PCL-0199,,,PRJ-002,Begumganj–Silwani Highway Link,,,,,,,,awarded,,695/8,Begumganj,,,FUKZ2RKXGUBVNM,,,,VLG-029,Sonpur Kalan,,
parcel,PCL-0200,,0.64,,,23.439466,78.323747,,,,Raisen,,,,,,,,,,,,"{""type"": ""Polygon"", ""coordinates"": [[[78.3238681, 23.4390926], [78.3242769, 23.4393107], [78.3241475, 23.4396961], [78.3237359, 23.4398845], [78.3233187, 23.4396571], [78.3234251, 23.4392167], [78.3238681, 23.4390926]]]}",,,,Agricultural,,,,,,,,,OWN-0658,PCL-0200,,,PRJ-002,Begumganj–Silwani Highway Link,,,,,,,,possessed,,453/3,Begumganj,,,PVQQWZRJBUAY4H,,,,VLG-030,Suryanagar Khurd,,
parcel,PCL-0201,,1.09,,,23.250466,78.663849,,,,Raisen,,,,,,,,,,,,"{""type"": ""Polygon"", ""coordinates"": [[[78.66333, 23.2507245], [78.6633116, 23.2501671], [78.663973, 23.2499337], [78.6643735, 23.2504969], [78.6640108, 23.2511032], [78.66333, 23.2507245]]]}",,,,Residential,,,,,,,,,OWN-0576,PCL-0201,,,PRJ-002,Begumganj–Silwani Highway Link,,,,,,,,notified,,494/7,Silwani,,,GKNWXHSNT3KRVT,,,,VLG-040,Devipura Buzurg,,
parcel,PCL-0202,,2.58,,,23.419154,78.749747,,,,Raisen,,,,,,,,,,,,"{""type"": ""Polygon"", ""coordinates"": [[[78.750639, 23.419207], [78.7500405, 23.4201167], [78.7488509, 23.4197931], [78.7487595, 23.4186582], [78.7499517, 23.4185023], [78.750639, 23.419207]]]}",,,,Residential,,,,,,,,,OWN-0198,PCL-0202,,,PRJ-002,Begumganj–Silwani Highway Link,,,,,,,,proposed,,834/6,Silwani,,,BDE2DTFUEWD74M,,,,VLG-034,Suryanagar,,
parcel,PCL-0203,,2.63,,,23.316131,78.651714,,,,Raisen,,,,,,,,,,,,"{""type"": ""Polygon"", ""coordinates"": [[[78.6521328, 23.3167081], [78.6516149, 23.3167238], [78.6509324, 23.3164741], [78.6510394, 23.3158856], [78.6515888, 23.3153411], [78.6521583, 23.3154695], [78.6526865, 23.3162495], [78.6521328, 23.3167081]]]}",,,,Agricultural,,,,,,,,,OWN-0353,PCL-0203,,,PRJ-002,Begumganj–Silwani Highway Link,,,,,,,,awarded,,20/9,Silwani,,,F982DLESB3SENN,,,,VLG-032,Ratangarh Kalan,,
parcel,PCL-0204,,0.77,,,23.61411,78.35938,,,,Raisen,,,,,,,,,,,,"{""type"": ""Polygon"", ""coordinates"": [[[78.3590817, 23.6143608], [78.3589416, 23.6139862], [78.3591561, 23.6135985], [78.3596298, 23.6138181], [78.3599442, 23.6142858], [78.3594919, 23.614434], [78.3590817, 23.6143608]]]}",,,,Agricultural,,,,,,,,,OWN-0389,PCL-0204,,,PRJ-002,Begumganj–Silwani Highway Link,,,,,,,,notified,,116/4,Begumganj,,,5RWJ79Y2HNP6EU,,,,VLG-024,Govindpur Khurd,,
parcel,PCL-0205,,1.82,,,23.29914,78.730132,,,,Raisen,,,,,,,,,,,,"{""type"": ""Polygon"", ""coordinates"": [[[78.7299023, 23.2997482], [78.7292109, 23.2993209], [78.7295741, 23.2988317], [78.7302471, 23.2985668], [78.7305931, 23.2987321], [78.7308605, 23.2992039], [78.7304556, 23.2995984], [78.7299023, 23.2997482]]]}",,,,Residential,,,,,,,,,OWN-0512,PCL-0205,,,PRJ-002,Begumganj–Silwani Highway Link,,,,,,,,awarded,,684/9,Silwani,,,LMEALF9MGNS4LX,,,,VLG-036,Vijaynagar,,
parcel,PCL-0206,,2.37,,,23.35888,78.592324,,,,Raisen,,,,,,,,,,,,"{""type"": ""Polygon"", ""coordinates"": [[[78.5929221, 23.3581409], [78.5929857, 23.3589532], [78.5925888, 23.3596417], [78.5916894, 23.3593372], [78.5914497, 23.358757], [78.5920095, 23.3580442], [78.5929221, 23.3581409]]]}",,,,Barren,,,,,,,,,OWN-0603,PCL-0206,,,PRJ-002,Begumganj–Silwani Highway Link,,,,,,,,awarded,,558/7,Silwani,,,3H78D39R3KAZA2,,,,VLG-035,Krishnapur Buzurg,,
parcel,PCL-0207,,0.34,,,23.552252,78.291097,,,,Raisen,,,,,,,,,,,,"{""type"": ""Polygon"", ""coordinates"": [[[78.2909399, 23.5524279], [78.2907082, 23.5522829], [78.2908374, 23.5520067], [78.2911552, 23.5519703], [78.2913217, 23.5520996], [78.2914286, 23.5523893], [78.291194, 23.5525803], [78.2909399, 23.5524279]]]}",,,,Residential,,,,,,,,,OWN-0585,PCL-0207,,,PRJ-002,Begumganj–Silwani Highway Link,,,,,,,,notified,,143/6,Begumganj,,,37CTR5UBLJCXCQ,,,,VLG-025,Manikpur Kalan,,
parcel,PCL-0208,,2.93,,,23.247918,78.664711,,,,Raisen,,,,,,,,,,,,"{""type"": ""Polygon"", ""coordinates"": [[[78.6655395, 23.2478086], [78.6655429, 23.2486164], [78.6646441, 23.2488094], [78.6642032, 23.2483928], [78.66372, 23.2477326], [78.66423, 23.246919], [78.6650855, 23.2473762], [78.6655395, 23.2478086]]]}",,,,Mixed Use,,,,,,,,,OWN-0094,PCL-0208,,,PRJ-002,Begumganj–Silwani Highway Link,,,,,,,,compensation_paid,,366/3,Silwani,,,R3628NMB6T2EE7,,,,VLG-040,Devipura Buzurg,,
parcel,PCL-0209,,1.21,,,23.361883,78.582868,,,,Raisen,,,,,,,,,,,,"{""type"": ""Polygon"", ""coordinates"": [[[78.5823814, 23.3618327], [78.5826701, 23.3614159], [78.583203, 23.3614206], [78.5835686, 23.3619632], [78.5831744, 23.3624292], [78.582621, 23.3624413], [78.5823814, 23.3618327]]]}",,,,Agricultural,,,,,,,,,OWN-0244,PCL-0209,,,PRJ-002,Begumganj–Silwani Highway Link,,,,,,,,compensation_paid,,378/1,Silwani,,,TBZ22X7CBHLTMX,,,,VLG-035,Krishnapur Buzurg,,
parcel,PCL-0210,,0.83,,,23.30277,78.733798,,,,Raisen,,,,,,,,,,,,"{""type"": ""Polygon"", ""coordinates"": [[[78.73338, 23.3031581], [78.7333989, 23.3026679], [78.7334798, 23.3022704], [78.7340816, 23.3023154], [78.7343796, 23.3027183], [78.734095, 23.3030483], [78.7337152, 23.3032372], [78.73338, 23.3031581]]]}",,,,Mixed Use,,,,,,,,,OWN-0587,PCL-0210,,,PRJ-002,Begumganj–Silwani Highway Link,,,,,,,,possessed,,957/2,Silwani,,,X3LSFWMX8MX2LL,,,,VLG-036,Vijaynagar,,
parcel,PCL-0211,,2.62,,,23.369459,78.47683,,,,Raisen,,,,,,,,,,,,"{""type"": ""Polygon"", ""coordinates"": [[[78.4761332, 23.3702867], [78.4759094, 23.3693889], [78.476343, 23.3688459], [78.4772269, 23.3687292], [78.4775832, 23.3691245], [78.4774704, 23.3699078], [78.4769369, 23.3703917], [78.4761332, 23.3702867]]]}",,,,Agricultural,,,,,,,,,OWN-0295,PCL-0211,,,PRJ-002,Begumganj–Silwani Highway Link,,,,,,,,compensation_paid,,845/5,Silwani,,,QANVHEH88LDNXR,,,,VLG-038,Mohanpur Khurd,,
parcel,PCL-0212,,0.35,,,23.422878,78.741494,,,,Raisen,,,,,,,,,,,,"{""type"": ""Polygon"", ""coordinates"": [[[78.7413643, 23.4231206], [78.7412407, 23.4228546], [78.7414715, 23.422601], [78.7418578, 23.4227615], [78.7417721, 23.4231289], [78.7413643, 23.4231206]]]}",,,,Barren,,,,,,,,,OWN-0244,PCL-0212,,,PRJ-002,Begumganj–Silwani Highway Link,,,,,,,,disputed_litigation,,818/7,Silwani,,,6WCBTKGUFCYM72,,,,VLG-034,Suryanagar,,
parcel,PCL-0213,,2.12,,,23.435296,78.319225,,,,Raisen,,,,,,,,,,,,"{""type"": ""Polygon"", ""coordinates"": [[[78.3190373, 23.434588], [78.3196396, 23.4348518], [78.320019, 23.4354704], [78.3195347, 23.4359088], [78.3190845, 23.4358697], [78.3183536, 23.435628], [78.3186206, 23.4348557], [78.3190373, 23.434588]]]}",,,,Agricultural,,,,,,,,,OWN-0333,PCL-0213,,,PRJ-002,Begumganj–Silwani Highway Link,,,,,,,,proposed,,885/9,Begumganj,,,466TVLJ9XXTX5Z,,,,VLG-030,Suryanagar Khurd,,
parcel,PCL-0214,,0.62,,,23.550005,78.360006,,,,Raisen,,,,,,,,,,,,"{""type"": ""Polygon"", ""coordinates"": [[[78.3604215, 23.5499687], [78.3601944, 23.5502712], [78.3596045, 23.5503203], [78.3595146, 23.5498824], [78.3600301, 23.5496669], [78.3604215, 23.5499687]]]}",,,,Residential,,,,,,,,,OWN-0238,PCL-0214,,,PRJ-002,Begumganj–Silwani Highway Link,,,,,,,,compensation_paid,,75/4,Begumganj,,,JHWWEPAWX8CP5M,,,,VLG-027,Ramgarh Kalan,,
parcel,PCL-0215,,0.92,,,23.434622,78.315007,,,,Raisen,,,,,,,,,,,,"{""type"": ""Polygon"", ""coordinates"": [[[78.3144912, 23.4350245], [78.3144838, 23.4345451], [78.3147513, 23.4340487], [78.3151541, 23.4341698], [78.3155047, 23.4345115], [78.3154182, 23.4349873], [78.3150768, 23.4349681], [78.3144912, 23.4350245]]]}",,,,Residential,,,,,,,,,OWN-0528,PCL-0215,,,PRJ-002,Begumganj–Silwani Highway Link,,,,,,,,objections,,757/3,Begumganj,,,ZUPEPMGJNEJNKA,,,,VLG-030,Suryanagar Khurd,,
parcel,PCL-0216,,1.91,,,23.546452,78.358772,,,,Raisen,,,,,,,,,,,,"{""type"": ""Polygon"", ""coordinates"": [[[78.3580162, 23.5463871], [78.3585442, 23.5457621], [78.3594319, 23.5460737], [78.3592526, 23.5469477], [78.3583656, 23.5471203], [78.3580162, 23.5463871]]]}",,,,Barren,,,,,,,,,OWN-0186,PCL-0216,,,PRJ-002,Begumganj–Silwani Highway Link,,,,,,,,notified,,922/6,Begumganj,,,87WSZT8J2KCWKF,,,,VLG-027,Ramgarh Kalan,,
parcel,PCL-0217,,1.21,,,23.60258,78.354446,,,,Raisen,,,,,,,,,,,,"{""type"": ""Polygon"", ""coordinates"": [[[78.354051, 23.6028597], [78.3540404, 23.6023462], [78.3545629, 23.6021721], [78.354952, 23.602588], [78.3546235, 23.603187], [78.354051, 23.6028597]]]}",,,,Barren,,,,,,,,,OWN-0672,PCL-0217,,,PRJ-002,Begumganj–Silwani Highway Link,,,,,,,,possessed,,597/3,Begumganj,,,BWMMKP4LG5WEVR,,,,VLG-024,Govindpur Khurd,,
parcel,PCL-0218,,0.79,,,23.559898,78.279205,,,,Raisen,,,,,,,,,,,,"{""type"": ""Polygon"", ""coordinates"": [[[78.2797901, 23.5598312], [78.2795472, 23.5601549], [78.2791403, 23.5602852], [78.2788222, 23.560264], [78.2786591, 23.5597911], [78.2790313, 23.5595697], [78.2793737, 23.5595436], [78.2797901, 23.5598312]]]}",,,,Residential,,,,,,,,,OWN-0341,PCL-0218,,,PRJ-002,Begumganj–Silwani Highway Link,,,,,,,,proposed,,268/5,Begumganj,,,9HM66AMM6ELDXR,,,,VLG-025,Manikpur Kalan,,
parcel,PCL-0219,,2.3,,,23.610303,78.358911,,,,Raisen,,,,,,,,,,,,"{""type"": ""Polygon"", ""coordinates"": [[[78.3581554, 23.6102498], [78.358616, 23.609557], [78.3595251, 23.6099626], [78.3598002, 23.6106922], [78.3586929, 23.6108647], [78.3581554, 23.6102498]]]}",,,,Residential,,,,,,,,,OWN-0407,PCL-0219,,,PRJ-002,Begumganj–Silwani Highway Link,,,,,,,,compensation_paid,,747/1,Begumganj,,,NMCCS976YPZYMR,,,,VLG-024,Govindpur Khurd,,
parcel,PCL-0220,,2.78,,,23.203059,78.502542,,,,Raisen,,,,,,,,,,,,"{""type"": ""Polygon"", ""coordinates"": [[[78.502845, 23.2037575], [78.5016553, 23.2034719], [78.5017365, 23.2023683], [78.5027905, 23.2024398], [78.503624, 23.2029205], [78.502845, 23.2037575]]]}",,,,Barren,,,,,,,,,OWN-0216,PCL-0220,,,PRJ-002,Begumganj–Silwani Highway Link,,,,,,,,notified,,893/2,Silwani,,,BKLYBFVN8TNDNA,,,,VLG-037,Devipura Khurd,,
parcel,PCL-0221,,2.98,,,23.247843,78.655637,,,,Raisen,,,,,,,,,,,,"{""type"": ""Polygon"", ""coordinates"": [[[78.6561972, 23.2483194], [78.6557118, 23.2485436], [78.6549736, 23.2482469], [78.6546906, 23.2474222], [78.6557583, 23.2469948], [78.6565602, 23.2474071], [78.6561972, 23.2483194]]]}",,,,Agricultural,,,,,,,,,OWN-0621,PCL-0221,,,PRJ-002,Begumganj–Silwani Highway Link,,,,,,,,proposed,,790/2,Silwani,,,HH23GJMCHC6JX6,,,,VLG-040,Devipura Buzurg,,
parcel,PCL-0222,,2.78,,,23.309211,78.648146,,,,Raisen,,,,,,,,,,,,"{""type"": ""Polygon"", ""coordinates"": [[[78.647385, 23.3088923], [78.6480865, 23.3082916], [78.6490586, 23.3086237], [78.6490462, 23.3097296], [78.6483665, 23.3101597], [78.6475869, 23.3096191], [78.647385, 23.3088923]]]}",,,,Agricultural,,,,,,,,,OWN-0572,PCL-0222,,,PRJ-002,Begumganj–Silwani Highway Link,,,,,,,,notified,,700/7,Silwani,,,JXAWJKU2JBNZY2,,,,VLG-032,Ratangarh Kalan,,
parcel,PCL-0223,,2.44,,,23.315876,78.498187,,,,Raisen,,,,,,,,,,,,"{""type"": ""Polygon"", ""coordinates"": [[[78.4976088, 23.3165115], [78.4971925, 23.3158407], [78.4975605, 23.3153623], [78.4982048, 23.3152211], [78.4990128, 23.31558], [78.498935, 23.316156], [78.4983281, 23.3164898], [78.4976088, 23.3165115]]]}",,,,Agricultural,,,,,,,,,OWN-0266,PCL-0223,,,PRJ-002,Begumganj–Silwani Highway Link,,,,,,,,possessed,,965/2,Silwani,,,KBK8D5HZL8Q9TD,,,,VLG-033,Mohanpur Kalan,,
parcel,PCL-0224,,1.39,,,23.417879,78.747791,,,,Raisen,,,,,,,,,,,,"{""type"": ""Polygon"", ""coordinates"": [[[78.7480734, 23.4174433], [78.7483618, 23.4179046], [78.7480201, 23.4185796], [78.7474504, 23.4182912], [78.7470564, 23.417665], [78.7475973, 23.4172586], [78.7480734, 23.4174433]]]}",,,,Agricultural,,,,,,,,,OWN-0293,PCL-0224,,,PRJ-002,Begumganj–Silwani Highway Link,,,,,,,,notified,,34/4,Silwani,,,DHBZ396Z5VEZ6Y,,,,VLG-034,Suryanagar,,
parcel,PCL-0225,,1.33,,,23.538493,78.360774,,,,Raisen,,,,,,,,,,,,"{""type"": ""Polygon"", ""coordinates"": [[[78.3610989, 23.5378754], [78.361234, 23.5385097], [78.3610576, 23.538849], [78.3604582, 23.5391057], [78.360243, 23.5385325], [78.3605166, 23.5378751], [78.3610989, 23.5378754]]]}",,,,Residential,,,,,,,,,OWN-0236,PCL-0225,,,PRJ-002,Begumganj–Silwani Highway Link,,,,,,,,objections,,103/8,Begumganj,,,3TF9L5CAGZ6GKB,,,,VLG-027,Ramgarh Kalan,,
parcel,PCL-0226,,2.93,,,23.433711,78.322407,,,,Raisen,,,,,,,,,,,,"{""type"": ""Polygon"", ""coordinates"": [[[78.321673, 23.4336972], [78.3219786, 23.4328236], [78.323369, 23.433062], [78.3229938, 23.4342542], [78.3218072, 23.4346494], [78.321673, 23.4336972]]]}",,,,Agricultural,,,,,,,,,OWN-0205,PCL-0226,,,PRJ-002,Begumganj–Silwani Highway Link,,,,,,,,awarded,,821/7,Begumganj,,,MHNBB5MYY655S9,,,,VLG-030,Suryanagar Khurd,,
parcel,PCL-0227,,0.45,,,23.308966,78.635094,,,,Raisen,,,,,,,,,,,,"{""type"": ""Polygon"", ""coordinates"": [[[78.6352586, 23.3086394], [78.6354837, 23.3087907], [78.6354393, 23.3092418], [78.6350908, 23.3093805], [78.6348879, 23.3091636], [78.6348143, 23.3089506], [78.6349147, 23.3087507], [78.6352586, 23.3086394]]]}",,,,Agricultural,,,,,,,,,OWN-0020,PCL-0227,,,PRJ-002,Begumganj–Silwani Highway Link,,,,,,,,possessed,,33/1,Silwani,,,T345GVXBEHD697,,,,VLG-032,Ratangarh Kalan,,
parcel,PCL-0228,,0.21,,,23.30066,78.730537,,,,Raisen,,,,,,,,,,,,"{""type"": ""Polygon"", ""coordinates"": [[[78.730363, 23.3005865], [78.7305479, 23.3003943], [78.7308017, 23.3006036], [78.7306613, 23.3007828], [78.7303816, 23.3009201], [78.730363, 23.3005865]]]}",,,,Agricultural,,,,,,,,,OWN-0177,PCL-0228,,,PRJ-002,Begumganj–Silwani Highway Link,,,,,,,,proposed,,44/5,Silwani,,,CV939QEN76H42U,,,,VLG-036,Vijaynagar,,
parcel,PCL-0229,,2.73,,,23.239138,78.670997,,,,Raisen,,,,,,,,,,,,"{""type"": ""Polygon"", ""coordinates"": [[[78.6709314, 23.2399642], [78.6702757, 23.2393993], [78.6703389, 23.238688], [78.6711203, 23.2381967], [78.6719866, 23.2390193], [78.6716702, 23.2397591], [78.6709314, 23.2399642]]]}",,,,Agricultural,,,,,,,,,OWN-0626,PCL-0229,,,PRJ-002,Begumganj–Silwani Highway Link,,,,,,,,possessed,,457/1,Silwani,,,ESL5JBP7D7LGF4,,,,VLG-040,Devipura Buzurg,,
parcel,PCL-0230,,2.02,,,23.629952,78.444013,,,,Raisen,,,,,,,,,,,,"{""type"": ""Polygon"", ""coordinates"": [[[78.4432427, 23.6294031], [78.444286, 23.6290886], [78.444619, 23.6296915], [78.4448323, 23.6302861], [78.4442531, 23.6306786], [78.4434181, 23.6305828], [78.4433862, 23.6300174], [78.4432427, 23.6294031]]]}",,,,Mixed Use,,,,,,,,,OWN-0456,PCL-0230,,,PRJ-002,Begumganj–Silwani Highway Link,,,,,,,,proposed,,986/1,Begumganj,,,UBE3SVJLH6YQ6Z,,,,VLG-029,Sonpur Kalan,,
parcel,PCL-0231,,1.66,,,23.305507,78.495495,,,,Raisen,,,,,,,,,,,,"{""type"": ""Polygon"", ""coordinates"": [[[78.4961671, 23.3056876], [78.4959167, 23.3061817], [78.4951, 23.305996], [78.4947793, 23.3057096], [78.4948598, 23.3051072], [78.4954518, 23.3049803], [78.4961919, 23.305184], [78.4961671, 23.3056876]]]}",,,,Agricultural,,,,,,,,,OWN-0170,PCL-0231,,,PRJ-002,Begumganj–Silwani Highway Link,,,,,,,,awarded,,615/7,Silwani,,,K738DTCYQHSF5H,,,,VLG-033,Mohanpur Kalan,,
parcel,PCL-0232,,0.23,,,23.247124,78.670014,,,,Raisen,,,,,,,,,,,,"{""type"": ""Polygon"", ""coordinates"": [[[78.6697038, 23.2471294], [78.6699322, 23.2469331], [78.6702104, 23.2469931], [78.6702203, 23.2472677], [78.6699108, 23.2473927], [78.6697038, 23.2471294]]]}",,,,Mixed Use,,,,,,,,,OWN-0408,PCL-0232,,,PRJ-002,Begumganj–Silwani Highway Link,,,,,,,,compensation_paid,,187/5,Silwani,,,C4U22RS5BT6VKE,,,,VLG-040,Devipura Buzurg,,
parcel,PCL-0233,,0.54,,,23.311332,78.50036,,,,Raisen,,,,,,,,,,,,"{""type"": ""Polygon"", ""coordinates"": [[[78.500818, 23.3112601], [78.5004803, 23.3116668], [78.5001215, 23.3115281], [78.4999916, 23.3111419], [78.5004602, 23.3110309], [78.500818, 23.3112601]]]}",,,,Agricultural,,,,,,,,,OWN-0546,PCL-0233,,,PRJ-002,Begumganj–Silwani Highway Link,,,,,,,,awarded,,714/9,Silwani,,,QC5JS38K6E5BEF,,,,VLG-033,Mohanpur Kalan,,
parcel,PCL-0234,,0.72,,,23.420786,78.210278,,,,Raisen,,,,,,,,,,,,"{""type"": ""Polygon"", ""coordinates"": [[[78.2102505, 23.4213324], [78.2099715, 23.4209926], [78.2099071, 23.4206708], [78.2100894, 23.4204633], [78.2104627, 23.4204148], [78.2106321, 23.4206444], [78.2107632, 23.4210742], [78.2102505, 23.4213324]]]}",,,,Agricultural,,,,,,,,,OWN-0524,PCL-0234,,,PRJ-002,Begumganj–Silwani Highway Link,,,,,,,,objections,,97/7,Begumganj,,,XBLZTV9KSHG5WC,,,,VLG-023,Narmadapur,,
parcel,PCL-0235,,0.89,,,23.541247,78.371625,,,,Raisen,,,,,,,,,,,,"{""type"": ""Polygon"", ""coordinates"": [[[78.3709914, 23.5413079], [78.3714894, 23.5409075], [78.3720248, 23.5408616], [78.3721086, 23.5414739], [78.3715704, 23.5415989], [78.3709914, 23.5413079]]]}",,,,Agricultural,,,,,,,,,OWN-0003,PCL-0235,,,PRJ-002,Begumganj–Silwani Highway Link,,,,,,,,awarded,,888/7,Begumganj,,,7KGTF6T4GQWM32,,,,VLG-027,Ramgarh Kalan,,
parcel,PCL-0236,,1.89,,,23.249751,78.663658,,,,Raisen,,,,,,,,,,,,"{""type"": ""Polygon"", ""coordinates"": [[[78.663415, 23.2490104], [78.6642107, 23.2493898], [78.6642966, 23.2501732], [78.6633247, 23.2505331], [78.6628638, 23.2498001], [78.663415, 23.2490104]]]}",,,,Mixed Use,,,,,,,,,OWN-0676,PCL-0236,,,PRJ-002,Begumganj–Silwani Highway Link,,,,,,,,possessed,,51/2,Silwani,,,HJMD8ZR2CYHE8F,,,,VLG-040,Devipura Buzurg,,
parcel,PCL-0237,,0.76,,,23.428669,78.745579,,,,Raisen,,,,,,,,,,,,"{""type"": ""Polygon"", ""coordinates"": [[[78.7456894, 23.4282865], [78.7460855, 23.4285031], [78.7460149, 23.428865], [78.745655, 23.4290734], [78.7452878, 23.4290167], [78.745072, 23.4286787], [78.7453799, 23.4283215], [78.7456894, 23.4282865]]]}",,,,Agricultural,,,,,,,,,OWN-0544,PCL-0237,,,PRJ-002,Begumganj–Silwani Highway Link,,,,,,,,notified,,995/5,Silwani,,,MDU22T5594DW5S,,,,VLG-034,Suryanagar,,
parcel,PCL-0238,,2.48,,,23.310181,78.510808,,,,Raisen,,,,,,,,,,,,"{""type"": ""Polygon"", ""coordinates"": [[[78.5099233, 23.3102477], [78.5102312, 23.309613], [78.5113876, 23.309433], [78.5115233, 23.3102462], [78.5113159, 23.3108869], [78.5104943, 23.3108], [78.5099233, 23.3102477]]]}",,,,Residential,,,,,,,,,OWN-0265,PCL-0238,,,PRJ-002,Begumganj–Silwani Highway Link,,,,,,,,compensation_paid,,819/7,Silwani,,,2JM4XUDG3XYQDA,,,,VLG-033,Mohanpur Kalan,,
parcel,PCL-0239,,0.56,,,23.239566,78.657469,,,,Raisen,,,,,,,,,,,,"{""type"": ""Polygon"", ""coordinates"": [[[78.6576038, 23.2399141], [78.6571836, 23.2398338], [78.6571041, 23.2395174], [78.6572722, 23.2392783], [78.6576048, 23.2393168], [78.6578307, 23.2395476], [78.6576038, 23.2399141]]]}",,,,Barren,,,,,,,,,OWN-0095,PCL-0239,,,PRJ-002,Begumganj–Silwani Highway Link,,,,,,,,possessed,,382/9,Silwani,,,S2DAAG8389JNFM,,,,VLG-040,Devipura Buzurg,,
parcel,PCL-0240,,1.39,,,23.200894,78.720228,,,,Raisen,,,,,,,,,,,,"{""type"": ""Polygon"", ""coordinates"": [[[78.7196192, 23.2009881], [78.7197998, 23.2006102], [78.7203712, 23.2004583], [78.7210038, 23.2007061], [78.7207897, 23.2012132], [78.7201603, 23.2015761], [78.7196192, 23.2009881]]]}",,,,Agricultural,,,,,,,,,OWN-0234,PCL-0240,,,PRJ-002,Begumganj–Silwani Highway Link,,,,,,,,awarded,,441/6,Silwani,,,2D7YLZSMVJHQWS,,,,VLG-039,Lakshmipur Kalan,,
parcel,PCL-0241,,0.24,,,23.303353,78.729248,,,,Raisen,,,,,,,,,,,,"{""type"": ""Polygon"", ""coordinates"": [[[78.7290805, 23.3031641], [78.7294107, 23.3030927], [78.7294546, 23.3033592], [78.7293989, 23.3035052], [78.7290577, 23.3036154], [78.7289761, 23.3033936], [78.7290805, 23.3031641]]]}",,,,Mixed Use,,,,,,,,,OWN-0504,PCL-0241,,,PRJ-002,Begumganj–Silwani Highway Link,,,,,,,,compensation_paid,,699/2,Silwani,,,663PRUL9LBN2LE,,,,VLG-036,Vijaynagar,,
parcel,PCL-0242,,2.17,,,23.201657,78.717931,,,,Raisen,,,,,,,,,,,,"{""type"": ""Polygon"", ""coordinates"": [[[78.7173681, 23.2012788], [78.7180744, 23.2009949], [78.7185285, 23.2017063], [78.71815, 23.2025023], [78.717222, 23.2021843], [78.7173681, 23.2012788]]]}",,,,Agricultural,,,,,,,,,OWN-0149,PCL-0242,,,PRJ-002,Begumganj–Silwani Highway Link,,,,,,,,awarded,,274/4,Silwani,,,XQVACGE368UE5Y,,,,VLG-039,Lakshmipur Kalan,,
parcel,PCL-0243,,0.84,,,23.311862,78.733491,,,,Raisen,,,,,,,,,,,,"{""type"": ""Polygon"", ""coordinates"": [[[78.7335327, 23.3123336], [78.7329124, 23.3120488], [78.7330982, 23.3115801], [78.7335481, 23.3114139], [78.7338616, 23.3117383], [78.7339284, 23.3121664], [78.7335327, 23.3123336]]]}",,,,Agricultural,,,,,,,,,OWN-0686,PCL-0243,,,PRJ-002,Begumganj–Silwani Highway Link,,,,,,,,possessed,,329/4,Silwani,,,HK7S25KDVW8J8G,,,,VLG-036,Vijaynagar,,
parcel,PCL-0244,,2.07,,,23.602441,78.347319,,,,Raisen,,,,,,,,,,,,"{""type"": ""Polygon"", ""coordinates"": [[[78.3479427, 23.6019621], [78.3480775, 23.6028678], [78.347344, 23.60302], [78.3465462, 23.6026946], [78.3468518, 23.6018771], [78.3479427, 23.6019621]]]}",,,,Agricultural,,,,,,,,,OWN-0244,PCL-0244,,,PRJ-002,Begumganj–Silwani Highway Link,,,,,,,,awarded,,582/2,Begumganj,,,KH9B3LPMDPLKHC,,,,VLG-024,Govindpur Khurd,,
parcel,PCL-0245,,0.64,,,23.305125,78.497503,,,,Raisen,,,,,,,,,,,,"{""type"": ""Polygon"", ""coordinates"": [[[78.4973345, 23.3047667], [78.4978748, 23.3047625], [78.4978993, 23.3053634], [78.4973584, 23.3055225], [78.4970664, 23.3051041], [78.4973345, 23.3047667]]]}",,,,Agricultural,,,,,,,,,OWN-0012,PCL-0245,,,PRJ-002,Begumganj–Silwani Highway Link,,,,,,,,objections,,561/2,Silwani,,,UNZ2FUDRUWRFD8,,,,VLG-033,Mohanpur Kalan,,
parcel,PCL-0246,,2.37,,,23.245637,78.667671,,,,Raisen,,,,,,,,,,,,"{""type"": ""Polygon"", ""coordinates"": [[[78.6680807, 23.2464984], [78.6668563, 23.2461811], [78.6671897, 23.245266], [78.6678435, 23.2447514], [78.6686592, 23.2454526], [78.6680807, 23.2464984]]]}",,,,Agricultural,,,,,,,,,OWN-0187,PCL-0246,,,PRJ-002,Begumganj–Silwani Highway Link,,,,,,,,objections,,4/6,Silwani,,,TX26EXBC5525TF,,,,VLG-040,Devipura Buzurg,,
parcel,PCL-0247,,2.72,,,23.31109,78.501328,,,,Raisen,,,,,,,,,,,,"{""type"": ""Polygon"", ""coordinates"": [[[78.5011219, 23.310088], [78.5023866, 23.3106583], [78.5020983, 23.311486], [78.5010667, 23.3118408], [78.5002211, 23.310918], [78.5011219, 23.310088]]]}",,,,Barren,,,,,,,,,OWN-0634,PCL-0247,,,PRJ-002,Begumganj–Silwani Highway Link,,,,,,,,notified,,481/1,Silwani,,,AZN54NUK23L27A,,,,VLG-033,Mohanpur Kalan,,
parcel,PCL-0248,,1.67,,,23.369302,78.482744,,,,Raisen,,,,,,,,,,,,"{""type"": ""Polygon"", ""coordinates"": [[[78.4819061, 23.3689736], [78.4826008, 23.3686659], [78.4831574, 23.3688305], [78.4834917, 23.3692465], [78.4832524, 23.3697371], [78.4827155, 23.3699397], [78.4820609, 23.3696673], [78.4819061, 23.3689736]]]}",,,,Agricultural,,,,,,,,,OWN-0023,PCL-0248,,,PRJ-002,Begumganj–Silwani Highway Link,,,,,,,,notified,,966/2,Silwani,,,J5Y7M2AVFAZJE7,,,,VLG-038,Mohanpur Khurd,,
parcel,PCL-0249,,1.58,,,23.510712,78.218446,,,,Raisen,,,,,,,,,,,,"{""type"": ""Polygon"", ""coordinates"": [[[78.2176996, 23.5108495], [78.2179557, 23.5103699], [78.218675, 23.5100038], [78.2191442, 23.5104321], [78.2188938, 23.5112223], [78.2183166, 23.511377], [78.2176996, 23.5108495]]]}",,,,Residential,,,,,,,,,OWN-0142,PCL-0249,,,PRJ-002,Begumganj–Silwani Highway Link,,,,,,,,awarded,,447/5,Begumganj,,,MLK8XE6DSZTJGY,,,,VLG-028,Suryanagar Buzurg,,
parcel,PCL-0250,,1.18,,,23.535248,78.372432,,,,Raisen,,,,,,,,,,,,"{""type"": ""Polygon"", ""coordinates"": [[[78.3724715, 23.5345919], [78.3730729, 23.5349543], [78.3729932, 23.5356492], [78.3723199, 23.5356364], [78.3719933, 23.5353533], [78.3718511, 23.5348225], [78.3724715, 23.5345919]]]}",,,,Barren,,,,,,,,,OWN-0420,PCL-0250,,,PRJ-002,Begumganj–Silwani Highway Link,,,,,,,,possessed,,282/1,Begumganj,,,7LPJT8MLWTADF9,,,,VLG-027,Ramgarh Kalan,,
parcel,PCL-0251,,0.57,,,23.627071,78.436998,,,,Raisen,,,,,,,,,,,,"{""type"": ""Polygon"", ""coordinates"": [[[78.4372633, 23.6273354], [78.4366679, 23.6274351], [78.4366313, 23.6269555], [78.4369691, 23.6267841], [78.437387, 23.6268978], [78.4372633, 23.6273354]]]}",,,,Agricultural,,,,,,,,,OWN-0061,PCL-0251,,,PRJ-002,Begumganj–Silwani Highway Link,,,,,,,,compensation_paid,,94/2,Begumganj,,,ZAM7GFWM5FCZQ6,,,,VLG-029,Sonpur Kalan,,
parcel,PCL-0252,,0.68,,,23.55048,78.276846,,,,Raisen,,,,,,,,,,,,"{""type"": ""Polygon"", ""coordinates"": [[[78.2765843, 23.5502972], [78.2768793, 23.5499682], [78.2773124, 23.5503274], [78.2772032, 23.5507673], [78.2768466, 23.5509477], [78.2764889, 23.5506147], [78.2765843, 23.5502972]]]}",,,,Agricultural,,,,,,,,,OWN-0582,PCL-0252,,,PRJ-002,Begumganj–Silwani Highway Link,,,,,,,,compensation_paid,,535/8,Begumganj,,,4P4YJST8H4FK8N,,,,VLG-025,Manikpur Kalan,,
parcel,PCL-0253,,0.72,,,23.423809,78.209235,,,,Raisen,,,,,,,,,,,,"{""type"": ""Polygon"", ""coordinates"": [[[78.2092818, 23.4242005], [78.2087517, 23.4239187], [78.2089935, 23.4235326], [78.2094915, 23.4235089], [78.209704, 23.4240594], [78.2092818, 23.4242005]]]}",,,,Agricultural,,,,,,,,,OWN-0449,PCL-0253,,,PRJ-002,Begumganj–Silwani Highway Link,,,,,,,,compensation_paid,,263/9,Begumganj,,,RXK4D3T5C56NQS,,,,VLG-023,Narmadapur,,
parcel,PCL-0254,,1.69,,,23.31089,78.652035,,,,Raisen,,,,,,,,,,,,"{""type"": ""Polygon"", ""coordinates"": [[[78.6512932, 23.3113262], [78.6515419, 23.3105211], [78.6522869, 23.3102569], [78.6525657, 23.3108071], [78.6523091, 23.3116666], [78.6512932, 23.3113262]]]}",,,,Mixed Use,,,,,,,,,OWN-0403,PCL-0254,,,PRJ-002,Begumganj–Silwani Highway Link,,,,,,,,compensation_paid,,369/8,Silwani,,,XYFZ3LPMACXWGC,,,,VLG-032,Ratangarh Kalan,,
parcel,PCL-0255,,2.22,,,23.544217,78.36948,,,,Raisen,,,,,,,,,,,,"{""type"": ""Polygon"", ""coordinates"": [[[78.370047, 23.5444886], [78.369071, 23.5450812], [78.368443, 23.5443545], [78.369134, 23.5436131], [78.3702654, 23.5436092], [78.370047, 23.5444886]]]}",,,,Agricultural,,,,,,,,,OWN-0056,PCL-0255,,,PRJ-002,Begumganj–Silwani Highway Link,,,,,,,,compensation_paid,,704/3,Begumganj,,,LB3ZQWTFMAFJM6,,,,VLG-027,Ramgarh Kalan,,
parcel,PCL-0256,,2.63,,,23.203228,78.707454,,,,Raisen,,,,,,,,,,,,"{""type"": ""Polygon"", ""coordinates"": [[[78.70754, 23.2026175], [78.7081561, 23.2028521], [78.708295, 23.2038926], [78.7072896, 23.2039638], [78.7065291, 23.203547], [78.7067473, 23.2027696], [78.70754, 23.2026175]]]}",,,,Agricultural,,,,,,,,,OWN-0348,PCL-0256,,,PRJ-002,Begumganj–Silwani Highway Link,,,,,,,,possessed,,33/8,Silwani,,,UC9G6NJ7DYZBQE,,,,VLG-039,Lakshmipur Kalan,,
parcel,PCL-0257,,2.95,,,23.316047,78.499477,,,,Raisen,,,,,,,,,,,,"{""type"": ""Polygon"", ""coordinates"": [[[78.5001625, 23.3159872], [78.4998958, 23.3168702], [78.4990016, 23.3167132], [78.4985231, 23.3154585], [78.4995712, 23.3151774], [78.5001625, 23.3159872]]]}",,,,Agricultural,,,,,,,,,OWN-0292,PCL-0257,,,PRJ-002,Begumganj–Silwani Highway Link,,,,,,,,compensation_paid,,66/2,Silwani,,,VGQXMYYRZXKCZ2,,,,VLG-033,Mohanpur Kalan,,
parcel,PCL-0258,,0.27,,,23.425705,78.752059,,,,Raisen,,,,,,,,,,,,"{""type"": ""Polygon"", ""coordinates"": [[[78.7523566, 23.4256816], [78.7522084, 23.4259984], [78.7519899, 23.4258952], [78.7518046, 23.4258056], [78.7517602, 23.4255732], [78.7520576, 23.4253686], [78.7522775, 23.4254925], [78.7523566, 23.4256816]]]}",,,,Agricultural,,,,,,,,,OWN-0224,PCL-0258,,,PRJ-002,Begumganj–Silwani Highway Link,,,,,,,,notified,,679/4,Silwani,,,UVZQBA3972LXWA,,,,VLG-034,Suryanagar,,
parcel,PCL-0259,,1.94,,,23.620931,78.446999,,,,Raisen,,,,,,,,,,,,"{""type"": ""Polygon"", ""coordinates"": [[[78.447602, 23.620843], [78.4472901, 23.6214916], [78.4465054, 23.6213387], [78.4463015, 23.6205256], [78.4472192, 23.6202243], [78.447602, 23.620843]]]}",,,,Agricultural,,,,,,,,,OWN-0225,PCL-0259,,,PRJ-002,Begumganj–Silwani Highway Link,,,,,,,,compensation_paid,,809/4,Begumganj,,,VXGEACC4CYRA4S,,,,VLG-029,Sonpur Kalan,,
parcel,PCL-0260,,0.54,,,23.30652,78.510305,,,,Raisen,,,,,,,,,,,,"{""type"": ""Polygon"", ""coordinates"": [[[78.5098864, 23.306618], [78.5098759, 23.3062928], [78.5103637, 23.3060519], [78.510665, 23.3064508], [78.5105892, 23.3068041], [78.5101929, 23.3068876], [78.5098864, 23.306618]]]}",,,,Agricultural,,,,,,,,,OWN-0580,PCL-0260,,,PRJ-002,Begumganj–Silwani Highway Link,,,,,,,,objections,,882/3,Silwani,,,FL5VL3CQR4MAK7,,,,VLG-033,Mohanpur Kalan,,
parcel,PCL-0261,,1.61,,,23.208144,78.707774,,,,Raisen,,,,,,,,,,,,"{""type"": ""Polygon"", ""coordinates"": [[[78.7082231, 23.2078468], [78.7082561, 23.2083844], [78.7078264, 23.2089083], [78.7072105, 23.2086635], [78.7072058, 23.2080469], [78.7077182, 23.2076226], [78.7082231, 23.2078468]]]}",,,,Barren,,,,,,,,,OWN-0623,PCL-0261,,,PRJ-002,Begumganj–Silwani Highway Link,,,,,,,,compensation_paid,,743/3,Silwani,,,EYH9AZG5GH5PZX,,,,VLG-039,Lakshmipur Kalan,,
parcel,PCL-0262,,2.22,,,23.420502,78.211177,,,,Raisen,,,,,,,,,,,,"{""type"": ""Polygon"", ""coordinates"": [[[78.2108319, 23.4197227], [78.2116061, 23.4198304], [78.2117925, 23.4204962], [78.2113282, 23.4211755], [78.2107171, 23.4211464], [78.2103344, 23.4203], [78.2108319, 23.4197227]]]}",,,,Barren,,,,,,,,,OWN-0561,PCL-0262,,,PRJ-002,Begumganj–Silwani Highway Link,,,,,,,,notified,,385/3,Begumganj,,,8MTXVDGJL8LADM,,,,VLG-023,Narmadapur,,
parcel,PCL-0263,,1.88,,,23.31586,78.644446,,,,Raisen,,,,,,,,,,,,"{""type"": ""Polygon"", ""coordinates"": [[[78.6447517, 23.3163015], [78.644193, 23.3164222], [78.6436864, 23.3155713], [78.6444353, 23.3149995], [78.6452743, 23.3156402], [78.6447517, 23.3163015]]]}",,,,Agricultural,,,,,,,,,OWN-0369,PCL-0263,,,PRJ-002,Begumganj–Silwani Highway Link,,,,,,,,proposed,,592/4,Silwani,,,AJAJCPDTKQJJ69,,,,VLG-032,Ratangarh Kalan,,
parcel,PCL-0264,,2.12,,,23.555364,78.278088,,,,Raisen,,,,,,,,,,,,"{""type"": ""Polygon"", ""coordinates"": [[[78.2786865, 23.5555689], [78.2782303, 23.5560215], [78.2774882, 23.5556838], [78.2774593, 23.5547908], [78.2785548, 23.5548439], [78.2786865, 23.5555689]]]}",,,,Agricultural,,,,,,,,,OWN-0237,PCL-0264,,,PRJ-002,Begumganj–Silwani Highway Link,,,,,,,,compensation_paid,,958/8,Begumganj,,,77Y3GQJEBLF4E8,,,,VLG-025,Manikpur Kalan,,
parcel,PCL-0265,,2.61,,,23.203421,78.489211,,,,Raisen,,,,,,,,,,,,"{""type"": ""Polygon"", ""coordinates"": [[[78.4892147, 23.2027765], [78.489858, 23.2030317], [78.4901655, 23.203729], [78.4894379, 23.2040049], [78.4889276, 23.2040313], [78.4881922, 23.2036171], [78.4886191, 23.2030767], [78.4892147, 23.2027765]]]}",,,,Agricultural,,,,,,,,,OWN-0514,PCL-0265,,,PRJ-002,Begumganj–Silwani Highway Link,,,,,,,,awarded,,58/6,Silwani,,,3Z437C2Q3KF3ZZ,,,,VLG-037,Devipura Khurd,,
parcel,PCL-0266,,1.79,,,23.547179,78.371468,,,,Raisen,,,,,,,,,,,,"{""type"": ""Polygon"", ""coordinates"": [[[78.3710604, 23.5466445], [78.3719455, 23.5465714], [78.3720788, 23.5471616], [78.3719155, 23.5476786], [78.3712432, 23.5478829], [78.3707523, 23.547251], [78.3710604, 23.5466445]]]}",,,,Residential,,,,,,,,,OWN-0173,PCL-0266,,,PRJ-002,Begumganj–Silwani Highway Link,,,,,,,,notified,,395/3,Begumganj,,,5HFUKSP4JXWTKG,,,,VLG-027,Ramgarh Kalan,,
parcel,PCL-0267,,1.65,,,23.432447,78.743764,,,,Raisen,,,,,,,,,,,,"{""type"": ""Polygon"", ""coordinates"": [[[78.7431649, 23.4318543], [78.7437291, 23.4318914], [78.7444181, 23.4319682], [78.7445051, 23.4325466], [78.7439564, 23.4329832], [78.7435058, 23.4329897], [78.7432168, 23.4325743], [78.7431649, 23.4318543]]]}",,,,Residential,,,,,,,,,OWN-0289,PCL-0267,,,PRJ-002,Begumganj–Silwani Highway Link,,,,,,,,possessed,,970/8,Silwani,,,MZDZRQRSNCREFZ,,,,VLG-034,Suryanagar,,
parcel,PCL-0268,,1.28,,,23.363421,78.586812,,,,Raisen,,,,,,,,,,,,"{""type"": ""Polygon"", ""coordinates"": [[[78.5872372, 23.3630506], [78.5874758, 23.363581], [78.5870509, 23.3640529], [78.5863734, 23.3639206], [78.5860444, 23.3632286], [78.5866147, 23.3627292], [78.5872372, 23.3630506]]]}",,,,Agricultural,,,,,,,,,OWN-0344,PCL-0268,,,PRJ-002,Begumganj–Silwani Highway Link,,,,,,,,possessed,,970/4,Silwani,,,ZR5Z8T322E5PTJ,,,,VLG-035,Krishnapur Buzurg,,
parcel,PCL-0269,,1.1,,,23.628411,78.438907,,,,Raisen,,,,,,,,,,,,"{""type"": ""Polygon"", ""coordinates"": [[[78.4383126, 23.6280344], [78.4390535, 23.6279564], [78.4394092, 23.6282604], [78.4391417, 23.6289278], [78.4384357, 23.6289136], [78.4383126, 23.6280344]]]}",,,,Agricultural,,,,,,,,,OWN-0407,PCL-0269,,,PRJ-002,Begumganj–Silwani Highway Link,,,,,,,,awarded,,310/8,Begumganj,,,MHRA7TJRZHTM2H,,,,VLG-029,Sonpur Kalan,,
parcel,PCL-0270,,2.99,,,23.427019,78.751881,,,,Raisen,,,,,,,,,,,,"{""type"": ""Polygon"", ""coordinates"": [[[78.7520654, 23.427707], [78.7515054, 23.4276146], [78.75072, 23.4270426], [78.7510092, 23.4263734], [78.7519624, 23.426189], [78.7526942, 23.4265997], [78.7530328, 23.4272247], [78.7520654, 23.427707]]]}",,,,Residential,,,,,,,,,OWN-0031,PCL-0270,,,PRJ-002,Begumganj–Silwani Highway Link,,,,,,,,possessed,,547/2,Silwani,,,9YLKHFZ6FTWLPZ,,,,VLG-034,Suryanagar,,
parcel,PCL-0271,,2.24,,,23.31079,78.720453,,,,Raisen,,,,,,,,,,,,"{""type"": ""Polygon"", ""coordinates"": [[[78.7206624, 23.3099059], [78.7213144, 23.3105257], [78.7212227, 23.3110605], [78.7205197, 23.3114024], [78.7197559, 23.3114125], [78.7196166, 23.3108604], [78.7199772, 23.3099823], [78.7206624, 23.3099059]]]}",,,,Residential,,,,,,,,,OWN-0228,PCL-0271,,,PRJ-002,Begumganj–Silwani Highway Link,,,,,,,,possessed,,927/8,Silwani,,,76J53W4NN7AHTD,,,,VLG-036,Vijaynagar,,
parcel,PCL-0272,,2.78,,,23.422273,78.746166,,,,Raisen,,,,,,,,,,,,"{""type"": ""Polygon"", ""coordinates"": [[[78.7465296, 23.4217288], [78.7469946, 23.4224548], [78.7463413, 23.4231782], [78.7456488, 23.4226727], [78.7452493, 23.4217063], [78.7465296, 23.4217288]]]}",,,,Agricultural,,,,,,,,,OWN-0132,PCL-0272,,,PRJ-002,Begumganj–Silwani Highway Link,,,,,,,,notified,,68/5,Silwani,,,MW7NH5BVQHP3F9,,,,VLG-034,Suryanagar,,
parcel,PCL-0273,,0.68,,,23.426563,78.738567,,,,Raisen,,,,,,,,,,,,"{""type"": ""Polygon"", ""coordinates"": [[[78.7384614, 23.4261826], [78.7388361, 23.4263797], [78.7390182, 23.4266988], [78.7386616, 23.4269679], [78.7383344, 23.4268153], [78.7380943, 23.4264643], [78.7384614, 23.4261826]]]}",,,,Agricultural,,,,,,,,,OWN-0676,PCL-0273,,,PRJ-002,Begumganj–Silwani Highway Link,,,,,,,,possessed,,700/4,Silwani,,,RKLK6QNMAUZ8QY,,,,VLG-034,Suryanagar,,
parcel,PCL-0274,,0.76,,,23.557537,78.283796,,,,Raisen,,,,,,,,,,,,"{""type"": ""Polygon"", ""coordinates"": [[[78.2834558, 23.5576449], [78.2836765, 23.557226], [78.2841021, 23.5571616], [78.2841223, 23.5577148], [78.2837476, 23.5578912], [78.2834558, 23.5576449]]]}",,,,Mixed Use,,,,,,,,,OWN-0391,PCL-0274,,,PRJ-002,Begumganj–Silwani Highway Link,,,,,,,,possessed,,40/2,Begumganj,,,A9HK3GYQMF95SS,,,,VLG-025,Manikpur Kalan,,
parcel,PCL-0275,,0.68,,,23.356046,78.588023,,,,Raisen,,,,,,,,,,,,"{""type"": ""Polygon"", ""coordinates"": [[[78.5880571, 23.3563965], [78.5877015, 23.3562076], [78.5876513, 23.3556592], [78.5882043, 23.3556286], [78.588421, 23.3561016], [78.5880571, 23.3563965]]]}",,,,Agricultural,,,,,,,,,OWN-0355,PCL-0275,,,PRJ-002,Begumganj–Silwani Highway Link,,,,,,,,possessed,,574/3,Silwani,,,MMY3D2MXPZD2R8,,,,VLG-035,Krishnapur Buzurg,,
parcel,PCL-0276,,2.58,,,23.412198,78.197679,,,,Raisen,,,,,,,,,,,,"{""type"": ""Polygon"", ""coordinates"": [[[78.1973979, 23.4116195], [78.1981305, 23.4115051], [78.1987426, 23.4122397], [78.1979418, 23.413105], [78.197174, 23.4127671], [78.1967146, 23.4122541], [78.1973979, 23.4116195]]]}",,,,Agricultural,,,,,,,,,OWN-0395,PCL-0276,,,PRJ-002,Begumganj–Silwani Highway Link,,,,,,,,notified,,179/7,Begumganj,,,DU3Q8Z2EWT8CZW,,,,VLG-023,Narmadapur,,
parcel,PCL-0277,,2.42,,,23.421969,78.212165,,,,Raisen,,,,,,,,,,,,"{""type"": ""Polygon"", ""coordinates"": [[[78.2127315, 23.4224161], [78.2122904, 23.4228678], [78.2114624, 23.4222751], [78.2113662, 23.4216028], [78.2122356, 23.4211496], [78.2130977, 23.4214476], [78.2127315, 23.4224161]]]}",,,,Agricultural,,,,,,,,,OWN-0462,PCL-0277,,,PRJ-002,Begumganj–Silwani Highway Link,,,,,,,,awarded,,561/8,Begumganj,,,YMD8AJBSL5LAE9,,,,VLG-023,Narmadapur,,
parcel,PCL-0278,,2.21,,,23.554306,78.277851,,,,Raisen,,,,,,,,,,,,"{""type"": ""Polygon"", ""coordinates"": [[[78.277173, 23.5539353], [78.2780747, 23.5536234], [78.2787286, 23.5541701], [78.278279, 23.554982], [78.2773693, 23.5547599], [78.277173, 23.5539353]]]}",,,,Residential,,,,,,,,,OWN-0503,PCL-0278,,,PRJ-002,Begumganj–Silwani Highway Link,,,,,,,,notified,,915/8,Begumganj,,,QFMJ62B7X84YRP,,,,VLG-025,Manikpur Kalan,,
parcel,PCL-0279,,0.69,,,23.5447,78.368361,,,,Raisen,,,,,,,,,,,,"{""type"": ""Polygon"", ""coordinates"": [[[78.3681439, 23.5451895], [78.3678285, 23.544685], [78.3681786, 23.5443976], [78.3684829, 23.5444072], [78.3687049, 23.5446494], [78.368583, 23.5451415], [78.3681439, 23.5451895]]]}",,,,Mixed Use,,,,,,,,,OWN-0388,PCL-0279,,,PRJ-002,Begumganj–Silwani Highway Link,,,,,,,,awarded,,279/5,Begumganj,,,7U8ADAJ473VV59,,,,VLG-027,Ramgarh Kalan,,
parcel,PCL-0280,,1.76,,,23.549445,78.368193,,,,Raisen,,,,,,,,,,,,"{""type"": ""Polygon"", ""coordinates"": [[[78.3674593, 23.5499128], [78.3674943, 23.5488748], [78.3684227, 23.5488736], [78.3688207, 23.5494202], [78.3683486, 23.5499934], [78.3674593, 23.5499128]]]}",,,,Residential,,,,,,,,,OWN-0603,PCL-0280,,,PRJ-002,Begumganj–Silwani Highway Link,,,,,,,,notified,,757/7,Begumganj,,,T5M76FHYJ2QWPD,,,,VLG-027,Ramgarh Kalan,,
parcel,PCL-0281,,1.82,,,23.203573,78.719056,,,,Raisen,,,,,,,,,,,,"{""type"": ""Polygon"", ""coordinates"": [[[78.7196123, 23.2040049], [78.7188942, 23.204211], [78.718544, 23.2037987], [78.7185247, 23.2032186], [78.7192128, 23.2027676], [78.7198861, 23.2033888], [78.7196123, 23.2040049]]]}",,,,Barren,,,,,,,,,OWN-0358,PCL-0281,,,PRJ-002,Begumganj–Silwani Highway Link,,,,,,,,awarded,,945/5,Silwani,,,45RVXSUQVSEVH3,,,,VLG-039,Lakshmipur Kalan,,
parcel,PCL-0282,,2.28,,,23.372304,78.477186,,,,Raisen,,,,,,,,,,,,"{""type"": ""Polygon"", ""coordinates"": [[[78.4770836, 23.3729451], [78.4762021, 23.3725139], [78.476489, 23.3718635], [78.4773866, 23.3714919], [78.4778157, 23.3720992], [78.4778365, 23.3726522], [78.4770836, 23.3729451]]]}",,,,Mixed Use,,,,,,,,,OWN-0620,PCL-0282,,,PRJ-002,Begumganj–Silwani Highway Link,,,,,,,,objections,,741/8,Silwani,,,PTGRLGA6JDMH8C,,,,VLG-038,Mohanpur Khurd,,
parcel,PCL-0283,,0.97,,,23.51443,78.216332,,,,Raisen,,,,,,,,,,,,"{""type"": ""Polygon"", ""coordinates"": [[[78.216025, 23.5140624], [78.2164923, 23.5139282], [78.2167596, 23.5143895], [78.2166336, 23.5146777], [78.2162185, 23.5148992], [78.2156861, 23.5146112], [78.216025, 23.5140624]]]}",,,,Barren,,,,,,,,,OWN-0626,PCL-0283,,,PRJ-002,Begumganj–Silwani Highway Link,,,,,,,,notified,,229/1,Begumganj,,,BKYGJHP7X3Y3NX,,,,VLG-028,Suryanagar Buzurg,,
parcel,PCL-0284,,1.92,,,23.524392,78.216119,,,,Raisen,,,,,,,,,,,,"{""type"": ""Polygon"", ""coordinates"": [[[78.2166913, 23.5242786], [78.2166707, 23.5246992], [78.2163747, 23.5251395], [78.2156822, 23.5248114], [78.2154048, 23.5243001], [78.2157444, 23.5239833], [78.2164601, 23.523741], [78.2166913, 23.5242786]]]}",,,,Residential,,,,,,,,,OWN-0210,PCL-0284,,,PRJ-002,Begumganj–Silwani Highway Link,,,,,,,,proposed,,304/3,Begumganj,,,N4LJCRNV7UMS4P,,,,VLG-028,Suryanagar Buzurg,,
parcel,PCL-0285,,0.15,,,23.433506,78.314084,,,,Raisen,,,,,,,,,,,,"{""type"": ""Polygon"", ""coordinates"": [[[78.3138719, 23.4335987], [78.313858, 23.4334126], [78.3140386, 23.4333675], [78.314234, 23.4333088], [78.3142749, 23.4335192], [78.3141915, 23.4336276], [78.3140307, 23.4336825], [78.3138719, 23.4335987]]]}",,,,Barren,,,,,,,,,OWN-0052,PCL-0285,,,PRJ-002,Begumganj–Silwani Highway Link,,,,,,,,awarded,,157/2,Begumganj,,,96UE7SNCVPWDKQ,,,,VLG-030,Suryanagar Khurd,,
parcel,PCL-0286,,2.85,,,23.213854,78.709281,,,,Raisen,,,,,,,,,,,,"{""type"": ""Polygon"", ""coordinates"": [[[78.7100678, 23.213567], [78.7100105, 23.2142463], [78.7092754, 23.2149114], [78.7088094, 23.2144192], [78.7085345, 23.2137805], [78.7089736, 23.2133008], [78.7094102, 23.2130885], [78.7100678, 23.213567]]]}",,,,Agricultural,,,,,,,,,OWN-0111,PCL-0286,,,PRJ-002,Begumganj–Silwani Highway Link,,,,,,,,awarded,,221/4,Silwani,,,AQBQNS476EH57Z,,,,VLG-039,Lakshmipur Kalan,,
parcel,PCL-0287,,2.58,,,23.606417,78.345347,,,,Raisen,,,,,,,,,,,,"{""type"": ""Polygon"", ""coordinates"": [[[78.3448422, 23.606942], [78.3446207, 23.6063997], [78.3448755, 23.6058883], [78.3453637, 23.6054186], [78.3462848, 23.6060861], [78.3460519, 23.6066952], [78.3455629, 23.6070808], [78.3448422, 23.606942]]]}",,,,Residential,,,,,,,,,OWN-0135,PCL-0287,,,PRJ-002,Begumganj–Silwani Highway Link,,,,,,,,notified,,48/3,Begumganj,,,U7EBF7LLJUDZD6,,,,VLG-024,Govindpur Khurd,,
parcel,PCL-0288,,2.76,,,23.251018,78.65874,,,,Raisen,,,,,,,,,,,,"{""type"": ""Polygon"", ""coordinates"": [[[78.6587748, 23.2500197], [78.6595191, 23.2504621], [78.65974, 23.2513996], [78.6588939, 23.251906], [78.6577594, 23.251552], [78.6579768, 23.2508121], [78.6587748, 23.2500197]]]}",,,,Residential,,,,,,,,,OWN-0656,PCL-0288,,,PRJ-002,Begumganj–Silwani Highway Link,,,,,,,,objections,,555/4,Silwani,,,6K8KXEMKWCX23U,,,,VLG-040,Devipura Buzurg,,
parcel,PCL-0289,,2.75,,,23.298796,78.730109,,,,Raisen,,,,,,,,,,,,"{""type"": ""Polygon"", ""coordinates"": [[[78.72922, 23.2988345], [78.7298953, 23.2981859], [78.7305993, 23.2983048], [78.7307403, 23.2990361], [78.729842, 23.2998271], [78.72922, 23.2988345]]]}",,,,Agricultural,,,,,,,,,OWN-0355,PCL-0289,,,PRJ-002,Begumganj–Silwani Highway Link,,,,,,,,proposed,,705/9,Silwani,,,4DE7D9UCQKYGSY,,,,VLG-036,Vijaynagar,,
parcel,PCL-0290,,2.23,,,23.510576,78.217139,,,,Raisen,,,,,,,,,,,,"{""type"": ""Polygon"", ""coordinates"": [[[78.2176102, 23.5111933], [78.2166633, 23.5110618], [78.2163858, 23.510317], [78.2171578, 23.5098784], [78.21778, 23.5104288], [78.2176102, 23.5111933]]]}",,,,Barren,,,,,,,,,OWN-0386,PCL-0290,,,PRJ-002,Begumganj–Silwani Highway Link,,,,,,,,objections,,696/6,Begumganj,,,S2NNANNUUV6BV9,,,,VLG-028,Suryanagar Buzurg,,
parcel,PCL-0291,,0.13,,,23.521815,78.209507,,,,Raisen,,,,,,,,,,,,"{""type"": ""Polygon"", ""coordinates"": [[[78.2096313, 23.5216881], [78.2096766, 23.5218768], [78.2094824, 23.5220346], [78.2093016, 23.5218853], [78.209393, 23.5216497], [78.2096313, 23.5216881]]]}",,,,Agricultural,,,,,,,,,OWN-0407,PCL-0291,,,PRJ-002,Begumganj–Silwani Highway Link,,,,,,,,possessed,,438/4,Begumganj,,,LW4QTM698WLLYK,,,,VLG-028,Suryanagar Buzurg,,
parcel,PCL-0292,,0.33,,,23.245514,78.661211,,,,Raisen,,,,,,,,,,,,"{""type"": ""Polygon"", ""coordinates"": [[[78.6612949, 23.2452073], [78.6616024, 23.2455447], [78.6613135, 23.2457523], [78.6609158, 23.2457511], [78.6609697, 23.2452631], [78.6612949, 23.2452073]]]}",,,,Agricultural,,,,,,,,,OWN-0156,PCL-0292,,,PRJ-002,Begumganj–Silwani Highway Link,,,,,,,,notified,,606/6,Silwani,,,W3Q5R7K4MUMC52,,,,VLG-040,Devipura Buzurg,,
parcel,PCL-0293,,2.02,,,23.509245,78.212309,,,,Raisen,,,,,,,,,,,,"{""type"": ""Polygon"", ""coordinates"": [[[78.211664, 23.5091365], [78.2119083, 23.5085537], [78.2126559, 23.5088149], [78.2130926, 23.5090945], [78.2128577, 23.5098703], [78.2123295, 23.5100936], [78.211603, 23.5098138], [78.211664, 23.5091365]]]}",,,,Agricultural,,,,,,,,,OWN-0178,PCL-0293,,,PRJ-002,Begumganj–Silwani Highway Link,,,,,,,,proposed,,801/2,Begumganj,,,ZUHZK5493VAGHW,,,,VLG-028,Suryanagar Buzurg,,
parcel,PCL-0294,,1.23,,,23.428627,78.752501,,,,Raisen,,,,,,,,,,,,"{""type"": ""Polygon"", ""coordinates"": [[[78.753, 23.4286767], [78.7528747, 23.4292287], [78.7523507, 23.4292164], [78.7518467, 23.4289163], [78.7518679, 23.4283373], [78.7524628, 23.4280222], [78.7529205, 23.4280677], [78.753, 23.4286767]]]}",,,,Residential,,,,,,,,,OWN-0122,PCL-0294,,,PRJ-002,Begumganj–Silwani Highway Link,,,,,,,,compensation_paid,,611/7,Silwani,,,JPUMHK5KMENMBV,,,,VLG-034,Suryanagar,,
parcel,PCL-0295,,0.23,,,23.415392,78.198531,,,,Raisen,,,,,,,,,,,,"{""type"": ""Polygon"", ""coordinates"": [[[78.1985769, 23.4151205], [78.1988554, 23.4154299], [78.1986305, 23.4156699], [78.1983549, 23.4154862], [78.1983396, 23.415235], [78.1985769, 23.4151205]]]}",,,,Agricultural,,,,,,,,,OWN-0417,PCL-0295,,,PRJ-002,Begumganj–Silwani Highway Link,,,,,,,,possessed,,603/5,Begumganj,,,GLNHBDQ554BLAD,,,,VLG-023,Narmadapur,,
parcel,PCL-0296,,2.82,,,23.209394,78.719566,,,,Raisen,,,,,,,,,,,,"{""type"": ""Polygon"", ""coordinates"": [[[78.7188594, 23.2092837], [78.719497, 23.2087618], [78.720349, 23.2092144], [78.7201402, 23.2102913], [78.7191847, 23.2098973], [78.7188594, 23.2092837]]]}",,,,Residential,,,,,,,,,OWN-0166,PCL-0296,,,PRJ-002,Begumganj–Silwani Highway Link,,,,,,,,objections,,948/7,Silwani,,,LDD635L75RQMP2,,,,VLG-039,Lakshmipur Kalan,,
parcel,PCL-0297,,0.72,,,23.320304,78.643513,,,,Raisen,,,,,,,,,,,,"{""type"": ""Polygon"", ""coordinates"": [[[78.6429463, 23.3202608], [78.6434459, 23.319778], [78.6439844, 23.3200644], [78.643902, 23.3205234], [78.6433885, 23.3207315], [78.6429463, 23.3202608]]]}",,,,Residential,,,,,,,,,OWN-0112,PCL-0297,,,PRJ-002,Begumganj–Silwani Highway Link,,,,,,,,possessed,,1/2,Silwani,,,NKLNQKGQYM7E8W,,,,VLG-032,Ratangarh Kalan,,
parcel,PCL-0298,,1.28,,,23.313063,78.510178,,,,Raisen,,,,,,,,,,,,"{""type"": ""Polygon"", ""coordinates"": [[[78.5097724, 23.312574], [78.51054, 23.3125636], [78.510934, 23.3131649], [78.5101699, 23.313508], [78.5096533, 23.3131893], [78.5097724, 23.312574]]]}",,,,Residential,,,,,,,,,OWN-0637,PCL-0298,,,PRJ-002,Begumganj–Silwani Highway Link,,,,,,,,compensation_paid,,131/8,Silwani,,,64H7HY4RVY9MBK,,,,VLG-033,Mohanpur Kalan,,
parcel,PCL-0299,,1.19,,,23.201433,78.500735,,,,Raisen,,,,,,,,,,,,"{""type"": ""Polygon"", ""coordinates"": [[[78.5002505, 23.2019305], [78.500279, 23.2013493], [78.5004669, 23.2010431], [78.5010025, 23.2009061], [78.5012178, 23.2013704], [78.5012737, 23.2017436], [78.5007302, 23.2020258], [78.5002505, 23.2019305]]]}",,,,Barren,,,,,,,,,OWN-0456,PCL-0299,,,PRJ-002,Begumganj–Silwani Highway Link,,,,,,,,proposed,,756/5,Silwani,,,JB6T8K45VE639B,,,,VLG-037,Devipura Khurd,,
parcel,PCL-0300,,1.7,,,23.310055,78.50489,,,,Raisen,,,,,,,,,,,,"{""type"": ""Polygon"", ""coordinates"": [[[78.5040955, 23.3100491], [78.504552, 23.3095639], [78.5050101, 23.3092339], [78.505533, 23.309678], [78.5054693, 23.3103043], [78.5050527, 23.3106005], [78.5043788, 23.3105303], [78.5040955, 23.3100491]]]}",,,,Agricultural,,,,,,,,,OWN-0212,PCL-0300,,,PRJ-002,Begumganj–Silwani Highway Link,,,,,,,,compensation_paid,,409/9,Silwani,,,G2UBSUWAL3AWLH,,,,VLG-033,Mohanpur Kalan,,
parcel,PCL-0301,,1.26,,,23.620384,78.449341,,,,Raisen,,,,,,,,,,,,"{""type"": ""Polygon"", ""coordinates"": [[[78.4492093, 23.6207958], [78.4488381, 23.620456], [78.4489635, 23.6200373], [78.4495235, 23.6197508], [78.4500195, 23.6200861], [78.449699, 23.6207213], [78.4492093, 23.6207958]]]}",,,,Agricultural,,,,,,,,,OWN-0043,PCL-0301,,,PRJ-002,Begumganj–Silwani Highway Link,,,,,,,,compensation_paid,,338/8,Begumganj,,,VR8SGY4RAK6ZAD,,,,VLG-029,Sonpur Kalan,,
parcel,PCL-0302,,0.23,,,23.312061,78.64107,,,,Raisen,,,,,,,,,,,,"{""type"": ""Polygon"", ""coordinates"": [[[78.6408024, 23.3122211], [78.640799, 23.3119779], [78.6408953, 23.3118002], [78.6411752, 23.3118694], [78.6413717, 23.3120228], [78.6412767, 23.3121999], [78.6410451, 23.3123505], [78.6408024, 23.3122211]]]}",,,,Agricultural,,,,,,,,,OWN-0443,PCL-0302,,,PRJ-002,Begumganj–Silwani Highway Link,,,,,,,,possessed,,460/1,Silwani,,,8BH8L4CBHP5ZHD,,,,VLG-032,Ratangarh Kalan,,
parcel,PCL-0303,,2.76,,,23.312079,78.722685,,,,Raisen,,,,,,,,,,,,"{""type"": ""Polygon"", ""coordinates"": [[[78.7220784, 23.3115168], [78.7228873, 23.3113343], [78.7238082, 23.3120607], [78.7230616, 23.3130585], [78.7218381, 23.3127841], [78.7220784, 23.3115168]]]}",,,,Residential,,,,,,,,,OWN-0130,PCL-0303,,,PRJ-002,Begumganj–Silwani Highway Link,,,,,,,,objections,,120/6,Silwani,,,Y58JW5MMMHAXRP,,,,VLG-036,Vijaynagar,,
parcel,PCL-0304,,1.37,,,23.542581,78.358251,,,,Raisen,,,,,,,,,,,,"{""type"": ""Polygon"", ""coordinates"": [[[78.3586899, 23.5422475], [78.3587711, 23.5428566], [78.3583727, 23.5431426], [78.3576789, 23.5430584], [78.3576832, 23.5422732], [78.3581448, 23.5419997], [78.3586899, 23.5422475]]]}",,,,Residential,,,,,,,,,OWN-0141,PCL-0304,,,PRJ-002,Begumganj–Silwani Highway Link,,,,,,,,proposed,,295/6,Begumganj,,,YPGLDAR3JMFE8R,,,,VLG-027,Ramgarh Kalan,,
parcel,PCL-0305,,1.94,,,23.551874,78.28444,,,,Raisen,,,,,,,,,,,,"{""type"": ""Polygon"", ""coordinates"": [[[78.2837985, 23.5517282], [78.2842019, 23.5512772], [78.2850153, 23.5513729], [78.2852413, 23.5519562], [78.2847426, 23.5526001], [78.2838869, 23.5524797], [78.2837985, 23.5517282]]]}",,,,Mixed Use,,,,,,,,,OWN-0416,PCL-0305,,,PRJ-002,Begumganj–Silwani Highway Link,,,,,,,,objections,,119/9,Begumganj,,,W9ZF6EDXDDZVFS,,,,VLG-025,Manikpur Kalan,,
parcel,PCL-0306,,0.99,,,23.611046,78.351163,,,,Raisen,,,,,,,,,,,,"{""type"": ""Polygon"", ""coordinates"": [[[78.3512244, 23.6114894], [78.350714, 23.6114399], [78.3506796, 23.6109894], [78.3508181, 23.6105342], [78.3512176, 23.6105212], [78.3518129, 23.6108116], [78.3515945, 23.611231], [78.3512244, 23.6114894]]]}",,,,Mixed Use,,,,,,,,,OWN-0618,PCL-0306,,,PRJ-002,Begumganj–Silwani Highway Link,,,,,,,,possessed,,209/1,Begumganj,,,XQ9BQNHP4FENRM,,,,VLG-024,Govindpur Khurd,,
parcel,PCL-0307,,1.59,,,23.430883,78.743993,,,,Raisen,,,,,,,,,,,,"{""type"": ""Polygon"", ""coordinates"": [[[78.7445867, 23.4312036], [78.7441195, 23.4313319], [78.7435271, 23.431326], [78.7434692, 23.4309235], [78.7435071, 23.4304532], [78.7440791, 23.4303114], [78.7447838, 23.4305659], [78.7445867, 23.4312036]]]}",,,,Residential,,,,,,,,,OWN-0495,PCL-0307,,,PRJ-002,Begumganj–Silwani Highway Link,,,,,,,,compensation_paid,,832/9,Silwani,,,DGGY58NUT29F86,,,,VLG-034,Suryanagar,,
parcel,PCL-0308,,2.81,,,23.194569,78.498915,,,,Raisen,,,,,,,,,,,,"{""type"": ""Polygon"", ""coordinates"": [[[78.4999845, 23.1943924], [78.4994038, 23.1953485], [78.4983129, 23.195134], [78.4982767, 23.1941245], [78.499168, 23.1939767], [78.4999845, 23.1943924]]]}",,,,Agricultural,,,,,,,,,OWN-0600,PCL-0308,,,PRJ-002,Begumganj–Silwani Highway Link,,,,,,,,awarded,,810/1,Silwani,,,CHDX8QBQXLGF4U,,,,VLG-037,Devipura Khurd,,
parcel,PCL-0309,,1.99,,,23.631655,78.439258,,,,Raisen,,,,,,,,,,,,"{""type"": ""Polygon"", ""coordinates"": [[[78.4393432, 23.6308433], [78.440056, 23.6313741], [78.4399866, 23.6319932], [78.4394998, 23.6323605], [78.438632, 23.6322749], [78.4385548, 23.6316046], [78.4388214, 23.6311373], [78.4393432, 23.6308433]]]}",,,,Agricultural,,,,,,,,,OWN-0531,PCL-0309,,,PRJ-002,Begumganj–Silwani Highway Link,,,,,,,,awarded,,760/2,Begumganj,,,DMKE67EJVN6F7A,,,,VLG-029,Sonpur Kalan,,
parcel,PCL-0310,,2.76,,,23.53983,78.362365,,,,Raisen,,,,,,,,,,,,"{""type"": ""Polygon"", ""coordinates"": [[[78.3626312, 23.5391698], [78.3634738, 23.5397638], [78.3626769, 23.540567], [78.3618196, 23.5402372], [78.361574, 23.5392851], [78.3626312, 23.5391698]]]}",,,,Agricultural,,,,,,,,,OWN-0515,PCL-0310,,,PRJ-002,Begumganj–Silwani Highway Link,,,,,,,,notified,,350/7,Begumganj,,,HFR9FTXABLG67D,,,,VLG-027,Ramgarh Kalan,,
parcel,PCL-0311,,0.53,,,23.523758,78.216505,,,,Raisen,,,,,,,,,,,,"{""type"": ""Polygon"", ""coordinates"": [[[78.2165617, 23.5240967], [78.2162306, 23.5240708], [78.2160941, 23.5237412], [78.2161556, 23.5234941], [78.2166034, 23.5235054], [78.2168415, 23.5236371], [78.216869, 23.5238528], [78.2165617, 23.5240967]]]}",,,,Residential,,,,,,,,,OWN-0125,PCL-0311,,,PRJ-002,Begumganj–Silwani Highway Link,,,,,,,,compensation_paid,,125/4,Begumganj,,,FARJ8VJWYHR5CD,,,,VLG-028,Suryanagar Buzurg,,
parcel,PCL-0312,,2.5,,,23.522642,78.215379,,,,Raisen,,,,,,,,,,,,"{""type"": ""Polygon"", ""coordinates"": [[[78.2158842, 23.5230298], [78.2153991, 23.5233136], [78.2146919, 23.5230608], [78.2144089, 23.5221946], [78.2151624, 23.521851], [78.2158102, 23.5218144], [78.2161972, 23.5224498], [78.2158842, 23.5230298]]]}",,,,Agricultural,,,,,,,,,OWN-0358,PCL-0312,,,PRJ-002,Begumganj–Silwani Highway Link,,,,,,,,notified,,522/7,Begumganj,,,RPYRDAXW5FZU6R,,,,VLG-028,Suryanagar Buzurg,,
parcel,PCL-0313,,2.6,,,23.512678,78.215781,,,,Raisen,,,,,,,,,,,,"{""type"": ""Polygon"", ""coordinates"": [[[78.2148185, 23.5123278], [78.2155918, 23.5119362], [78.2166314, 23.5120111], [78.2166481, 23.5130796], [78.2157567, 23.5136834], [78.2151891, 23.5130736], [78.2148185, 23.5123278]]]}",,,,Agricultural,,,,,,,,,OWN-0163,PCL-0313,,,PRJ-002,Begumganj–Silwani Highway Link,,,,,,,,proposed,,558/7,Begumganj,,,24AXRUMF2SSE4E,,,,VLG-028,Suryanagar Buzurg,,
parcel,PCL-0314,,1.91,,,23.441722,78.322271,,,,Raisen,,,,,,,,,,,,"{""type"": ""Polygon"", ""coordinates"": [[[78.3216976, 23.4412391], [78.3226668, 23.4409373], [78.3229165, 23.4415817], [78.3227812, 23.4424701], [78.3221374, 23.4424792], [78.321674, 23.4418248], [78.3216976, 23.4412391]]]}",,,,Agricultural,,,,,,,,,OWN-0009,PCL-0314,,,PRJ-002,Begumganj–Silwani Highway Link,,,,,,,,possessed,,271/3,Begumganj,,,94P5JGSST7HQWP,,,,VLG-030,Suryanagar Khurd,,
parcel,PCL-0315,,1.77,,,23.244747,78.654973,,,,Raisen,,,,,,,,,,,,"{""type"": ""Polygon"", ""coordinates"": [[[78.6547998, 23.24403], [78.6555969, 23.2441193], [78.6556956, 23.2449711], [78.6553047, 23.245364], [78.6543001, 23.2453151], [78.6541443, 23.2446066], [78.6547998, 23.24403]]]}",,,,Residential,,,,,,,,,OWN-0360,PCL-0315,,,PRJ-002,Begumganj–Silwani Highway Link,,,,,,,,possessed,,115/4,Silwani,,,X7J9H7TNB5HG2T,,,,VLG-040,Devipura Buzurg,,
parcel,PCL-0316,,0.69,,,23.426049,78.751766,,,,Raisen,,,,,,,,,,,,"{""type"": ""Polygon"", ""coordinates"": [[[78.7520781, 23.4258449], [78.7522463, 23.4261688], [78.7519652, 23.4264311], [78.7515541, 23.4263442], [78.7513274, 23.4261505], [78.7514305, 23.4258576], [78.7517522, 23.4257439], [78.7520781, 23.4258449]]]}",,,,Agricultural,,,,,,,,,OWN-0116,PCL-0316,,,PRJ-002,Begumganj–Silwani Highway Link,,,,,,,,proposed,,965/6,Silwani,,,N4BMJ3JYSLCSEL,,,,VLG-034,Suryanagar,,
parcel,PCL-0317,,1.87,,,23.41706,78.208418,,,,Raisen,,,,,,,,,,,,"{""type"": ""Polygon"", ""coordinates"": [[[78.2088975, 23.4174791], [78.2082917, 23.417825], [78.207641, 23.4172102], [78.2080597, 23.4166347], [78.2085607, 23.4164705], [78.2090631, 23.4170414], [78.2088975, 23.4174791]]]}",,,,Agricultural,,,,,,,,,OWN-0078,PCL-0317,,,PRJ-002,Begumganj–Silwani Highway Link,,,,,,,,awarded,,61/8,Begumganj,,,VGKKT7B8K2S4PM,,,,VLG-023,Narmadapur,,
parcel,PCL-0318,,0.33,,,23.205502,78.715133,,,,Raisen,,,,,,,,,,,,"{""type"": ""Polygon"", ""coordinates"": [[[78.7153371, 23.2057914], [78.7148564, 23.2056953], [78.7149087, 23.2054089], [78.7152115, 23.2051991], [78.7154061, 23.2054366], [78.7153371, 23.2057914]]]}",,,,Mixed Use,,,,,,,,,OWN-0102,PCL-0318,,,PRJ-002,Begumganj–Silwani Highway Link,,,,,,,,awarded,,705/7,Silwani,,,PD8AK36LDKCCXR,,,,VLG-039,Lakshmipur Kalan,,
parcel,PCL-0319,,2.19,,,23.242566,78.655416,,,,Raisen,,,,,,,,,,,,"{""type"": ""Polygon"", ""coordinates"": [[[78.6559926, 23.2424404], [78.6560344, 23.2431205], [78.6553542, 23.243143], [78.6547211, 23.2427992], [78.6547685, 23.2418307], [78.6554935, 23.2418352], [78.6559926, 23.2424404]]]}",,,,Agricultural,,,,,,,,,OWN-0092,PCL-0319,,,PRJ-002,Begumganj–Silwani Highway Link,,,,,,,,awarded,,195/1,Silwani,,,6LLFGP2C8E29KM,,,,VLG-040,Devipura Buzurg,,
parcel,PCL-0320,,2.43,,,23.319161,78.498879,,,,Raisen,,,,,,,,,,,,"{""type"": ""Polygon"", ""coordinates"": [[[78.4991093, 23.3182663], [78.4995104, 23.3189482], [78.4998544, 23.3193953], [78.4989963, 23.319932], [78.4985729, 23.319783], [78.4982422, 23.3192589], [78.4983187, 23.3183815], [78.4991093, 23.3182663]]]}",,,,Barren,,,,,,,,,OWN-0301,PCL-0320,,,PRJ-002,Begumganj–Silwani Highway Link,,,,,,,,compensation_paid,,878/3,Silwani,,,MZKF3AKXMPTFKB,,,,VLG-033,Mohanpur Kalan,,
parcel,PCL-0321,,0.98,,,23.309313,78.731845,,,,Raisen,,,,,,,,,,,,"{""type"": ""Polygon"", ""coordinates"": [[[78.7321304, 23.3090553], [78.7323307, 23.3094884], [78.7319258, 23.3097567], [78.7315523, 23.3096064], [78.7312757, 23.3091613], [78.731761, 23.308874], [78.7321304, 23.3090553]]]}",,,,Barren,,,,,,,,,OWN-0694,PCL-0321,,,PRJ-002,Begumganj–Silwani Highway Link,,,,,,,,awarded,,138/5,Silwani,,,YYYH2CJGGHWFL5,,,,VLG-036,Vijaynagar,,
parcel,PCL-0322,,2.98,,,23.199987,78.500861,,,,Raisen,,,,,,,,,,,,"{""type"": ""Polygon"", ""coordinates"": [[[78.5015391, 23.1993338], [78.5019865, 23.2002795], [78.5012927, 23.2007229], [78.5005998, 23.2007662], [78.5002331, 23.2002502], [78.5001741, 23.1995241], [78.500733, 23.1991141], [78.5015391, 23.1993338]]]}",,,,Agricultural,,,,,,,,,OWN-0674,PCL-0322,,,PRJ-002,Begumganj–Silwani Highway Link,,,,,,,,notified,,571/2,Silwani,,,HC9UJF5VCD3N3J,,,,VLG-037,Devipura Khurd,,
parcel,PCL-0323,,2.94,,,23.513157,78.206227,,,,Raisen,,,,,,,,,,,,"{""type"": ""Polygon"", ""coordinates"": [[[78.2060302, 23.513776], [78.2055294, 23.5135188], [78.2056091, 23.5125568], [78.2062655, 23.512441], [78.2068793, 23.5129585], [78.206903, 23.5134961], [78.2060302, 23.513776]]]}",,,,Mixed Use,,,,,,,,,OWN-0504,PCL-0323,,,PRJ-002,Begumganj–Silwani Highway Link,,,,,,,,compensation_paid,,703/3,Begumganj,,,AYXAPPADBB2RU3,,,,VLG-028,Suryanagar Buzurg,,
parcel,PCL-0324,,1.82,,,23.360948,78.483698,,,,Raisen,,,,,,,,,,,,"{""type"": ""Polygon"", ""coordinates"": [[[78.4828846, 23.3604918], [78.4834946, 23.3604431], [78.4840817, 23.360591], [78.4845776, 23.3610784], [78.4842534, 23.3615387], [78.483463, 23.3617245], [78.4830742, 23.361317], [78.4828846, 23.3604918]]]}",,,,Agricultural,,,,,,,,,OWN-0596,PCL-0324,,,PRJ-002,Begumganj–Silwani Highway Link,,,,,,,,possessed,,690/9,Silwani,,,7C2AXVF58S2RCD,,,,VLG-038,Mohanpur Khurd,,
parcel,PCL-0325,,2.08,,,23.298332,78.721735,,,,Raisen,,,,,,,,,,,,"{""type"": ""Polygon"", ""coordinates"": [[[78.7215371, 23.2976471], [78.7224964, 23.2980896], [78.7222316, 23.2986637], [78.7213256, 23.2990279], [78.7210309, 23.2981928], [78.7215371, 23.2976471]]]}",,,,Mixed Use,,,,,,,,,OWN-0588,PCL-0325,,,PRJ-002,Begumganj–Silwani Highway Link,,,,,,,,notified,,986/5,Silwani,,,KBNSAEZPWRT44B,,,,VLG-036,Vijaynagar,,
parcel,PCL-0326,,1.19,,,23.518464,78.211449,,,,Raisen,,,,,,,,,,,,"{""type"": ""Polygon"", ""coordinates"": [[[78.2108449, 23.518096], [78.2114337, 23.5180204], [78.2118, 23.5182], [78.2121263, 23.5187185], [78.2114006, 23.5191115], [78.2108971, 23.518715], [78.2108449, 23.518096]]]}",,,,Mixed Use,,,,,,,,,OWN-0520,PCL-0326,,,PRJ-002,Begumganj–Silwani Highway Link,,,,,,,,proposed,,156/3,Begumganj,,,Q6UAK3KCYE9SWJ,,,,VLG-028,Suryanagar Buzurg,,
parcel,PCL-0327,,2.39,,,23.376593,78.47923,,,,Raisen,,,,,,,,,,,,"{""type"": ""Polygon"", ""coordinates"": [[[78.4788565, 23.3771589], [78.4786073, 23.3765721], [78.478768, 23.3761212], [78.4794687, 23.3757173], [78.4801078, 23.3766094], [78.4798073, 23.3771987], [78.4788565, 23.3771589]]]}",,,,Mixed Use,,,,,,,,,OWN-0072,PCL-0327,,,PRJ-002,Begumganj–Silwani Highway Link,,,,,,,,compensation_paid,,644/3,Silwani,,,WYBU3HCD7MQDS5,,,,VLG-038,Mohanpur Khurd,,
parcel,PCL-0328,,0.26,,,23.309009,78.496658,,,,Raisen,,,,,,,,,,,,"{""type"": ""Polygon"", ""coordinates"": [[[78.4963701, 23.3091294], [78.4965499, 23.3088226], [78.4968255, 23.3088741], [78.4969724, 23.3091478], [78.4966515, 23.3092459], [78.4963701, 23.3091294]]]}",,,,Mixed Use,,,,,,,,,OWN-0671,PCL-0328,,,PRJ-002,Begumganj–Silwani Highway Link,,,,,,,,notified,,927/5,Silwani,,,ZA955WQSV2CVMK,,,,VLG-033,Mohanpur Kalan,,
parcel,PCL-0329,,2.96,,,23.241587,78.669179,,,,Raisen,,,,,,,,,,,,"{""type"": ""Polygon"", ""coordinates"": [[[78.6698772, 23.2419617], [78.668852, 23.2425184], [78.6679864, 23.2414225], [78.6690877, 23.2408123], [78.6699134, 23.2412494], [78.6698772, 23.2419617]]]}",,,,Agricultural,,,,,,,,,OWN-0432,PCL-0329,,,PRJ-002,Begumganj–Silwani Highway Link,,,,,,,,objections,,86/8,Silwani,,,4LLWGJ7M36A342,,,,VLG-040,Devipura Buzurg,,
parcel,PCL-0330,,2.86,,,23.192606,78.503549,,,,Raisen,,,,,,,,,,,,"{""type"": ""Polygon"", ""coordinates"": [[[78.5044274, 23.1924157], [78.5039988, 23.1935454], [78.502874, 23.1934256], [78.5025895, 23.1923581], [78.5035834, 23.1915911], [78.5044274, 23.1924157]]]}",,,,Agricultural,,,,,,,,,OWN-0593,PCL-0330,,,PRJ-002,Begumganj–Silwani Highway Link,,,,,,,,compensation_paid,,62/4,Silwani,,,ZAC4GV8VKJRWTP,,,,VLG-037,Devipura Khurd,,
parcel,PCL-0331,,0.99,,,23.428446,78.742464,,,,Raisen,,,,,,,,,,,,"{""type"": ""Polygon"", ""coordinates"": [[[78.7420675, 23.4282677], [78.7423003, 23.4279246], [78.7429354, 23.4281328], [78.7428775, 23.4286008], [78.7426583, 23.4290035], [78.7421486, 23.4288238], [78.7420675, 23.4282677]]]}",,,,Residential,,,,,,,,,OWN-0290,PCL-0331,,,PRJ-002,Begumganj–Silwani Highway Link,,,,,,,,compensation_paid,,659/2,Silwani,,,HG9NFK7RA5QVQX,,,,VLG-034,Suryanagar,,
parcel,PCL-0332,,1.55,,,23.547552,78.372971,,,,Raisen,,,,,,,,,,,,"{""type"": ""Polygon"", ""coordinates"": [[[78.3736322, 23.5478171], [78.3731174, 23.5479942], [78.3726356, 23.5480028], [78.3723426, 23.5475205], [78.3725678, 23.5472302], [78.3729835, 23.5470652], [78.373564, 23.5473341], [78.3736322, 23.5478171]]]}",,,,Agricultural,,,,,,,,,OWN-0286,PCL-0332,,,PRJ-002,Begumganj–Silwani Highway Link,,,,,,,,notified,,85/3,Begumganj,,,RBH3DV5AR9KG2D,,,,VLG-027,Ramgarh Kalan,,
parcel,PCL-0333,,0.57,,,23.30901,78.652596,,,,Raisen,,,,,,,,,,,,"{""type"": ""Polygon"", ""coordinates"": [[[78.6521613, 23.3090991], [78.6523589, 23.3088239], [78.6525044, 23.3086858], [78.6528777, 23.3088208], [78.6529928, 23.3091068], [78.6528034, 23.3092393], [78.6524091, 23.3094102], [78.6521613, 23.3090991]]]}",,,,Residential,,,,,,,,,OWN-0478,PCL-0333,,,PRJ-002,Begumganj–Silwani Highway Link,,,,,,,,disputed_litigation,,781/9,Silwani,,,4CG2KYDSGU7XZA,,,,VLG-032,Ratangarh Kalan,,
parcel,PCL-0334,,0.32,,,23.431727,78.326882,,,,Raisen,,,,,,,,,,,,"{""type"": ""Polygon"", ""coordinates"": [[[78.3266609, 23.4316724], [78.3268221, 23.4314357], [78.3271417, 23.4314829], [78.3271033, 23.4317671], [78.3270185, 23.4319788], [78.32663, 23.4319496], [78.3266609, 23.4316724]]]}",,,,Agricultural,,,,,,,,,OWN-0426,PCL-0334,,,PRJ-002,Begumganj–Silwani Highway Link,,,,,,,,disputed_litigation,,109/7,Begumganj,,,BH8KJN2S89HN9X,,,,VLG-030,Suryanagar Khurd,,
parcel,PCL-0335,,1.4,,,23.430457,78.742464,,,,Raisen,,,,,,,,,,,,"{""type"": ""Polygon"", ""coordinates"": [[[78.7426924, 23.4308403], [78.7419344, 23.4308366], [78.74194, 23.430118], [78.7426359, 23.4300442], [78.7430136, 23.4303402], [78.7426924, 23.4308403]]]}",,,,Agricultural,,,,,,,,,OWN-0199,PCL-0335,,,PRJ-002,Begumganj–Silwani Highway Link,,,,,,,,possessed,,818/3,Silwani,,,P3MLH3C22Y7S38,,,,VLG-034,Suryanagar,,
parcel,PCL-0336,,2.42,,,23.193907,78.500494,,,,Raisen,,,,,,,,,,,,"{""type"": ""Polygon"", ""coordinates"": [[[78.4997649, 23.1934292], [78.5009059, 23.1930041], [78.5015356, 23.1936866], [78.5009008, 23.1943851], [78.5004446, 23.1945237], [78.4997735, 23.1941317], [78.4997649, 23.1934292]]]}",,,,Barren,,,,,,,,,OWN-0075,PCL-0336,,,PRJ-002,Begumganj–Silwani Highway Link,,,,,,,,notified,,5/8,Silwani,,,APNZCSLUPHQJUU,,,,VLG-037,Devipura Khurd,,
parcel,PCL-0337,,0.74,,,23.426063,78.195837,,,,Raisen,,,,,,,,,,,,"{""type"": ""Polygon"", ""coordinates"": [[[78.195499, 23.4261809], [78.1952859, 23.4259296], [78.1956923, 23.4257518], [78.1961533, 23.4257787], [78.1963819, 23.4260904], [78.1961893, 23.426515], [78.1957168, 23.4264605], [78.195499, 23.4261809]]]}",,,,Barren,,,,,,,,,OWN-0237,PCL-0337,,,PRJ-002,Begumganj–Silwani Highway Link,,,,,,,,compensation_paid,,684/6,Begumganj,,,QVFFAWBHT94SK9,,,,VLG-023,Narmadapur,,
parcel,PCL-0338,,2.58,,,23.244378,78.656335,,,,Raisen,,,,,,,,,,,,"{""type"": ""Polygon"", ""coordinates"": [[[78.6556902, 23.2451871], [78.6554572, 23.2445944], [78.6556358, 23.2439163], [78.6564334, 23.2434279], [78.6570455, 23.2438239], [78.6571448, 23.2447051], [78.6567206, 23.2450401], [78.6556902, 23.2451871]]]}",,,,Agricultural,,,,,,,,,OWN-0655,PCL-0338,,,PRJ-002,Begumganj–Silwani Highway Link,,,,,,,,notified,,47/8,Silwani,,,LQ2BKUU5ZT577K,,,,VLG-040,Devipura Buzurg,,
parcel,PCL-0339,,0.29,,,23.208123,78.708196,,,,Raisen,,,,,,,,,,,,"{""type"": ""Polygon"", ""coordinates"": [[[78.7083206, 23.207899], [78.7085229, 23.2082083], [78.7082537, 23.208468], [78.7079225, 23.2082213], [78.7080363, 23.2079472], [78.7083206, 23.207899]]]}",,,,Agricultural,,,,,,,,,OWN-0315,PCL-0339,,,PRJ-002,Begumganj–Silwani Highway Link,,,,,,,,disputed_litigation,,234/9,Silwani,,,BM6UEVW7M2DLMX,,,,VLG-039,Lakshmipur Kalan,,
parcel,PCL-0340,,2.09,,,23.190527,78.495579,,,,Raisen,,,,,,,,,,,,"{""type"": ""Polygon"", ""coordinates"": [[[78.4958522, 23.1911274], [78.4952236, 23.1911448], [78.4950004, 23.1905091], [78.4953246, 23.1898861], [78.495985, 23.1899073], [78.4965247, 23.1905012], [78.4958522, 23.1911274]]]}",,,,Barren,,,,,,,,,OWN-0347,PCL-0340,,,PRJ-002,Begumganj–Silwani Highway Link,,,,,,,,notified,,214/9,Silwani,,,384JYJP58D4BS3,,,,VLG-037,Devipura Khurd,,
parcel,PCL-0341,,0.61,,,23.373508,78.485138,,,,Raisen,,,,,,,,,,,,"{""type"": ""Polygon"", ""coordinates"": [[[78.4851355, 23.3737989], [78.4846411, 23.373622], [78.4849445, 23.3731609], [78.4854594, 23.3731693], [78.485473, 23.3736905], [78.4851355, 23.3737989]]]}",,,,Mixed Use,,,,,,,,,OWN-0440,PCL-0341,,,PRJ-002,Begumganj–Silwani Highway Link,,,,,,,,possessed,,975/5,Silwani,,,AWNW46D879XYSL,,,,VLG-038,Mohanpur Khurd,,
parcel,PCL-0342,,1.8,,,23.415203,78.210858,,,,Raisen,,,,,,,,,,,,"{""type"": ""Polygon"", ""coordinates"": [[[78.2107266, 23.4158631], [78.2101119, 23.4155654], [78.2100327, 23.4150837], [78.2104624, 23.4145372], [78.2111674, 23.4145253], [78.2114278, 23.4151133], [78.2114638, 23.4155714], [78.2107266, 23.4158631]]]}",,,,Agricultural,,,,,,,,,OWN-0502,PCL-0342,,,PRJ-002,Begumganj–Silwani Highway Link,,,,,,,,objections,,437/2,Begumganj,,,9G5LDULZHUT3QC,,,,VLG-023,Narmadapur,,
parcel,PCL-0343,,2.83,,,23.6352,78.447124,,,,Raisen,,,,,,,,,,,,"{""type"": ""Polygon"", ""coordinates"": [[[78.4472334, 23.6358921], [78.4465633, 23.6356752], [78.4461877, 23.6345557], [78.4474826, 23.6343875], [78.4482992, 23.6350972], [78.4472334, 23.6358921]]]}",,,,Agricultural,,,,,,,,,OWN-0695,PCL-0343,,,PRJ-002,Begumganj–Silwani Highway Link,,,,,,,,notified,,408/5,Begumganj,,,9ED5BE67BPF3N6,,,,VLG-029,Sonpur Kalan,,
parcel,PCL-0344,,2.09,,,23.513516,78.217914,,,,Raisen,,,,,,,,,,,,"{""type"": ""Polygon"", ""coordinates"": [[[78.2181372, 23.5142018], [78.2173606, 23.5139095], [78.2171884, 23.512944], [78.2182813, 23.5128927], [78.2188368, 23.5135808], [78.2181372, 23.5142018]]]}",,,,Mixed Use,,,,,,,,,OWN-0248,PCL-0344,,,PRJ-002,Begumganj–Silwani Highway Link,,,,,,,,objections,,938/9,Begumganj,,,AQC3WSDLYWGQQJ,,,,VLG-028,Suryanagar Buzurg,,
parcel,PCL-0345,,2.97,,,23.628499,78.441083,,,,Raisen,,,,,,,,,,,,"{""type"": ""Polygon"", ""coordinates"": [[[78.4416613, 23.6293831], [78.4405034, 23.6292838], [78.4400356, 23.6281944], [78.4412073, 23.6278506], [78.4421432, 23.6283661], [78.4416613, 23.6293831]]]}",,,,Mixed Use,,,,,,,,,OWN-0662,PCL-0345,,,PRJ-002,Begumganj–Silwani Highway Link,,,,,,,,awarded,,340/3,Begumganj,,,7LVYP9SZB6A5VA,,,,VLG-029,Sonpur Kalan,,
parcel,PCL-0346,,2.98,,,23.365487,78.5935,,,,Raisen,,,,,,,,,,,,"{""type"": ""Polygon"", ""coordinates"": [[[78.5939887, 23.3663304], [78.5927264, 23.3660508], [78.5928394, 23.365109], [78.5934722, 23.3647659], [78.594334, 23.3652173], [78.5939887, 23.3663304]]]}",,,,Agricultural,,,,,,,,,OWN-0307,PCL-0346,,,PRJ-002,Begumganj–Silwani Highway Link,,,,,,,,possessed,,904/4,Silwani,,,CTSCQMLYNRPMAL,,,,VLG-035,Krishnapur Buzurg,,
parcel,PCL-0347,,0.29,,,23.206726,78.709115,,,,Raisen,,,,,,,,,,,,"{""type"": ""Polygon"", ""coordinates"": [[[78.7092237, 23.206395], [78.7094385, 23.2065782], [78.7093549, 23.2068393], [78.7091684, 23.2070278], [78.7089127, 23.2068626], [78.7088186, 23.2067009], [78.7089597, 23.2064822], [78.7092237, 23.206395]]]}",,,,Agricultural,,,,,,,,,OWN-0214,PCL-0347,,,PRJ-002,Begumganj–Silwani Highway Link,,,,,,,,compensation_paid,,639/4,Silwani,,,RNLUR3L5JABYQH,,,,VLG-039,Lakshmipur Kalan,,
parcel,PCL-0348,,2.28,,,23.310637,78.718943,,,,Raisen,,,,,,,,,,,,"{""type"": ""Polygon"", ""coordinates"": [[[78.7181357, 23.310957], [78.7182711, 23.3099463], [78.719332, 23.3101444], [78.7196042, 23.3107122], [78.7188427, 23.3113539], [78.7181357, 23.310957]]]}",,,,Mixed Use,,,,,,,,,OWN-0471,PCL-0348,,,PRJ-002,Begumganj–Silwani Highway Link,,,,,,,,proposed,,317/6,Silwani,,,TLEA2MTFP6XGJM,,,,VLG-036,Vijaynagar,,
parcel,PCL-0349,,0.32,,,23.606469,78.346883,,,,Raisen,,,,,,,,,,,,"{""type"": ""Polygon"", ""coordinates"": [[[78.3467941, 23.6062068], [78.3471749, 23.6063774], [78.347182, 23.6066761], [78.3467415, 23.6067059], [78.3465027, 23.6064335], [78.3467941, 23.6062068]]]}",,,,Agricultural,,,,,,,,,OWN-0027,PCL-0349,,,PRJ-002,Begumganj–Silwani Highway Link,,,,,,,,notified,,912/7,Begumganj,,,H6QBALTWJTDNLG,,,,VLG-024,Govindpur Khurd,,
parcel,PCL-0350,,2.1,,,23.206408,78.721538,,,,Raisen,,,,,,,,,,,,"{""type"": ""Polygon"", ""coordinates"": [[[78.7223501, 23.2068066], [78.7215996, 23.2071983], [78.7207823, 23.2068114], [78.7206699, 23.2060389], [78.72159, 23.2056379], [78.722173, 23.206156], [78.7223501, 23.2068066]]]}",,,,Mixed Use,,,,,,,,,OWN-0130,PCL-0350,,,PRJ-002,Begumganj–Silwani Highway Link,,,,,,,,awarded,,384/5,Silwani,,,JKFRSWHMAV89C5,,,,VLG-039,Lakshmipur Kalan,,
parcel,PCL-0351,,2.51,,,23.191521,78.49198,,,,Raisen,,,,,,,,,,,,"{""type"": ""Polygon"", ""coordinates"": [[[78.4920673, 23.1905027], [78.4926273, 23.1913429], [78.4924551, 23.1924231], [78.4915252, 23.1921893], [78.4912634, 23.1912606], [78.4920673, 23.1905027]]]}",,,,Agricultural,,,,,,,,,OWN-0059,PCL-0351,,,PRJ-002,Begumganj–Silwani Highway Link,,,,,,,,objections,,905/9,Silwani,,,XYNLW58J3MBT38,,,,VLG-037,Devipura Khurd,,
parcel,PCL-0352,,1.15,,,23.633695,78.448685,,,,Raisen,,,,,,,,,,,,"{""type"": ""Polygon"", ""coordinates"": [[[78.449031, 23.6334258], [78.4491632, 23.6337571], [78.448992, 23.6340422], [78.4484951, 23.6342909], [78.4481691, 23.6338542], [78.448104, 23.6332786], [78.4485863, 23.6330795], [78.449031, 23.6334258]]]}",,,,Agricultural,,,,,,,,,OWN-0458,PCL-0352,,,PRJ-002,Begumganj–Silwani Highway Link,,,,,,,,possessed,,177/9,Begumganj,,,4NSMAFLLRTFUMA,,,,VLG-029,Sonpur Kalan,,
parcel,PCL-0353,,2.14,,,23.308502,78.642349,,,,Raisen,,,,,,,,,,,,"{""type"": ""Polygon"", ""coordinates"": [[[78.6416743, 23.3088269], [78.6414905, 23.3081126], [78.6421706, 23.307635], [78.6429444, 23.3080919], [78.6429599, 23.3084943], [78.6427386, 23.3092199], [78.6422463, 23.3091249], [78.6416743, 23.3088269]]]}",,,,Mixed Use,,,,,,,,,OWN-0087,PCL-0353,,,PRJ-003,Narmadapuram–Raisen Rail Link,,,,,,,,proposed,,589/4,Silwani,,,RZNMJLV7FFQ2AC,,,,VLG-032,Ratangarh Kalan,,
parcel,PCL-0354,,2.8,,,23.3825,78.515335,,,,Raisen,,,,,,,,,,,,"{""type"": ""Polygon"", ""coordinates"": [[[78.5150765, 23.3831197], [78.5144697, 23.3823454], [78.5152737, 23.3816664], [78.5159695, 23.3821647], [78.5161373, 23.3830958], [78.5150765, 23.3831197]]]}",,,,Agricultural,,,,,,,,,OWN-0363,PCL-0354,,,PRJ-003,Narmadapuram–Raisen Rail Link,,,,,,,,compensation_paid,,11/1,Silwani,,,WQ7MNT5F65KQHP,,,,VLG-031,Jaypur Khurd,,
parcel,PCL-0355,,1.29,,,23.61383,78.34306,,,,Raisen,,,,,,,,,,,,"{""type"": ""Polygon"", ""coordinates"": [[[78.3429571, 23.6145491], [78.342455, 23.6142844], [78.3425079, 23.6136416], [78.3427248, 23.6132256], [78.3433199, 23.6132186], [78.3436656, 23.6137277], [78.3434769, 23.6142112], [78.3429571, 23.6145491]]]}",,,,Agricultural,,,,,,,,,OWN-0431,PCL-0355,,,PRJ-003,Narmadapuram–Raisen Rail Link,,,,,,,,objections,,916/1,Begumganj,,,5PSUMCT5E8WXG6,,,,VLG-024,Govindpur Khurd,,
parcel,PCL-0356,,2.52,,,22.635621,77.68493,,,,Narmadapuram,,,,,,,,,,,,"{""type"": ""Polygon"", ""coordinates"": [[[77.6851934, 22.6361668], [77.6843822, 22.6362808], [77.6842433, 22.6353251], [77.68499, 22.6346966], [77.6856574, 22.6354209], [77.6851934, 22.6361668]]]}",,,,Residential,,,,,,,,,OWN-0344,PCL-0356,,,PRJ-003,Narmadapuram–Raisen Rail Link,,,,,,,,objections,,816/4,Itarsi,,,2S6ALYUZQ2J4CT,,,,VLG-005,Ratangarh,,
parcel,PCL-0357,,0.6,,,23.363667,78.589311,,,,Raisen,,,,,,,,,,,,"{""type"": ""Polygon"", ""coordinates"": [[[78.5898342, 23.3637777], [78.5893445, 23.3639979], [78.5889134, 23.3638753], [78.5888518, 23.3635215], [78.5892429, 23.3633705], [78.5896171, 23.3634861], [78.5898342, 23.3637777]]]}",,,,Agricultural,,,,,,,,,OWN-0618,PCL-0357,,,PRJ-003,Narmadapuram–Raisen Rail Link,,,,,,,,compensation_paid,,17/1,Silwani,,,Q8ES5DV94GUQ7S,,,,VLG-035,Krishnapur Buzurg,,
parcel,PCL-0358,,1.43,,,22.728283,77.769251,,,,Narmadapuram,,,,,,,,,,,,"{""type"": ""Polygon"", ""coordinates"": [[[77.7693624, 22.7275264], [77.7697258, 22.7279064], [77.769981, 22.7285501], [77.769675, 22.7289037], [77.7689242, 22.7287707], [77.7684476, 22.7283278], [77.7688214, 22.7278852], [77.7693624, 22.7275264]]]}",,,,Agricultural,,,,,,,,,OWN-0090,PCL-0358,,,PRJ-003,Narmadapuram–Raisen Rail Link,,,,,,,,objections,,532/6,Itarsi,,,CDK68LHAVXC72B,,,,VLG-009,Shivpura,,
parcel,PCL-0359,,1.15,,,22.729143,77.775505,,,,Narmadapuram,,,,,,,,,,,,"{""type"": ""Polygon"", ""coordinates"": [[[77.7758828, 22.7288331], [77.7760379, 22.729314], [77.7755564, 22.7295964], [77.7750046, 22.7295073], [77.7751204, 22.7289619], [77.7754121, 22.7285448], [77.7758828, 22.7288331]]]}",,,,Mixed Use,,,,,,,,,OWN-0124,PCL-0359,,,PRJ-003,Narmadapuram–Raisen Rail Link,,,,,,,,possessed,,562/3,Itarsi,,,MM448TFB65XPXC,,,,VLG-009,Shivpura,,
parcel,PCL-0360,,2.28,,,23.355103,78.590313,,,,Raisen,,,,,,,,,,,,"{""type"": ""Polygon"", ""coordinates"": [[[78.5907283, 23.3543455], [78.5911397, 23.3549908], [78.590956, 23.3555203], [78.590289, 23.3557891], [78.5896743, 23.3554651], [78.5894002, 23.3550986], [78.5899552, 23.3545895], [78.5907283, 23.3543455]]]}",,,,Mixed Use,,,,,,,,,OWN-0467,PCL-0360,,,PRJ-003,Narmadapuram–Raisen Rail Link,,,,,,,,disputed_litigation,,61/5,Silwani,,,5E36B43PMDE3LA,,,,VLG-035,Krishnapur Buzurg,,
parcel,PCL-0361,,2.84,,,22.725083,77.772477,,,,Narmadapuram,,,,,,,,,,,,"{""type"": ""Polygon"", ""coordinates"": [[[77.7729537, 22.7240847], [77.7736265, 22.7250815], [77.7731569, 22.7257061], [77.7724074, 22.7258499], [77.7717741, 22.7253783], [77.7716577, 22.7247246], [77.7720847, 22.7240952], [77.7729537, 22.7240847]]]}",,,,Agricultural,,,,,,,,,OWN-0434,PCL-0361,,,PRJ-003,Narmadapuram–Raisen Rail Link,,,,,,,,proposed,,843/5,Itarsi,,,SL3ULBPRFRWVBH,,,,VLG-009,Shivpura,,
parcel,PCL-0362,,2.35,,,22.786921,77.958435,,,,Narmadapuram,,,,,,,,,,,,"{""type"": ""Polygon"", ""coordinates"": [[[77.9590717, 22.7869186], [77.9587769, 22.7876494], [77.9578774, 22.7874243], [77.9578155, 22.7863748], [77.9587452, 22.7863067], [77.9590717, 22.7869186]]]}",,,,Agricultural,,,,,,,,,OWN-0525,PCL-0362,,,PRJ-003,Narmadapuram–Raisen Rail Link,,,,,,,,awarded,,761/5,Sohagpur,,,RDKE7H48A22TQH,,,,VLG-013,Harijpur Buzurg,,
parcel,PCL-0363,,1.63,,,23.521074,78.216545,,,,Raisen,,,,,,,,,,,,"{""type"": ""Polygon"", ""coordinates"": [[[78.2170097, 23.5214327], [78.2161827, 23.5218014], [78.2156826, 23.5210154], [78.216414, 23.5205887], [78.2171674, 23.5205046], [78.2170097, 23.5214327]]]}",,,,Barren,,,,,,,,,OWN-0118,PCL-0363,,,PRJ-003,Narmadapuram–Raisen Rail Link,,,,,,,,compensation_paid,,488/1,Begumganj,,,K4VC6DPBCE7L3K,,,,VLG-028,Suryanagar Buzurg,,
parcel,PCL-0364,,1.84,,,23.653117,78.277332,,,,Raisen,,,,,,,,,,,,"{""type"": ""Polygon"", ""coordinates"": [[[78.2777367, 23.6526198], [78.2781402, 23.6532317], [78.277717, 23.6535414], [78.2769397, 23.6537392], [78.2765553, 23.6531592], [78.2769937, 23.6525178], [78.2777367, 23.6526198]]]}",,,,Agricultural,,,,,,,,,OWN-0078,PCL-0364,,,PRJ-003,Narmadapuram–Raisen Rail Link,,,,,,,,notified,,430/9,Begumganj,,,A5H2HL833JACJB,,,,VLG-022,Mohanpur,,
parcel,PCL-0365,,0.45,,,23.317996,78.635998,,,,Raisen,,,,,,,,,,,,"{""type"": ""Polygon"", ""coordinates"": [[[78.636403, 23.3179726], [78.6360676, 23.3182875], [78.6356847, 23.318271], [78.6356557, 23.3178032], [78.6361059, 23.3177042], [78.636403, 23.3179726]]]}",,,,Mixed Use,,,,,,,,,OWN-0497,PCL-0365,,,PRJ-003,Narmadapuram–Raisen Rail Link,,,,,,,,awarded,,922/1,Silwani,,,FMAUKVLZP4BFKQ,,,,VLG-032,Ratangarh Kalan,,
parcel,PCL-0366,,0.82,,,22.794859,77.950931,,,,Narmadapuram,,,,,,,,,,,,"{""type"": ""Polygon"", ""coordinates"": [[[77.9503256, 22.7949681], [77.9504523, 22.7946524], [77.9509168, 22.7944134], [77.951292, 22.7944539], [77.9513775, 22.7948809], [77.9511728, 22.7953722], [77.9507958, 22.795261], [77.9503256, 22.7949681]]]}",,,,Barren,,,,,,,,,OWN-0436,PCL-0366,,,PRJ-003,Narmadapuram–Raisen Rail Link,,,,,,,,notified,,262/9,Sohagpur,,,F6ZTBR3TKHY69R,,,,VLG-013,Harijpur Buzurg,,
parcel,PCL-0367,,0.9,,,22.786801,77.96022,,,,Narmadapuram,,,,,,,,,,,,"{""type"": ""Polygon"", ""coordinates"": [[[77.9605849, 22.7866816], [77.9605067, 22.7871909], [77.9597516, 22.7872274], [77.959707, 22.7866283], [77.9601867, 22.786299], [77.9605849, 22.7866816]]]}",,,,Mixed Use,,,,,,,,,OWN-0497,PCL-0367,,,PRJ-003,Narmadapuram–Raisen Rail Link,,,,,,,,awarded,,992/3,Sohagpur,,,JDSM2ML4JA243E,,,,VLG-013,Harijpur Buzurg,,
parcel,PCL-0368,,1.79,,,23.320181,78.638112,,,,Raisen,,,,,,,,,,,,"{""type"": ""Polygon"", ""coordinates"": [[[78.6374387, 23.3196339], [78.6382894, 23.3193979], [78.6389055, 23.3199369], [78.6386976, 23.3207284], [78.6380585, 23.3207892], [78.6374241, 23.3204019], [78.6374387, 23.3196339]]]}",,,,Agricultural,,,,,,,,,OWN-0570,PCL-0368,,,PRJ-003,Narmadapuram–Raisen Rail Link,,,,,,,,possessed,,528/8,Silwani,,,96MZ5AVHRSMDSR,,,,VLG-032,Ratangarh Kalan,,
parcel,PCL-0369,,0.68,,,22.783219,77.956986,,,,Narmadapuram,,,,,,,,,,,,"{""type"": ""Polygon"", ""coordinates"": [[[77.9573129, 22.7834744], [77.9571527, 22.7837061], [77.9567721, 22.7834614], [77.956498, 22.783104], [77.9568311, 22.7829156], [77.957162, 22.7827718], [77.9574446, 22.7829786], [77.9573129, 22.7834744]]]}",,,,Residential,,,,,,,,,OWN-0678,PCL-0369,,,PRJ-003,Narmadapuram–Raisen Rail Link,,,,,,,,compensation_paid,,233/1,Sohagpur,,,UEPVHBP9WK8JC5,,,,VLG-013,Harijpur Buzurg,,
parcel,PCL-0370,,2.52,,,22.782737,77.954458,,,,Narmadapuram,,,,,,,,,,,,"{""type"": ""Polygon"", ""coordinates"": [[[77.9553963, 22.782258], [77.9554456, 22.7831877], [77.9545246, 22.7833378], [77.9539889, 22.783326], [77.9535513, 22.7827557], [77.9539801, 22.7821033], [77.9547913, 22.7818483], [77.9553963, 22.782258]]]}",,,,Agricultural,,,,,,,,,OWN-0268,PCL-0370,,,PRJ-003,Narmadapuram–Raisen Rail Link,,,,,,,,awarded,,573/7,Sohagpur,,,JCZ3JAF8ZRA644,,,,VLG-013,Harijpur Buzurg,,
parcel,PCL-0371,,1.35,,,22.546814,77.824095,,,,Narmadapuram,,,,,,,,,,,,"{""type"": ""Polygon"", ""coordinates"": [[[77.8247455, 22.5464997], [77.8245025, 22.5470141], [77.8244009, 22.5474915], [77.8238167, 22.5472005], [77.823566, 22.5469136], [77.8236791, 22.5465131], [77.8242069, 22.5462965], [77.8247455, 22.5464997]]]}",,,,Residential,,,,,,,,,OWN-0014,PCL-0371,,,PRJ-003,Narmadapuram–Raisen Rail Link,,,,,,,,objections,,54/8,Itarsi,,,99NLE9YDQ4FMCK,,,,VLG-001,Govindpur Kalan,,
parcel,PCL-0372,,2.52,,,22.789593,77.96078,,,,Narmadapuram,,,,,,,,,,,,"{""type"": ""Polygon"", ""coordinates"": [[[77.9615954, 22.7898599], [77.9609892, 22.790159], [77.9603746, 22.7901399], [77.959668, 22.7896702], [77.9601996, 22.7890242], [77.9609289, 22.7890306], [77.9615034, 22.7892014], [77.9615954, 22.7898599]]]}",,,,Residential,,,,,,,,,OWN-0548,PCL-0372,,,PRJ-003,Narmadapuram–Raisen Rail Link,,,,,,,,awarded,,426/3,Sohagpur,,,QWEA84WEE8CYF8,,,,VLG-013,Harijpur Buzurg,,
parcel,PCL-0373,,2.89,,,22.730919,77.765224,,,,Narmadapuram,,,,,,,,,,,,"{""type"": ""Polygon"", ""coordinates"": [[[77.7659229, 22.7312235], [77.765338, 22.731825], [77.7643934, 22.731568], [77.7644737, 22.7305446], [77.7652129, 22.7302605], [77.7658673, 22.7306161], [77.7659229, 22.7312235]]]}",,,,Residential,,,,,,,,,OWN-0463,PCL-0373,,,PRJ-003,Narmadapuram–Raisen Rail Link,,,,,,,,possessed,,267/5,Itarsi,,,3ZRH3D98ADUARA,,,,VLG-009,Shivpura,,
parcel,PCL-0374,,1.02,,,23.245463,78.659669,,,,Raisen,,,,,,,,,,,,"{""type"": ""Polygon"", ""coordinates"": [[[78.6603532, 23.2453855], [78.6597909, 23.2458589], [78.6592764, 23.2458416], [78.6592062, 23.2451349], [78.6597775, 23.2450605], [78.6603532, 23.2453855]]]}",,,,Residential,,,,,,,,,OWN-0041,PCL-0374,,,PRJ-003,Narmadapuram–Raisen Rail Link,,,,,,,,possessed,,245/9,Silwani,,,Z3TB6AK3WLXF2U,,,,VLG-040,Devipura Buzurg,,
parcel,PCL-0375,,2.16,,,22.689363,77.770239,,,,Narmadapuram,,,,,,,,,,,,"{""type"": ""Polygon"", ""coordinates"": [[[77.7698859, 22.6898908], [77.7694575, 22.689043], [77.770198, 22.6887181], [77.7710951, 22.6889021], [77.770711, 22.6900979], [77.7698859, 22.6898908]]]}",,,,Agricultural,,,,,,,,,OWN-0500,PCL-0375,,,PRJ-003,Narmadapuram–Raisen Rail Link,,,,,,,,possessed,,44/9,Itarsi,,,8CLCHFUQFFNK22,,,,VLG-010,Harijpur Kalan,,
parcel,PCL-0376,,1.07,,,22.631142,77.681098,,,,Narmadapuram,,,,,,,,,,,,"{""type"": ""Polygon"", ""coordinates"": [[[77.6807895, 22.6314877], [77.680677, 22.6310108], [77.6811023, 22.6307547], [77.6817497, 22.6310284], [77.6813624, 22.6314886], [77.6807895, 22.6314877]]]}",,,,Agricultural,,,,,,,,,OWN-0232,PCL-0376,,,PRJ-003,Narmadapuram–Raisen Rail Link,,,,,,,,proposed,,616/8,Itarsi,,,A88TZTU8DJNF6E,,,,VLG-005,Ratangarh,,
parcel,PCL-0377,,2.26,,,22.695323,77.781039,,,,Narmadapuram,,,,,,,,,,,,"{""type"": ""Polygon"", ""coordinates"": [[[77.7811565, 22.6962391], [77.7804554, 22.6957919], [77.7800524, 22.6951818], [77.7806184, 22.6947548], [77.7814078, 22.694701], [77.781675, 22.6950492], [77.78188, 22.6957123], [77.7811565, 22.6962391]]]}",,,,Mixed Use,,,,,,,,,OWN-0548,PCL-0377,,,PRJ-003,Narmadapuram–Raisen Rail Link,,,,,,,,proposed,,309/1,Itarsi,,,JZ96AP23DXD3RC,,,,VLG-010,Harijpur Kalan,,
parcel,PCL-0378,,0.79,,,22.692068,77.78115,,,,Narmadapuram,,,,,,,,,,,,"{""type"": ""Polygon"", ""coordinates"": [[[77.7811561, 22.6917211], [77.7815432, 22.6919197], [77.7815486, 22.6923474], [77.7809349, 22.6925709], [77.7806497, 22.691962], [77.7811561, 22.6917211]]]}",,,,Agricultural,,,,,,,,,OWN-0061,PCL-0378,,,PRJ-003,Narmadapuram–Raisen Rail Link,,,,,,,,possessed,,825/4,Itarsi,,,BKZJBSXLN7Z7ZQ,,,,VLG-010,Harijpur Kalan,,
parcel,PCL-0379,,1.98,,,23.312095,78.638284,,,,Raisen,,,,,,,,,,,,"{""type"": ""Polygon"", ""coordinates"": [[[78.637876, 23.311719], [78.6387056, 23.311513], [78.6392143, 23.3123512], [78.6382979, 23.3128721], [78.6377121, 23.3124287], [78.637876, 23.311719]]]}",,,,Agricultural,,,,,,,,,OWN-0141,PCL-0379,,,PRJ-003,Narmadapuram–Raisen Rail Link,,,,,,,,compensation_paid,,45/6,Silwani,,,UUUXQFHBH2YYPU,,,,VLG-032,Ratangarh Kalan,,
parcel,PCL-0380,,1.06,,,23.601218,78.36014,,,,Raisen,,,,,,,,,,,,"{""type"": ""Polygon"", ""coordinates"": [[[78.3597832, 23.6009561], [78.3603048, 23.6007201], [78.3606785, 23.6011773], [78.3604868, 23.6017957], [78.3596199, 23.6016027], [78.3597832, 23.6009561]]]}",,,,Barren,,,,,,,,,OWN-0318,PCL-0380,,,PRJ-003,Narmadapuram–Raisen Rail Link,,,,,,,,possessed,,555/7,Begumganj,,,B6AU6K43BJNYEZ,,,,VLG-024,Govindpur Khurd,,
parcel,PCL-0381,,0.18,,,22.783372,77.954295,,,,Narmadapuram,,,,,,,,,,,,"{""type"": ""Polygon"", ""coordinates"": [[[77.9545435, 22.7834507], [77.9542357, 22.7835701], [77.9540869, 22.7833899], [77.9541479, 22.7832009], [77.9544453, 22.7832277], [77.9545435, 22.7834507]]]}",,,,Agricultural,,,,,,,,,OWN-0310,PCL-0381,,,PRJ-003,Narmadapuram–Raisen Rail Link,,,,,,,,notified,,77/4,Sohagpur,,,RWV6SD2SZPGW7D,,,,VLG-013,Harijpur Buzurg,,
parcel,PCL-0382,,1.43,,,22.794242,78.020811,,,,Narmadapuram,,,,,,,,,,,,"{""type"": ""Polygon"", ""coordinates"": [[[78.0214326, 22.7940154], [78.0214832, 22.794542], [78.0210074, 22.7948979], [78.0203915, 22.7946779], [78.020292, 22.7942495], [78.0202717, 22.7937001], [78.0210186, 22.7936693], [78.0214326, 22.7940154]]]}",,,,Agricultural,,,,,,,,,OWN-0573,PCL-0382,,,PRJ-003,Narmadapuram–Raisen Rail Link,,,,,,,,compensation_paid,,472/7,Sohagpur,,,AZ7DMR88FSRAGM,,,,VLG-017,Ratangarh Khurd,,
parcel,PCL-0383,,1.85,,,23.378556,78.520425,,,,Raisen,,,,,,,,,,,,"{""type"": ""Polygon"", ""coordinates"": [[[78.5208307, 23.3778828], [78.5210086, 23.378773], [78.5203834, 23.3791318], [78.5197205, 23.3786455], [78.520021, 23.3781249], [78.5208307, 23.3778828]]]}",,,,Agricultural,,,,,,,,,OWN-0137,PCL-0383,,,PRJ-003,Narmadapuram–Raisen Rail Link,,,,,,,,awarded,,330/4,Silwani,,,L372MSL68RLQXK,,,,VLG-031,Jaypur Khurd,,
parcel,PCL-0384,,0.79,,,23.659607,78.273232,,,,Raisen,,,,,,,,,,,,"{""type"": ""Polygon"", ""coordinates"": [[[78.2729818, 23.6592421], [78.2735281, 23.6591683], [78.2736624, 23.6596175], [78.2735344, 23.6601019], [78.2730025, 23.6598777], [78.2728421, 23.6595461], [78.2729818, 23.6592421]]]}",,,,Agricultural,,,,,,,,,OWN-0689,PCL-0384,,,PRJ-003,Narmadapuram–Raisen Rail Link,,,,,,,,awarded,,495/6,Begumganj,,,WFXTXJ2D6W5ENQ,,,,VLG-022,Mohanpur,,
parcel,PCL-0385,,0.11,,,23.387396,78.527469,,,,Raisen,,,,,,,,,,,,"{""type"": ""Polygon"", ""coordinates"": [[[78.527541, 23.3875777], [78.5273033, 23.3874923], [78.5273131, 23.3872456], [78.527538, 23.3872433], [78.5276968, 23.3873927], [78.527541, 23.3875777]]]}",,,,Barren,,,,,,,,,OWN-0519,PCL-0385,,,PRJ-003,Narmadapuram–Raisen Rail Link,,,,,,,,objections,,717/1,Silwani,,,33V8B6APZDR2CX,,,,VLG-031,Jaypur Khurd,,
parcel,PCL-0386,,0.59,,,22.785073,77.956557,,,,Narmadapuram,,,,,,,,,,,,"{""type"": ""Polygon"", ""coordinates"": [[[77.9564597, 22.7853468], [77.9561317, 22.7852601], [77.9562696, 22.7849135], [77.9564917, 22.7847947], [77.9568304, 22.7847949], [77.9569454, 22.7851123], [77.9568454, 22.7853429], [77.9564597, 22.7853468]]]}",,,,Agricultural,,,,,,,,,OWN-0583,PCL-0386,,,PRJ-003,Narmadapuram–Raisen Rail Link,,,,,,,,notified,,949/1,Sohagpur,,,5LACR3NY3S4EU6,,,,VLG-013,Harijpur Buzurg,,
parcel,PCL-0387,,1.83,,,22.78353,77.959052,,,,Narmadapuram,,,,,,,,,,,,"{""type"": ""Polygon"", ""coordinates"": [[[77.9598414, 22.7833043], [77.959715, 22.7838279], [77.9592175, 22.7842153], [77.958535, 22.784266], [77.9584115, 22.7834828], [77.9586627, 22.7829437], [77.9590871, 22.7827533], [77.9598414, 22.7833043]]]}",,,,Agricultural,,,,,,,,,OWN-0322,PCL-0387,,,PRJ-003,Narmadapuram–Raisen Rail Link,,,,,,,,possessed,,15/5,Sohagpur,,,PK45UPJJQS2GJG,,,,VLG-013,Harijpur Buzurg,,
parcel,PCL-0388,,1.69,,,22.79659,78.023112,,,,Narmadapuram,,,,,,,,,,,,"{""type"": ""Polygon"", ""coordinates"": [[[78.0235721, 22.7968782], [78.0232326, 22.7972626], [78.0227459, 22.7970457], [78.0225745, 22.7966663], [78.0227293, 22.7960612], [78.0233845, 22.7958161], [78.0238628, 22.7961691], [78.0235721, 22.7968782]]]}",,,,Agricultural,,,,,,,,,OWN-0544,PCL-0388,,,PRJ-003,Narmadapuram–Raisen Rail Link,,,,,,,,possessed,,721/5,Sohagpur,,,9VMLX379EKJP68,,,,VLG-017,Ratangarh Khurd,,
parcel,PCL-0389,,2.01,,,22.784844,77.964785,,,,Narmadapuram,,,,,,,,,,,,"{""type"": ""Polygon"", ""coordinates"": [[[77.9641927, 22.7847902], [77.9645257, 22.7840827], [77.9652439, 22.7841943], [77.9655455, 22.784918], [77.9649617, 22.7855851], [77.96406, 22.785458], [77.9641927, 22.7847902]]]}",,,,Barren,,,,,,,,,OWN-0696,PCL-0389,,,PRJ-003,Narmadapuram–Raisen Rail Link,,,,,,,,objections,,333/9,Sohagpur,,,56T2NRA6KN3HDD,,,,VLG-013,Harijpur Buzurg,,
parcel,PCL-0390,,1.31,,,23.652447,78.276795,,,,Raisen,,,,,,,,,,,,"{""type"": ""Polygon"", ""coordinates"": [[[78.2763128, 23.6527245], [78.2763202, 23.6520597], [78.277113, 23.6520107], [78.2774261, 23.6525496], [78.2769262, 23.6529573], [78.2763128, 23.6527245]]]}",,,,Residential,,,,,,,,,OWN-0506,PCL-0390,,,PRJ-003,Narmadapuram–Raisen Rail Link,,,,,,,,compensation_paid,,361/2,Begumganj,,,MS85TAAD26X4JU,,,,VLG-022,Mohanpur,,
parcel,PCL-0391,,1.14,,,23.38035,78.520112,,,,Raisen,,,,,,,,,,,,"{""type"": ""Polygon"", ""coordinates"": [[[78.5205443, 23.3805971], [78.5200775, 23.3807597], [78.5195286, 23.3805603], [78.5198212, 23.3800644], [78.5202854, 23.3797285], [78.5206067, 23.3801127], [78.5205443, 23.3805971]]]}",,,,Agricultural,,,,,,,,,OWN-0437,PCL-0391,,,PRJ-003,Narmadapuram–Raisen Rail Link,,,,,,,,awarded,,18/9,Silwani,,,QW8CE6BR4NCVTK,,,,VLG-031,Jaypur Khurd,,
parcel,PCL-0392,,1.96,,,22.539779,77.819325,,,,Narmadapuram,,,,,,,,,,,,"{""type"": ""Polygon"", ""coordinates"": [[[77.8190355, 22.5404843], [77.8187643, 22.5398529], [77.8186664, 22.5391748], [77.819426, 22.5391914], [77.8198029, 22.5395129], [77.8200903, 22.5400701], [77.819523, 22.540455], [77.8190355, 22.5404843]]]}",,,,Mixed Use,,,,,,,,,OWN-0590,PCL-0392,,,PRJ-003,Narmadapuram–Raisen Rail Link,,,,,,,,awarded,,899/8,Itarsi,,,JTXKTHPZ2TAVWC,,,,VLG-001,Govindpur Kalan,,
parcel,PCL-0393,,1.13,,,22.734372,77.775806,,,,Narmadapuram,,,,,,,,,,,,"{""type"": ""Polygon"", ""coordinates"": [[[77.7755777, 22.735024], [77.7752326, 22.7344736], [77.7754917, 22.7340213], [77.7758997, 22.7339885], [77.7764719, 22.7342012], [77.7760682, 22.7346927], [77.7755777, 22.735024]]]}",,,,Agricultural,,,,,,,,,OWN-0443,PCL-0393,,,PRJ-003,Narmadapuram–Raisen Rail Link,,,,,,,,compensation_paid,,2/3,Itarsi,,,STKCQFYJXTB7NV,,,,VLG-009,Shivpura,,
parcel,PCL-0394,,0.76,,,23.381759,78.522733,,,,Raisen,,,,,,,,,,,,"{""type"": ""Polygon"", ""coordinates"": [[[78.5222691, 23.3818321], [78.5223595, 23.3813232], [78.5228216, 23.3813731], [78.5231871, 23.3816848], [78.5231516, 23.3821429], [78.5225994, 23.3820949], [78.5222691, 23.3818321]]]}",,,,Agricultural,,,,,,,,,OWN-0535,PCL-0394,,,PRJ-003,Narmadapuram–Raisen Rail Link,,,,,,,,proposed,,773/3,Silwani,,,W3TG4LRQL5BZ2T,,,,VLG-031,Jaypur Khurd,,
parcel,PCL-0395,,1.32,,,23.366806,78.588692,,,,Raisen,,,,,,,,,,,,"{""type"": ""Polygon"", ""coordinates"": [[[78.5890619, 23.3671479], [78.5886127, 23.3673519], [78.5881624, 23.3667517], [78.5885674, 23.3660977], [78.5890393, 23.3664897], [78.5890619, 23.3671479]]]}",,,,Residential,,,,,,,,,OWN-0093,PCL-0395,,,PRJ-003,Narmadapuram–Raisen Rail Link,,,,,,,,compensation_paid,,480/9,Silwani,,,KUK2ZXV4B4KRJ7,,,,VLG-035,Krishnapur Buzurg,,
parcel,PCL-0396,,0.74,,,23.657588,78.278376,,,,Raisen,,,,,,,,,,,,"{""type"": ""Polygon"", ""coordinates"": [[[78.2787109, 23.6574176], [78.278799, 23.6577713], [78.2783763, 23.6579153], [78.2779571, 23.6579214], [78.2779648, 23.6574811], [78.278042, 23.6571804], [78.2785504, 23.657146], [78.2787109, 23.6574176]]]}",,,,Mixed Use,,,,,,,,,OWN-0566,PCL-0396,,,PRJ-003,Narmadapuram–Raisen Rail Link,,,,,,,,proposed,,288/8,Begumganj,,,6WSE649WWNEC6P,,,,VLG-022,Mohanpur,,
parcel,PCL-0397,,0.29,,,22.544229,77.828471,,,,Narmadapuram,,,,,,,,,,,,"{""type"": ""Polygon"", ""coordinates"": [[[77.8287244, 22.544326], [77.828518, 22.544539], [77.828329, 22.544408], [77.828224, 22.5442221], [77.82825, 22.5440456], [77.8285041, 22.5439539], [77.8288127, 22.5440933], [77.8287244, 22.544326]]]}",,,,Residential,,,,,,,,,OWN-0409,PCL-0397,,,PRJ-003,Narmadapuram–Raisen Rail Link,,,,,,,,disputed_litigation,,82/3,Itarsi,,,R3GMHBXFGK2GJB,,,,VLG-001,Govindpur Kalan,,
parcel,PCL-0398,,1.52,,,23.432491,78.326128,,,,Raisen,,,,,,,,,,,,"{""type"": ""Polygon"", ""coordinates"": [[[78.3267884, 23.4325504], [78.3264922, 23.4330114], [78.3258995, 23.4331004], [78.32543, 23.4326602], [78.3256317, 23.4321898], [78.3261857, 23.4318117], [78.3267627, 23.432138], [78.3267884, 23.4325504]]]}",,,,Mixed Use,,,,,,,,,OWN-0466,PCL-0398,,,PRJ-003,Narmadapuram–Raisen Rail Link,,,,,,,,awarded,,944/1,Begumganj,,,RWC49W74QNXY6A,,,,VLG-030,Suryanagar Khurd,,
parcel,PCL-0399,,0.78,,,23.354561,78.582016,,,,Raisen,,,,,,,,,,,,"{""type"": ""Polygon"", ""coordinates"": [[[78.5823422, 23.3542909], [78.5823712, 23.3546292], [78.582142, 23.3549462], [78.5818288, 23.3548433], [78.5816584, 23.354669], [78.5816227, 23.3542549], [78.5820854, 23.3541884], [78.5823422, 23.3542909]]]}",,,,Agricultural,,,,,,,,,OWN-0287,PCL-0399,,,PRJ-003,Narmadapuram–Raisen Rail Link,,,,,,,,notified,,270/1,Silwani,,,VZPGEVEV8DGKQW,,,,VLG-035,Krishnapur Buzurg,,
parcel,PCL-0400,,1.26,,,22.724057,77.77967,,,,Narmadapuram,,,,,,,,,,,,"{""type"": ""Polygon"", ""coordinates"": [[[77.7797491, 22.7234039], [77.780233, 22.7236721], [77.780246, 22.7241946], [77.7798755, 22.7246328], [77.779337, 22.7246725], [77.779045, 22.7242665], [77.7790833, 22.7236831], [77.7797491, 22.7234039]]]}",,,,Barren,,,,,,,,,OWN-0437,PCL-0400,,,PRJ-003,Narmadapuram–Raisen Rail Link,,,,,,,,notified,,525/5,Itarsi,,,S48UBQ55VBE5PJ,,,,VLG-009,Shivpura,,
parcel,PCL-0401,,1.49,,,22.788336,77.961029,,,,Narmadapuram,,,,,,,,,,,,"{""type"": ""Polygon"", ""coordinates"": [[[77.9615652, 22.7877418], [77.9617227, 22.7885943], [77.9610301, 22.7890962], [77.9603035, 22.7884285], [77.9606454, 22.7878239], [77.9615652, 22.7877418]]]}",,,,Barren,,,,,,,,,OWN-0214,PCL-0401,,,PRJ-003,Narmadapuram–Raisen Rail Link,,,,,,,,possessed,,728/1,Sohagpur,,,JFXZVLQQMVF2ZE,,,,VLG-013,Harijpur Buzurg,,
parcel,PCL-0402,,1.92,,,22.784154,77.952188,,,,Narmadapuram,,,,,,,,,,,,"{""type"": ""Polygon"", ""coordinates"": [[[77.9522843, 22.7834709], [77.9528241, 22.7839533], [77.9527207, 22.7846396], [77.9520574, 22.7847166], [77.9513775, 22.7844349], [77.9516692, 22.7836159], [77.9522843, 22.7834709]]]}",,,,Agricultural,,,,,,,,,OWN-0643,PCL-0402,,,PRJ-003,Narmadapuram–Raisen Rail Link,,,,,,,,compensation_paid,,499/5,Sohagpur,,,H5E6AXALLEG3EU,,,,VLG-013,Harijpur Buzurg,,
parcel,PCL-0403,,2.38,,,22.726638,77.767562,,,,Narmadapuram,,,,,,,,,,,,"{""type"": ""Polygon"", ""coordinates"": [[[77.7667698, 22.7271131], [77.7667119, 22.7264383], [77.7674419, 22.7257266], [77.76824, 22.7260112], [77.7685364, 22.7268247], [77.767617, 22.7274339], [77.7667698, 22.7271131]]]}",,,,Barren,,,,,,,,,OWN-0653,PCL-0403,,,PRJ-003,Narmadapuram–Raisen Rail Link,,,,,,,,notified,,248/4,Itarsi,,,BK5YB2MHN4267H,,,,VLG-009,Shivpura,,
parcel,PCL-0404,,1.19,,,22.789394,78.018054,,,,Narmadapuram,,,,,,,,,,,,"{""type"": ""Polygon"", ""coordinates"": [[[78.0187249, 22.7895087], [78.0181373, 22.7898721], [78.0174069, 22.789728], [78.0174281, 22.7890715], [78.0181808, 22.7887969], [78.0187249, 22.7895087]]]}",,,,Agricultural,,,,,,,,,OWN-0276,PCL-0404,,,PRJ-003,Narmadapuram–Raisen Rail Link,,,,,,,,possessed,,629/9,Sohagpur,,,CEP65Q49YBG86E,,,,VLG-017,Ratangarh Khurd,,
parcel,PCL-0405,,1.94,,,23.656832,78.274886,,,,Raisen,,,,,,,,,,,,"{""type"": ""Polygon"", ""coordinates"": [[[78.2746854, 23.6573949], [78.274188, 23.6569303], [78.2742329, 23.6562358], [78.275187, 23.6562108], [78.2757698, 23.6565677], [78.2753064, 23.6571951], [78.2746854, 23.6573949]]]}",,,,Agricultural,,,,,,,,,OWN-0253,PCL-0405,,,PRJ-003,Narmadapuram–Raisen Rail Link,,,,,,,,disputed_litigation,,502/3,Begumganj,,,2PEY2XYLM962SF,,,,VLG-022,Mohanpur,,
parcel,PCL-0406,,0.23,,,23.319628,78.638806,,,,Raisen,,,,,,,,,,,,"{""type"": ""Polygon"", ""coordinates"": [[[78.6386302, 23.3198516], [78.6386136, 23.3196768], [78.6386463, 23.3194873], [78.6388612, 23.3193251], [78.6390835, 23.3194671], [78.6390753, 23.3196655], [78.6388996, 23.3198081], [78.6386302, 23.3198516]]]}",,,,Agricultural,,,,,,,,,OWN-0235,PCL-0406,,,PRJ-003,Narmadapuram–Raisen Rail Link,,,,,,,,possessed,,587/1,Silwani,,,V8RQESZT2FZ8UN,,,,VLG-032,Ratangarh Kalan,,
parcel,PCL-0407,,0.37,,,22.792792,77.9523,,,,Narmadapuram,,,,,,,,,,,,"{""type"": ""Polygon"", ""coordinates"": [[[77.9519097, 22.7927375], [77.9521822, 22.7925729], [77.9525019, 22.7925939], [77.9525891, 22.7928443], [77.9524351, 22.7931028], [77.9520935, 22.7930378], [77.9519097, 22.7927375]]]}",,,,Mixed Use,,,,,,,,,OWN-0542,PCL-0407,,,PRJ-003,Narmadapuram–Raisen Rail Link,,,,,,,,proposed,,824/6,Sohagpur,,,DDG8RFVPFWFESQ,,,,VLG-013,Harijpur Buzurg,,
parcel,PCL-0408,,1.65,,,23.353479,78.583236,,,,Raisen,,,,,,,,,,,,"{""type"": ""Polygon"", ""coordinates"": [[[78.5825096, 23.3535269], [78.5828459, 23.3528858], [78.5837622, 23.3530291], [78.5837257, 23.353732], [78.5829736, 23.3542151], [78.5825096, 23.3535269]]]}",,,,Agricultural,,,,,,,,,OWN-0562,PCL-0408,,,PRJ-003,Narmadapuram–Raisen Rail Link,,,,,,,,objections,,668/1,Silwani,,,K5NREZSMNA3CDM,,,,VLG-035,Krishnapur Buzurg,,
parcel,PCL-0409,,0.64,,,23.388781,78.521653,,,,Raisen,,,,,,,,,,,,"{""type"": ""Polygon"", ""coordinates"": [[[78.5214503, 23.3883713], [78.521956, 23.3883658], [78.5220281, 23.3886855], [78.5219716, 23.3889865], [78.5216697, 23.3891642], [78.5213692, 23.3889589], [78.5212605, 23.3887241], [78.5214503, 23.3883713]]]}",,,,Agricultural,,,,,,,,,OWN-0146,PCL-0409,,,PRJ-003,Narmadapuram–Raisen Rail Link,,,,,,,,awarded,,20/2,Silwani,,,35RPKJJJTCCWQJ,,,,VLG-031,Jaypur Khurd,,
parcel,PCL-0410,,0.61,,,23.511068,78.207882,,,,Raisen,,,,,,,,,,,,"{""type"": ""Polygon"", ""coordinates"": [[[78.208245, 23.5113257], [78.2078395, 23.5113676], [78.2075096, 23.511047], [78.2077364, 23.5107614], [78.2081377, 23.5108288], [78.208245, 23.5113257]]]}",,,,Agricultural,,,,,,,,,OWN-0186,PCL-0410,,,PRJ-003,Narmadapuram–Raisen Rail Link,,,,,,,,notified,,530/7,Begumganj,,,HPLRSX4UXJPVM3,,,,VLG-028,Suryanagar Buzurg,,
parcel,PCL-0411,,2.43,,,23.605605,78.353595,,,,Raisen,,,,,,,,,,,,"{""type"": ""Polygon"", ""coordinates"": [[[78.3539573, 23.6062875], [78.3531585, 23.6061122], [78.3526294, 23.6053267], [78.353816, 23.6049576], [78.3545199, 23.6055365], [78.3539573, 23.6062875]]]}",,,,Agricultural,,,,,,,,,OWN-0249,PCL-0411,,,PRJ-003,Narmadapuram–Raisen Rail Link,,,,,,,,awarded,,284/9,Begumganj,,,ZM8QY3FXM23ZXE,,,,VLG-024,Govindpur Khurd,,
parcel,PCL-0412,,2.32,,,23.354349,78.587098,,,,Raisen,,,,,,,,,,,,"{""type"": ""Polygon"", ""coordinates"": [[[78.5877242, 23.3537593], [78.5877783, 23.3546322], [78.5870407, 23.3552419], [78.5863926, 23.3544936], [78.5867636, 23.3535485], [78.5877242, 23.3537593]]]}",,,,Mixed Use,,,,,,,,,OWN-0453,PCL-0412,,,PRJ-003,Narmadapuram–Raisen Rail Link,,,,,,,,notified,,797/5,Silwani,,,35WQXP4JXRKUN2,,,,VLG-035,Krishnapur Buzurg,,
parcel,PCL-0413,,0.54,,,23.313427,78.636815,,,,Raisen,,,,,,,,,,,,"{""type"": ""Polygon"", ""coordinates"": [[[78.6365768, 23.313076], [78.6369894, 23.3131622], [78.6372963, 23.313564], [78.6368556, 23.3137372], [78.6364492, 23.3135366], [78.6365768, 23.313076]]]}",,,,Mixed Use,,,,,,,,,OWN-0440,PCL-0413,,,PRJ-003,Narmadapuram–Raisen Rail Link,,,,,,,,objections,,253/1,Silwani,,,4G3KU8RE4GYQFG,,,,VLG-032,Ratangarh Kalan,,
parcel,PCL-0414,,1.59,,,23.60615,78.346312,,,,Raisen,,,,,,,,,,,,"{""type"": ""Polygon"", ""coordinates"": [[[78.346332, 23.6066844], [78.3458455, 23.6063703], [78.345862, 23.6055388], [78.3468674, 23.6055355], [78.347039, 23.6062869], [78.346332, 23.6066844]]]}",,,,Agricultural,,,,,,,,,OWN-0568,PCL-0414,,,PRJ-003,Narmadapuram–Raisen Rail Link,,,,,,,,possessed,,926/1,Begumganj,,,J2TPHJHU3NV63M,,,,VLG-024,Govindpur Khurd,,
parcel,PCL-0415,,0.91,,,23.518156,78.203856,,,,Raisen,,,,,,,,,,,,"{""type"": ""Polygon"", ""coordinates"": [[[78.2040455, 23.5185472], [78.2036653, 23.5185196], [78.2033111, 23.5182584], [78.2033504, 23.5178583], [78.2038194, 23.5175902], [78.2042091, 23.5178737], [78.2044774, 23.5181764], [78.2040455, 23.5185472]]]}",,,,Barren,,,,,,,,,OWN-0681,PCL-0415,,,PRJ-003,Narmadapuram–Raisen Rail Link,,,,,,,,notified,,82/2,Begumganj,,,M42U7F46B4QPXQ,,,,VLG-028,Suryanagar Buzurg,,
parcel,PCL-0416,,0.2,,,22.627405,77.693015,,,,Narmadapuram,,,,,,,,,,,,"{""type"": ""Polygon"", ""coordinates"": [[[77.6930624, 22.6272332], [77.6932217, 22.6273657], [77.6932125, 22.6275856], [77.6929989, 22.6276639], [77.6928239, 22.6274819], [77.6928887, 22.627255], [77.6930624, 22.6272332]]]}",,,,Agricultural,,,,,,,,,OWN-0430,PCL-0416,,,PRJ-003,Narmadapuram–Raisen Rail Link,,,,,,,,possessed,,854/8,Itarsi,,,PTGUCSFDE59PCE,,,,VLG-005,Ratangarh,,
parcel,PCL-0417,,0.36,,,22.554819,77.825272,,,,Narmadapuram,,,,,,,,,,,,"{""type"": ""Polygon"", ""coordinates"": [[[77.8250792, 22.5545399], [77.8253662, 22.5546089], [77.8256364, 22.5546597], [77.8256449, 22.5549657], [77.8253642, 22.5551216], [77.8249684, 22.555051], [77.8249682, 22.5547555], [77.8250792, 22.5545399]]]}",,,,Agricultural,,,,,,,,,OWN-0034,PCL-0417,,,PRJ-003,Narmadapuram–Raisen Rail Link,,,,,,,,awarded,,766/2,Itarsi,,,CRUKHNSXVSKDPW,,,,VLG-001,Govindpur Kalan,,
parcel,PCL-0418,,1.33,,,22.634812,77.68845,,,,Narmadapuram,,,,,,,,,,,,"{""type"": ""Polygon"", ""coordinates"": [[[77.6890397, 22.6352906], [77.6886126, 22.6355182], [77.6881073, 22.6351271], [77.6879754, 22.6346971], [77.68824, 22.6344068], [77.6886455, 22.6343588], [77.689095, 22.6345455], [77.6890397, 22.6352906]]]}",,,,Mixed Use,,,,,,,,,OWN-0317,PCL-0418,,,PRJ-003,Narmadapuram–Raisen Rail Link,,,,,,,,disputed_litigation,,949/1,Itarsi,,,JV7ALFUFHJ7VWJ,,,,VLG-005,Ratangarh,,
parcel,PCL-0419,,0.32,,,22.785798,78.027068,,,,Narmadapuram,,,,,,,,,,,,"{""type"": ""Polygon"", ""coordinates"": [[[78.0267617, 22.7858395], [78.0268658, 22.7855957], [78.0271742, 22.7855741], [78.0273053, 22.785788], [78.0272238, 22.7860463], [78.0269696, 22.7860036], [78.0267617, 22.7858395]]]}",,,,Mixed Use,,,,,,,,,OWN-0126,PCL-0419,,,PRJ-003,Narmadapuram–Raisen Rail Link,,,,,,,,possessed,,802/5,Sohagpur,,,LRKHYUDERFXPXD,,,,VLG-017,Ratangarh Khurd,,
parcel,PCL-0420,,2.02,,,23.308749,78.652003,,,,Raisen,,,,,,,,,,,,"{""type"": ""Polygon"", ""coordinates"": [[[78.651443, 23.3091595], [78.6514014, 23.3084085], [78.6523397, 23.3081004], [78.6526002, 23.3087359], [78.6522842, 23.3093623], [78.651443, 23.3091595]]]}",,,,Residential,,,,,,,,,OWN-0067,PCL-0420,,,PRJ-003,Narmadapuram–Raisen Rail Link,,,,,,,,awarded,,957/8,Silwani,,,TY52UQDBZGX56Y,,,,VLG-032,Ratangarh Kalan,,
parcel,PCL-0421,,0.7,,,22.694233,77.772997,,,,Narmadapuram,,,,,,,,,,,,"{""type"": ""Polygon"", ""coordinates"": [[[77.7732474, 22.6938383], [77.7733625, 22.6942942], [77.7730093, 22.6947184], [77.7725981, 22.6943678], [77.7726387, 22.6938409], [77.7732474, 22.6938383]]]}",,,,Residential,,,,,,,,,OWN-0680,PCL-0421,,,PRJ-003,Narmadapuram–Raisen Rail Link,,,,,,,,awarded,,44/2,Itarsi,,,UTHQA24MSC6GAA,,,,VLG-010,Harijpur Kalan,,
parcel,PCL-0422,,1.29,,,23.427171,78.319538,,,,Raisen,,,,,,,,,,,,"{""type"": ""Polygon"", ""coordinates"": [[[78.3200249, 23.4271856], [78.3198704, 23.4275155], [78.3193206, 23.4275952], [78.3190488, 23.427204], [78.3190968, 23.4266374], [78.3197116, 23.4267093], [78.3200249, 23.4271856]]]}",,,,Agricultural,,,,,,,,,OWN-0186,PCL-0422,,,PRJ-003,Narmadapuram–Raisen Rail Link,,,,,,,,awarded,,180/9,Begumganj,,,KUAT8WKNYVCATF,,,,VLG-030,Suryanagar Khurd,,
parcel,PCL-0423,,2.28,,,22.79214,78.015467,,,,Narmadapuram,,,,,,,,,,,,"{""type"": ""Polygon"", ""coordinates"": [[[78.0154672, 22.7927349], [78.014873, 22.7925031], [78.0148288, 22.7914523], [78.0159148, 22.791593], [78.0164205, 22.7922407], [78.0154672, 22.7927349]]]}",,,,Agricultural,,,,,,,,,OWN-0150,PCL-0423,,,PRJ-003,Narmadapuram–Raisen Rail Link,,,,,,,,awarded,,169/9,Sohagpur,,,JA5UHZ9C7RBJBE,,,,VLG-017,Ratangarh Khurd,,
parcel,PCL-0424,,0.4,,,23.250753,78.659246,,,,Raisen,,,,,,,,,,,,"{""type"": ""Polygon"", ""coordinates"": [[[78.6593069, 23.2510378], [78.6588867, 23.2509244], [78.6588662, 23.2505708], [78.6592771, 23.2504763], [78.6595229, 23.2505857], [78.6595991, 23.2509139], [78.6593069, 23.2510378]]]}",,,,Residential,,,,,,,,,OWN-0564,PCL-0424,,,PRJ-003,Narmadapuram–Raisen Rail Link,,,,,,,,compensation_paid,,38/3,Silwani,,,FQB2QY9BQ7HKGQ,,,,VLG-040,Devipura Buzurg,,
parcel,PCL-0425,,2.2,,,23.309801,78.647652,,,,Raisen,,,,,,,,,,,,"{""type"": ""Polygon"", ""coordinates"": [[[78.6479989, 23.309085], [78.6483915, 23.3098521], [78.647828, 23.310468], [78.6469825, 23.3101309], [78.6470134, 23.3092067], [78.6479989, 23.309085]]]}",,,,Mixed Use,,,,,,,,,OWN-0285,PCL-0425,,,PRJ-003,Narmadapuram–Raisen Rail Link,,,,,,,,proposed,,192/1,Silwani,,,45DVYK5A2ED2X4,,,,VLG-032,Ratangarh Kalan,,
parcel,PCL-0426,,0.78,,,22.728219,77.775562,,,,Narmadapuram,,,,,,,,,,,,"{""type"": ""Polygon"", ""coordinates"": [[[77.7759832, 22.728411], [77.7755348, 22.7285965], [77.7751938, 22.7282361], [77.7753715, 22.7277933], [77.7758283, 22.727933], [77.7759832, 22.728411]]]}",,,,Residential,,,,,,,,,OWN-0288,PCL-0426,,,PRJ-003,Narmadapuram–Raisen Rail Link,,,,,,,,proposed,,200/8,Itarsi,,,3L3UTV79MWAUMR,,,,VLG-009,Shivpura,,
parcel,PCL-0427,,2.71,,,23.655181,78.273086,,,,Raisen,,,,,,,,,,,,"{""type"": ""Polygon"", ""coordinates"": [[[78.2731095, 23.6543683], [78.2737576, 23.654964], [78.2735155, 23.6557792], [78.2723543, 23.6557533], [78.2723107, 23.6549141], [78.2731095, 23.6543683]]]}",,,,Residential,,,,,,,,,OWN-0599,PCL-0427,,,PRJ-003,Narmadapuram–Raisen Rail Link,,,,,,,,disputed_litigation,,951/1,Begumganj,,,2M92ALTLZ6DRPQ,,,,VLG-022,Mohanpur,,
parcel,PCL-0428,,1.9,,,23.660004,78.275978,,,,Raisen,,,,,,,,,,,,"{""type"": ""Polygon"", ""coordinates"": [[[78.2762729, 23.6604667], [78.2753968, 23.6606844], [78.2752641, 23.6600268], [78.2756676, 23.65958], [78.2765166, 23.6594532], [78.2769123, 23.6600509], [78.2762729, 23.6604667]]]}",,,,Agricultural,,,,,,,,,OWN-0615,PCL-0428,,,PRJ-003,Narmadapuram–Raisen Rail Link,,,,,,,,compensation_paid,,93/8,Begumganj,,,LG9ULJJBVF47MH,,,,VLG-022,Mohanpur,,
parcel,PCL-0429,,0.8,,,23.515374,78.204419,,,,Raisen,,,,,,,,,,,,"{""type"": ""Polygon"", ""coordinates"": [[[78.2044933, 23.5159078], [78.2040591, 23.5158469], [78.2038571, 23.5153306], [78.2042202, 23.515067], [78.2044602, 23.5150097], [78.2048242, 23.5151003], [78.2048013, 23.5156006], [78.2044933, 23.5159078]]]}",,,,Agricultural,,,,,,,,,OWN-0047,PCL-0429,,,PRJ-003,Narmadapuram–Raisen Rail Link,,,,,,,,notified,,429/2,Begumganj,,,DGRRPZQ99FDADB,,,,VLG-028,Suryanagar Buzurg,,
parcel,PCL-0430,,1.79,,,22.78396,78.016758,,,,Narmadapuram,,,,,,,,,,,,"{""type"": ""Polygon"", ""coordinates"": [[[78.0171303, 22.7846381], [78.0161145, 22.784426], [78.015982, 22.7836772], [78.0168844, 22.7832539], [78.0174459, 22.7837827], [78.0171303, 22.7846381]]]}",,,,Mixed Use,,,,,,,,,OWN-0147,PCL-0430,,,PRJ-003,Narmadapuram–Raisen Rail Link,,,,,,,,possessed,,233/1,Sohagpur,,,UYPJQF277EUX2U,,,,VLG-017,Ratangarh Khurd,,
parcel,PCL-0431,,0.94,,,22.78256,78.015065,,,,Narmadapuram,,,,,,,,,,,,"{""type"": ""Polygon"", ""coordinates"": [[[78.0155419, 22.7829098], [78.0150852, 22.7830824], [78.0144746, 22.782829], [78.014432, 22.7823446], [78.0148645, 22.7821282], [78.0152547, 22.7822342], [78.0155703, 22.7824323], [78.0155419, 22.7829098]]]}",,,,Mixed Use,,,,,,,,,OWN-0429,PCL-0431,,,PRJ-003,Narmadapuram–Raisen Rail Link,,,,,,,,possessed,,69/3,Sohagpur,,,BLFW8D4EDKJREH,,,,VLG-017,Ratangarh Khurd,,
parcel,PCL-0432,,1.92,,,23.358943,78.5922,,,,Raisen,,,,,,,,,,,,"{""type"": ""Polygon"", ""coordinates"": [[[78.5916908, 23.3584577], [78.5923392, 23.3583988], [78.5929155, 23.3587101], [78.5927438, 23.3594838], [78.5921157, 23.3594975], [78.5914338, 23.3590307], [78.5916908, 23.3584577]]]}",,,,Agricultural,,,,,,,,,OWN-0525,PCL-0432,,,PRJ-003,Narmadapuram–Raisen Rail Link,,,,,,,,notified,,377/7,Silwani,,,Q9FFUKVNBCBR7X,,,,VLG-035,Krishnapur Buzurg,,
parcel,PCL-0433,,2.28,,,23.317018,78.644938,,,,Raisen,,,,,,,,,,,,"{""type"": ""Polygon"", ""coordinates"": [[[78.6446519, 23.3164647], [78.6456487, 23.316541], [78.6457066, 23.3176017], [78.6447381, 23.3176311], [78.6440021, 23.3168581], [78.6446519, 23.3164647]]]}",,,,Agricultural,,,,,,,,,OWN-0265,PCL-0433,,,PRJ-003,Narmadapuram–Raisen Rail Link,,,,,,,,awarded,,106/8,Silwani,,,N94XEXPJCGGTB2,,,,VLG-032,Ratangarh Kalan,,
parcel,PCL-0434,,2.13,,,23.653281,78.276949,,,,Raisen,,,,,,,,,,,,"{""type"": ""Polygon"", ""coordinates"": [[[78.2776874, 23.6526976], [78.2778825, 23.6534177], [78.2772766, 23.6541762], [78.2764945, 23.6538136], [78.2760215, 23.6529564], [78.2766439, 23.6524486], [78.2776874, 23.6526976]]]}",,,,Mixed Use,,,,,,,,,OWN-0322,PCL-0434,,,PRJ-003,Narmadapuram–Raisen Rail Link,,,,,,,,compensation_paid,,953/7,Begumganj,,,84S6U5LLTUZHBV,,,,VLG-022,Mohanpur,,
parcel,PCL-0435,,0.5,,,23.51549,78.201416,,,,Raisen,,,,,,,,,,,,"{""type"": ""Polygon"", ""coordinates"": [[[78.2017734, 23.5154191], [78.2015767, 23.5158942], [78.2011626, 23.5158063], [78.2010389, 23.5152668], [78.2015185, 23.5150661], [78.2017734, 23.5154191]]]}",,,,Agricultural,,,,,,,,,OWN-0184,PCL-0435,,,PRJ-003,Narmadapuram–Raisen Rail Link,,,,,,,,compensation_paid,,612/4,Begumganj,,,WB6PSTJEJHV5ZA,,,,VLG-028,Suryanagar Buzurg,,
parcel,PCL-0436,,2.38,,,23.658285,78.27518,,,,Raisen,,,,,,,,,,,,"{""type"": ""Polygon"", ""coordinates"": [[[78.2762021, 23.6582523], [78.2758018, 23.6589408], [78.2751412, 23.6589978], [78.2744254, 23.6587102], [78.2745742, 23.6580009], [78.2747971, 23.6575761], [78.2755623, 23.6578155], [78.2762021, 23.6582523]]]}",,,,Mixed Use,,,,,,,,,OWN-0236,PCL-0436,,,PRJ-003,Narmadapuram–Raisen Rail Link,,,,,,,,proposed,,666/9,Begumganj,,,JFU6KRN6KDTWE3,,,,VLG-022,Mohanpur,,
parcel,PCL-0437,,2.32,,,22.692463,77.774421,,,,Narmadapuram,,,,,,,,,,,,"{""type"": ""Polygon"", ""coordinates"": [[[77.7737814, 22.6917534], [77.7747966, 22.691627], [77.7750056, 22.6923223], [77.7749451, 22.6928437], [77.7741605, 22.6930361], [77.773431, 22.6925706], [77.7737814, 22.6917534]]]}",,,,Residential,,,,,,,,,OWN-0693,PCL-0437,,,PRJ-003,Narmadapuram–Raisen Rail Link,,,,,,,,possessed,,531/5,Itarsi,,,TJ2SPPP562BL39,,,,VLG-010,Harijpur Kalan,,
parcel,PCL-0438,,1.95,,,22.788516,78.022997,,,,Narmadapuram,,,,,,,,,,,,"{""type"": ""Polygon"", ""coordinates"": [[[78.0223329, 22.7878931], [78.0234367, 22.787761], [78.0235548, 22.7884475], [78.023468, 22.7892732], [78.022759, 22.789278], [78.0221191, 22.7887869], [78.0223329, 22.7878931]]]}",,,,Agricultural,,,,,,,,,OWN-0637,PCL-0438,,,PRJ-003,Narmadapuram–Raisen Rail Link,,,,,,,,notified,,379/2,Sohagpur,,,PZDAEGXU3H8YDD,,,,VLG-017,Ratangarh Khurd,,
parcel,PCL-0439,,2.23,,,22.551294,77.828364,,,,Narmadapuram,,,,,,,,,,,,"{""type"": ""Polygon"", ""coordinates"": [[[77.8289798, 22.5513735], [77.8287227, 22.5518653], [77.8281376, 22.5519795], [77.8276212, 22.5513538], [77.8276453, 22.5506892], [77.8282696, 22.5504849], [77.8289332, 22.5507403], [77.8289798, 22.5513735]]]}",,,,Barren,,,,,,,,,OWN-0318,PCL-0439,,,PRJ-003,Narmadapuram–Raisen Rail Link,,,,,,,,notified,,470/6,Itarsi,,,YDNCAG3W2U6H96,,,,VLG-001,Govindpur Kalan,,
parcel,PCL-0440,,0.2,,,23.246573,78.671113,,,,Raisen,,,,,,,,,,,,"{""type"": ""Polygon"", ""coordinates"": [[[78.6713352, 23.2464335], [78.6713399, 23.2466925], [78.6710321, 23.246806], [78.6708431, 23.2466165], [78.6710371, 23.2464103], [78.6713352, 23.2464335]]]}",,,,Residential,,,,,,,,,OWN-0399,PCL-0440,,,PRJ-003,Narmadapuram–Raisen Rail Link,,,,,,,,awarded,,435/9,Silwani,,,5HF826YNNL4E8C,,,,VLG-040,Devipura Buzurg,,
parcel,PCL-0441,,2.61,,,22.795984,77.953565,,,,Narmadapuram,,,,,,,,,,,,"{""type"": ""Polygon"", ""coordinates"": [[[77.9529473, 22.7966607], [77.9527939, 22.7957486], [77.9536604, 22.7950751], [77.9543199, 22.7958847], [77.9539144, 22.7969752], [77.9529473, 22.7966607]]]}",,,,Mixed Use,,,,,,,,,OWN-0608,PCL-0441,,,PRJ-003,Narmadapuram–Raisen Rail Link,,,,,,,,awarded,,789/9,Sohagpur,,,LUL23KG78XCEXT,,,,VLG-013,Harijpur Buzurg,,
parcel,PCL-0442,,1.69,,,22.689433,77.777216,,,,Narmadapuram,,,,,,,,,,,,"{""type"": ""Polygon"", ""coordinates"": [[[77.77786, 22.6895173], [77.7775394, 22.6901524], [77.776592, 22.6899175], [77.7766258, 22.6890236], [77.7774594, 22.6889105], [77.77786, 22.6895173]]]}",,,,Residential,,,,,,,,,OWN-0380,PCL-0442,,,PRJ-003,Narmadapuram–Raisen Rail Link,,,,,,,,proposed,,831/1,Itarsi,,,LWJZV5GRA7NA8J,,,,VLG-010,Harijpur Kalan,,
parcel,PCL-0443,,0.12,,,23.439616,78.318044,,,,Raisen,,,,,,,,,,,,"{""type"": ""Polygon"", ""coordinates"": [[[78.3182225, 23.4394699], [78.3182294, 23.4396423], [78.3181536, 23.4398114], [78.3180112, 23.4398269], [78.3179028, 23.4396706], [78.3178418, 23.4395447], [78.3180149, 23.4394008], [78.3182225, 23.4394699]]]}",,,,Agricultural,,,,,,,,,OWN-0618,PCL-0443,,,PRJ-003,Narmadapuram–Raisen Rail Link,,,,,,,,notified,,63/1,Begumganj,,,6FKEDKTKNUU9PD,,,,VLG-030,Suryanagar Khurd,,
parcel,PCL-0444,,2.01,,,22.793537,78.025653,,,,Narmadapuram,,,,,,,,,,,,"{""type"": ""Polygon"", ""coordinates"": [[[78.0264619, 22.7933603], [78.0260444, 22.7942556], [78.0254102, 22.7940569], [78.0248181, 22.7935864], [78.025161, 22.7930522], [78.0259767, 22.7929508], [78.0264619, 22.7933603]]]}",,,,Residential,,,,,,,,,OWN-0467,PCL-0444,,,PRJ-003,Narmadapuram–Raisen Rail Link,,,,,,,,objections,,417/5,Sohagpur,,,C2RNUTBBZKLUJ2,,,,VLG-017,Ratangarh Khurd,,
parcel,PCL-0445,,1.16,,,22.792444,78.024453,,,,Narmadapuram,,,,,,,,,,,,"{""type"": ""Polygon"", ""coordinates"": [[[78.0246399, 22.7929878], [78.024182, 22.7928397], [78.0240273, 22.7925067], [78.0238864, 22.7921388], [78.0244607, 22.791977], [78.0247738, 22.7921354], [78.0250723, 22.7925873], [78.0246399, 22.7929878]]]}",,,,Agricultural,,,,,,,,,OWN-0337,PCL-0445,,,PRJ-003,Narmadapuram–Raisen Rail Link,,,,,,,,proposed,,39/2,Sohagpur,,,CE3K4ABCJ3YPS7,,,,VLG-017,Ratangarh Khurd,,
parcel,PCL-0446,,1.42,,,23.319556,78.644792,,,,Raisen,,,,,,,,,,,,"{""type"": ""Polygon"", ""coordinates"": [[[78.6444828, 23.3201698], [78.6439913, 23.3195064], [78.6447096, 23.3190912], [78.6453646, 23.3192783], [78.6452589, 23.3198512], [78.6444828, 23.3201698]]]}",,,,Agricultural,,,,,,,,,OWN-0518,PCL-0446,,,PRJ-003,Narmadapuram–Raisen Rail Link,,,,,,,,notified,,947/7,Silwani,,,2URKBPF9J45ZKK,,,,VLG-032,Ratangarh Kalan,,
parcel,PCL-0447,,1.66,,,22.700444,77.771241,,,,Narmadapuram,,,,,,,,,,,,"{""type"": ""Polygon"", ""coordinates"": [[[77.7718005, 22.7004058], [77.7716829, 22.7010931], [77.7705965, 22.7008815], [77.7708173, 22.7001694], [77.7713486, 22.6999653], [77.7718005, 22.7004058]]]}",,,,Agricultural,,,,,,,,,OWN-0387,PCL-0447,,,PRJ-003,Narmadapuram–Raisen Rail Link,,,,,,,,objections,,809/1,Itarsi,,,WFBXTPK9H3NDNR,,,,VLG-010,Harijpur Kalan,,
parcel,PCL-0448,,2.55,,,22.692236,77.782558,,,,Narmadapuram,,,,,,,,,,,,"{""type"": ""Polygon"", ""coordinates"": [[[77.7827811, 22.6913079], [77.7830472, 22.6918267], [77.7834134, 22.6925524], [77.7828842, 22.6930339], [77.7821773, 22.6929917], [77.781579, 22.6923613], [77.7820475, 22.6916879], [77.7827811, 22.6913079]]]}",,,,Agricultural,,,,,,,,,OWN-0046,PCL-0448,,,PRJ-003,Narmadapuram–Raisen Rail Link,,,,,,,,possessed,,178/9,Itarsi,,,QXTEXMDQDSQ645,,,,VLG-010,Harijpur Kalan,,
parcel,PCL-0449,,2.33,,,22.730847,77.769211,,,,Narmadapuram,,,,,,,,,,,,"{""type"": ""Polygon"", ""coordinates"": [[[77.7698327, 22.7309976], [77.7695255, 22.7316455], [77.7689902, 22.7313968], [77.7682154, 22.7310052], [77.7684268, 22.7303206], [77.7692841, 22.7298675], [77.7700095, 22.7302895], [77.7698327, 22.7309976]]]}",,,,Agricultural,,,,,,,,,OWN-0226,PCL-0449,,,PRJ-003,Narmadapuram–Raisen Rail Link,,,,,,,,possessed,,76/2,Itarsi,,,CYPRA59N6UJGHV,,,,VLG-009,Shivpura,,
parcel,PCL-0450,,1.32,,,23.524956,78.205419,,,,Raisen,,,,,,,,,,,,"{""type"": ""Polygon"", ""coordinates"": [[[78.2059219, 23.524475], [78.2061613, 23.5248886], [78.2058488, 23.5254653], [78.2053403, 23.525532], [78.2047176, 23.5252618], [78.2048624, 23.5246471], [78.2054041, 23.5244032], [78.2059219, 23.524475]]]}",,,,Barren,,,,,,,,,OWN-0558,PCL-0450,,,PRJ-003,Narmadapuram–Raisen Rail Link,,,,,,,,notified,,539/6,Begumganj,,,BF3L73MLM5556A,,,,VLG-028,Suryanagar Buzurg,,
parcel,PCL-0451,,2.09,,,22.788773,78.018616,,,,Narmadapuram,,,,,,,,,,,,"{""type"": ""Polygon"", ""coordinates"": [[[78.0192663, 22.7886963], [78.018977, 22.7894724], [78.0181615, 22.7893927], [78.0178377, 22.7887928], [78.0182541, 22.7882423], [78.0189273, 22.7880829], [78.0192663, 22.7886963]]]}",,,,Agricultural,,,,,,,,,OWN-0350,PCL-0451,,,PRJ-003,Narmadapuram–Raisen Rail Link,,,,,,,,notified,,638/8,Sohagpur,,,87K5W92UBNZBWB,,,,VLG-017,Ratangarh Khurd,,
parcel,PCL-0452,,2.83,,,22.794855,78.015869,,,,Narmadapuram,,,,,,,,,,,,"{""type"": ""Polygon"", ""coordinates"": [[[78.0165681, 22.7944313], [78.0165008, 22.7952495], [78.0157452, 22.795855], [78.0147116, 22.7948751], [78.0155165, 22.7941201], [78.0165681, 22.7944313]]]}",,,,Barren,,,,,,,,,OWN-0548,PCL-0452,,,PRJ-003,Narmadapuram–Raisen Rail Link,,,,,,,,compensation_paid,,546/8,Sohagpur,,,FHV5CDZCAMSTM6,,,,VLG-017,Ratangarh Khurd,,
parcel,PCL-0453,,2.68,,,23.433705,78.316156,,,,Raisen,,,,,,,,,,,,"{""type"": ""Polygon"", ""coordinates"": [[[78.3154633, 23.4329893], [78.3164794, 23.4331765], [78.317251, 23.433732], [78.3162893, 23.4342956], [78.3153779, 23.4340166], [78.3154633, 23.4329893]]]}",,,,Agricultural,,,,,,,,,OWN-0506,PCL-0453,,,PRJ-003,Narmadapuram–Raisen Rail Link,,,,,,,,disputed_litigation,,282/3,Begumganj,,,B3YKMLQN4PHB2L,,,,VLG-030,Suryanagar Khurd,,
parcel,PCL-0454,,2.37,,,23.377806,78.521587,,,,Raisen,,,,,,,,,,,,"{""type"": ""Polygon"", ""coordinates"": [[[78.5220793, 23.3769627], [78.5223938, 23.3779037], [78.5219004, 23.3786734], [78.520975, 23.3781646], [78.5209608, 23.3771365], [78.5220793, 23.3769627]]]}",,,,Residential,,,,,,,,,OWN-0026,PCL-0454,,,PRJ-003,Narmadapuram–Raisen Rail Link,,,,,,,,notified,,715/6,Silwani,,,9FTV3Z49SD29PZ,,,,VLG-031,Jaypur Khurd,,
parcel,PCL-0455,,0.83,,,23.240852,78.660741,,,,Raisen,,,,,,,,,,,,"{""type"": ""Polygon"", ""coordinates"": [[[78.6611912, 23.2410121], [78.6608653, 23.2413087], [78.6604272, 23.241162], [78.6603255, 23.2408156], [78.6604861, 23.2405254], [78.660778, 23.2404437], [78.6611337, 23.2406986], [78.6611912, 23.2410121]]]}",,,,Agricultural,,,,,,,,,OWN-0362,PCL-0455,,,PRJ-003,Narmadapuram–Raisen Rail Link,,,,,,,,possessed,,671/9,Silwani,,,5L49P53VWRKB78,,,,VLG-040,Devipura Buzurg,,
parcel,PCL-0456,,1.47,,,22.553618,77.834444,,,,Narmadapuram,,,,,,,,,,,,"{""type"": ""Polygon"", ""coordinates"": [[[77.8344036, 22.5542837], [77.8338135, 22.553913], [77.8337137, 22.5533447], [77.834372, 22.5530963], [77.8350335, 22.55339], [77.8349692, 22.553895], [77.8344036, 22.5542837]]]}",,,,Agricultural,,,,,,,,,OWN-0365,PCL-0456,,,PRJ-003,Narmadapuram–Raisen Rail Link,,,,,,,,awarded,,25/5,Itarsi,,,WDZCMT37LAD7NT,,,,VLG-001,Govindpur Kalan,,
parcel,PCL-0457,,1.85,,,23.59942,78.346302,,,,Raisen,,,,,,,,,,,,"{""type"": ""Polygon"", ""coordinates"": [[[78.3455675, 23.5995488], [78.3455109, 23.5989362], [78.346403, 23.5986841], [78.3471105, 23.5992799], [78.3466498, 23.5998028], [78.3461861, 23.5999159], [78.3455675, 23.5995488]]]}",,,,Agricultural,,,,,,,,,OWN-0344,PCL-0457,,,PRJ-003,Narmadapuram–Raisen Rail Link,,,,,,,,objections,,573/6,Begumganj,,,HYCJAVXBMGVPXQ,,,,VLG-024,Govindpur Khurd,,
parcel,PCL-0458,,2.74,,,23.662786,78.280545,,,,Raisen,,,,,,,,,,,,"{""type"": ""Polygon"", ""coordinates"": [[[78.2801196, 23.6621929], [78.2809798, 23.6618604], [78.2812894, 23.6626661], [78.2813078, 23.663421], [78.2806749, 23.6634457], [78.2797889, 23.6633202], [78.2794458, 23.6626779], [78.2801196, 23.6621929]]]}",,,,Agricultural,,,,,,,,,OWN-0190,PCL-0458,,,PRJ-003,Narmadapuram–Raisen Rail Link,,,,,,,,objections,,907/8,Begumganj,,,SK52MYHDZ9QNYY,,,,VLG-022,Mohanpur,,
parcel,PCL-0459,,2.87,,,22.792387,77.95228,,,,Narmadapuram,,,,,,,,,,,,"{""type"": ""Polygon"", ""coordinates"": [[[77.9526824, 22.7915463], [77.9531192, 22.7924011], [77.9527431, 22.7932224], [77.9515306, 22.7927573], [77.9513817, 22.7918597], [77.9526824, 22.7915463]]]}",,,,Agricultural,,,,,,,,,OWN-0465,PCL-0459,,,PRJ-003,Narmadapuram–Raisen Rail Link,,,,,,,,notified,,716/1,Sohagpur,,,4J8MG47NR6S2GJ,,,,VLG-013,Harijpur Buzurg,,
parcel,PCL-0460,,1.02,,,23.524384,78.209701,,,,Raisen,,,,,,,,,,,,"{""type"": ""Polygon"", ""coordinates"": [[[78.2096797, 23.5239679], [78.2101354, 23.5239063], [78.2102346, 23.5243514], [78.2100305, 23.5248062], [78.2095248, 23.5249544], [78.2092888, 23.5245531], [78.209102, 23.5240634], [78.2096797, 23.5239679]]]}",,,,Residential,,,,,,,,,OWN-0240,PCL-0460,,,PRJ-003,Narmadapuram–Raisen Rail Link,,,,,,,,objections,,86/7,Begumganj,,,RBRXE59DVXCXKJ,,,,VLG-028,Suryanagar Buzurg,,
parcel,PCL-0461,,2.2,,,22.793294,78.018496,,,,Narmadapuram,,,,,,,,,,,,"{""type"": ""Polygon"", ""coordinates"": [[[78.0191716, 22.7931866], [78.0189963, 22.7940551], [78.0180046, 22.7939232], [78.0178435, 22.7929968], [78.018426, 22.7923612], [78.0191716, 22.7931866]]]}",,,,Mixed Use,,,,,,,,,OWN-0666,PCL-0461,,,PRJ-003,Narmadapuram–Raisen Rail Link,,,,,,,,compensation_paid,,156/1,Sohagpur,,,KZR3VZCKMRGRSJ,,,,VLG-017,Ratangarh Khurd,,
parcel,PCL-0462,,2.32,,,22.787697,77.955472,,,,Narmadapuram,,,,,,,,,,,,"{""type"": ""Polygon"", ""coordinates"": [[[77.9548268, 22.7873302], [77.9555171, 22.7868189], [77.9560398, 22.7873294], [77.9564694, 22.7877851], [77.9558521, 22.788286], [77.9550908, 22.78844], [77.9545412, 22.7879672], [77.9548268, 22.7873302]]]}",,,,Mixed Use,,,,,,,,,OWN-0669,PCL-0462,,,PRJ-003,Narmadapuram–Raisen Rail Link,,,,,,,,possessed,,877/3,Sohagpur,,,88HGWB4KH7J2XE,,,,VLG-013,Harijpur Buzurg,,
parcel,PCL-0463,,2.59,,,22.735829,77.771233,,,,Narmadapuram,,,,,,,,,,,,"{""type"": ""Polygon"", ""coordinates"": [[[77.7708851, 22.7353077], [77.771797, 22.7353728], [77.7718314, 22.7361883], [77.7710418, 22.7365058], [77.7705603, 22.7358714], [77.7708851, 22.7353077]]]}",,,,Agricultural,,,,,,,,,OWN-0224,PCL-0463,,,PRJ-003,Narmadapuram–Raisen Rail Link,,,,,,,,objections,,696/8,Itarsi,,,58HBYJ69A6UYFZ,,,,VLG-009,Shivpura,,
parcel,PCL-0464,,0.84,,,23.374812,78.518404,,,,Raisen,,,,,,,,,,,,"{""type"": ""Polygon"", ""coordinates"": [[[78.5188713, 23.3748691], [78.5184776, 23.3752038], [78.5179582, 23.3750877], [78.5180035, 23.3744326], [78.5185341, 23.3744042], [78.5188713, 23.3748691]]]}",,,,Residential,,,,,,,,,OWN-0609,PCL-0464,,,PRJ-003,Narmadapuram–Raisen Rail Link,,,,,,,,proposed,,324/9,Silwani,,,363DRDTAPT47YV,,,,VLG-031,Jaypur Khurd,,
parcel,PCL-0465,,1.66,,,22.62955,77.688945,,,,Narmadapuram,,,,,,,,,,,,"{""type"": ""Polygon"", ""coordinates"": [[[77.6884099, 22.6294903], [77.6886952, 22.6289203], [77.6892982, 22.6291283], [77.6897475, 22.629628], [77.689182, 22.6300656], [77.6885741, 22.629924], [77.6884099, 22.6294903]]]}",,,,Agricultural,,,,,,,,,OWN-0153,PCL-0465,,,PRJ-003,Narmadapuram–Raisen Rail Link,,,,,,,,objections,,3/2,Itarsi,,,RLZRMCNE2H4Q4A,,,,VLG-005,Ratangarh,,
parcel,PCL-0466,,1.74,,,22.540438,77.829949,,,,Narmadapuram,,,,,,,,,,,,"{""type"": ""Polygon"", ""coordinates"": [[[77.8292898, 22.5405751], [77.8292655, 22.5400112], [77.8300285, 22.5398466], [77.8305456, 22.5400718], [77.8304726, 22.540515], [77.830241, 22.5409486], [77.8294645, 22.5410693], [77.8292898, 22.5405751]]]}",,,,Barren,,,,,,,,,OWN-0010,PCL-0466,,,PRJ-003,Narmadapuram–Raisen Rail Link,,,,,,,,possessed,,468/2,Itarsi,,,5RTZBWGMP7AZFH,,,,VLG-001,Govindpur Kalan,,
parcel,PCL-0467,,0.33,,,23.609071,78.347514,,,,Raisen,,,,,,,,,,,,"{""type"": ""Polygon"", ""coordinates"": [[[78.34751, 23.6093798], [78.3472654, 23.6092237], [78.3471899, 23.6088986], [78.3475435, 23.6087892], [78.3477563, 23.6089604], [78.3478102, 23.6092434], [78.34751, 23.6093798]]]}",,,,Agricultural,,,,,,,,,OWN-0692,PCL-0467,,,PRJ-003,Narmadapuram–Raisen Rail Link,,,,,,,,proposed,,514/9,Begumganj,,,4K5RY3GJ326QBZ,,,,VLG-024,Govindpur Khurd,,
parcel,PCL-0468,,0.7,,,23.360603,78.581961,,,,Raisen,,,,,,,,,,,,"{""type"": ""Polygon"", ""coordinates"": [[[78.5813854, 23.3607179], [78.5816659, 23.3604005], [78.5820471, 23.3600834], [78.5823193, 23.3604249], [78.5822992, 23.3606882], [78.5821439, 23.3609642], [78.5817436, 23.3609755], [78.5813854, 23.3607179]]]}",,,,Barren,,,,,,,,,OWN-0224,PCL-0468,,,PRJ-003,Narmadapuram–Raisen Rail Link,,,,,,,,notified,,1/5,Silwani,,,HE74GVMGZMUQH3,,,,VLG-035,Krishnapur Buzurg,,
parcel,PCL-0469,,1.32,,,22.789073,78.026327,,,,Narmadapuram,,,,,,,,,,,,"{""type"": ""Polygon"", ""coordinates"": [[[78.0268902, 22.7891169], [78.0265444, 22.7896425], [78.0258122, 22.7896063], [78.0258223, 22.7889191], [78.0260867, 22.7884372], [78.0265894, 22.7887198], [78.0268902, 22.7891169]]]}",,,,Agricultural,,,,,,,,,OWN-0499,PCL-0469,,,PRJ-003,Narmadapuram–Raisen Rail Link,,,,,,,,awarded,,700/4,Sohagpur,,,3QFYMKHL8D2XQT,,,,VLG-017,Ratangarh Khurd,,
parcel,PCL-0470,,2.73,,,23.386655,78.513685,,,,Raisen,,,,,,,,,,,,"{""type"": ""Polygon"", ""coordinates"": [[[78.5143551, 23.3872527], [78.513571, 23.3874927], [78.5130562, 23.3869787], [78.5130269, 23.386431], [78.5133424, 23.3857805], [78.5144887, 23.3859135], [78.5147722, 23.3867229], [78.5143551, 23.3872527]]]}",,,,Agricultural,,,,,,,,,OWN-0694,PCL-0470,,,PRJ-003,Narmadapuram–Raisen Rail Link,,,,,,,,awarded,,459/9,Silwani,,,S8U6DWLJG9HHT4,,,,VLG-031,Jaypur Khurd,,
parcel,PCL-0471,,1.13,,,22.695009,77.779547,,,,Narmadapuram,,,,,,,,,,,,"{""type"": ""Polygon"", ""coordinates"": [[[77.7792869, 22.6943979], [77.7796267, 22.6946047], [77.7801693, 22.6947505], [77.780086, 22.6954265], [77.7796616, 22.6956484], [77.7792087, 22.6954136], [77.7790856, 22.6949046], [77.7792869, 22.6943979]]]}",,,,Barren,,,,,,,,,OWN-0376,PCL-0471,,,PRJ-003,Narmadapuram–Raisen Rail Link,,,,,,,,awarded,,853/6,Itarsi,,,6M4G4V4P9EFPD3,,,,VLG-010,Harijpur Kalan,,
parcel,PCL-0472,,2.12,,,23.653656,78.272022,,,,Raisen,,,,,,,,,,,,"{""type"": ""Polygon"", ""coordinates"": [[[78.2712193, 23.6536771], [78.2716552, 23.6529151], [78.272577, 23.6531868], [78.2726856, 23.6542018], [78.2718439, 23.6542141], [78.2712193, 23.6536771]]]}",,,,Agricultural,,,,,,,,,OWN-0079,PCL-0472,,,PRJ-003,Narmadapuram–Raisen Rail Link,,,,,,,,possessed,,482/9,Begumganj,,,XTCCVDR8LYUZXQ,,,,VLG-022,Mohanpur,,
parcel,PCL-0473,,1.32,,,22.796381,78.027739,,,,Narmadapuram,,,,,,,,,,,,"{""type"": ""Polygon"", ""coordinates"": [[[78.0271604, 22.7959804], [78.0276202, 22.7958146], [78.028231, 22.7959039], [78.0282377, 22.7964744], [78.027999, 22.797009], [78.0274914, 22.7967729], [78.0272667, 22.7964579], [78.0271604, 22.7959804]]]}",,,,Agricultural,,,,,,,,,OWN-0189,PCL-0473,,,PRJ-003,Narmadapuram–Raisen Rail Link,,,,,,,,awarded,,331/9,Sohagpur,,,ES94MGMN3CH3QS,,,,VLG-017,Ratangarh Khurd,,
parcel,PCL-0474,,0.38,,,23.24923,78.657842,,,,Raisen,,,,,,,,,,,,"{""type"": ""Polygon"", ""coordinates"": [[[78.6577513, 23.2495113], [78.6574821, 23.2492295], [78.6575636, 23.2489766], [78.6579724, 23.2489608], [78.6581507, 23.2492194], [78.6579539, 23.2494392], [78.6577513, 23.2495113]]]}",,,,Agricultural,,,,,,,,,OWN-0678,PCL-0474,,,PRJ-003,Narmadapuram–Raisen Rail Link,,,,,,,,awarded,,314/6,Silwani,,,7JTCMG78NXF43E,,,,VLG-040,Devipura Buzurg,,
parcel,PCL-0475,,0.73,,,22.725323,77.773205,,,,Narmadapuram,,,,,,,,,,,,"{""type"": ""Polygon"", ""coordinates"": [[[77.7728479, 22.7254258], [77.7729119, 22.7250744], [77.7732572, 22.7250118], [77.7736182, 22.7252649], [77.7735572, 22.7256597], [77.7730261, 22.7258378], [77.7728479, 22.7254258]]]}",,,,Agricultural,,,,,,,,,OWN-0632,PCL-0475,,,PRJ-003,Narmadapuram–Raisen Rail Link,,,,,,,,proposed,,538/4,Itarsi,,,D4RMR5WVAGGVUT,,,,VLG-009,Shivpura,,
parcel,PCL-0476,,2.31,,,23.250531,78.66391,,,,Raisen,,,,,,,,,,,,"{""type"": ""Polygon"", ""coordinates"": [[[78.6636169, 23.2499698], [78.6645233, 23.2498247], [78.6644356, 23.2508104], [78.6637835, 23.2512659], [78.6629171, 23.2507584], [78.6636169, 23.2499698]]]}",,,,Mixed Use,,,,,,,,,OWN-0685,PCL-0476,,,PRJ-003,Narmadapuram–Raisen Rail Link,,,,,,,,proposed,,754/9,Silwani,,,5EX4TAUGV9YNEN,,,,VLG-040,Devipura Buzurg,,
parcel,PCL-0477,,1.03,,,23.376815,78.527442,,,,Raisen,,,,,,,,,,,,"{""type"": ""Polygon"", ""coordinates"": [[[78.528041, 23.376816], [78.5278062, 23.3773223], [78.5272669, 23.3771726], [78.5267956, 23.3767683], [78.5271238, 23.3765019], [78.5276856, 23.3763146], [78.528041, 23.376816]]]}",,,,Agricultural,,,,,,,,,OWN-0592,PCL-0477,,,PRJ-003,Narmadapuram–Raisen Rail Link,,,,,,,,notified,,608/3,Silwani,,,CMR82255MLYQQ2,,,,VLG-031,Jaypur Khurd,,
parcel,PCL-0478,,0.83,,,23.315857,78.649695,,,,Raisen,,,,,,,,,,,,"{""type"": ""Polygon"", ""coordinates"": [[[78.6497484, 23.3153519], [78.6502446, 23.3156716], [78.6500825, 23.316064], [78.6498659, 23.3163272], [78.6495119, 23.3161443], [78.6492837, 23.3158748], [78.6494449, 23.3155269], [78.6497484, 23.3153519]]]}",,,,Agricultural,,,,,,,,,OWN-0308,PCL-0478,,,PRJ-003,Narmadapuram–Raisen Rail Link,,,,,,,,notified,,691/9,Silwani,,,QRSP8ZG25SC5ZU,,,,VLG-032,Ratangarh Kalan,,
parcel,PCL-0479,,0.82,,,23.242943,78.664073,,,,Raisen,,,,,,,,,,,,"{""type"": ""Polygon"", ""coordinates"": [[[78.6645048, 23.2428078], [78.6644324, 23.2431373], [78.6640774, 23.2432788], [78.6637557, 23.243174], [78.6635668, 23.2428523], [78.6638621, 23.2425204], [78.6642405, 23.242545], [78.6645048, 23.2428078]]]}",,,,Agricultural,,,,,,,,,OWN-0492,PCL-0479,,,PRJ-003,Narmadapuram–Raisen Rail Link,,,,,,,,notified,,864/1,Silwani,,,R55UWPWG83XCS7,,,,VLG-040,Devipura Buzurg,,
parcel,PCL-0480,,1.69,,,23.59929,78.346395,,,,Raisen,,,,,,,,,,,,"{""type"": ""Polygon"", ""coordinates"": [[[78.3465349, 23.598781], [78.3470492, 23.5990589], [78.3471069, 23.599816], [78.3464427, 23.599988], [78.3459548, 23.5997522], [78.345724, 23.5991394], [78.3459868, 23.5986982], [78.3465349, 23.598781]]]}",,,,Agricultural,,,,,,,,,OWN-0017,PCL-0480,,,PRJ-003,Narmadapuram–Raisen Rail Link,,,,,,,,notified,,419/2,Begumganj,,,7B5DFS6FFBPS6G,,,,VLG-024,Govindpur Khurd,,
parcel,PCL-0481,,1.49,,,22.693057,77.7729,,,,Narmadapuram,,,,,,,,,,,,"{""type"": ""Polygon"", ""coordinates"": [[[77.7735855, 22.6930212], [77.773317, 22.6937264], [77.7725516, 22.6935378], [77.7723202, 22.6930262], [77.7726201, 22.6924253], [77.7732036, 22.6924305], [77.7735855, 22.6930212]]]}",,,,Residential,,,,,,,,,OWN-0377,PCL-0481,,,PRJ-003,Narmadapuram–Raisen Rail Link,,,,,,,,possessed,,626/7,Itarsi,,,WBTWBX44Q9XVCJ,,,,VLG-010,Harijpur Kalan,,
parcel,PCL-0482,,2.71,,,22.795214,78.026573,,,,Narmadapuram,,,,,,,,,,,,"{""type"": ""Polygon"", ""coordinates"": [[[78.0273517, 22.7956722], [78.0267253, 22.7959559], [78.0259158, 22.7956401], [78.0258858, 22.7950244], [78.0263298, 22.7942355], [78.0273983, 22.7948284], [78.0273517, 22.7956722]]]}",,,,Agricultural,,,,,,,,,OWN-0503,PCL-0482,,,PRJ-003,Narmadapuram–Raisen Rail Link,,,,,,,,possessed,,439/3,Sohagpur,,,2VE4RUR4D2NWYQ,,,,VLG-017,Ratangarh Khurd,,
parcel,PCL-0483,,2.54,,,22.783637,78.011148,,,,Narmadapuram,,,,,,,,,,,,"{""type"": ""Polygon"", ""coordinates"": [[[78.0102796, 22.7839332], [78.0103828, 22.7830061], [78.011511, 22.7831608], [78.0122137, 22.7838107], [78.0111069, 22.7842843], [78.0102796, 22.7839332]]]}",,,,Residential,,,,,,,,,OWN-0502,PCL-0483,,,PRJ-003,Narmadapuram–Raisen Rail Link,,,,,,,,possessed,,471/6,Sohagpur,,,28DP2W4KDN5PSV,,,,VLG-017,Ratangarh Khurd,,
parcel,PCL-0484,,0.71,,,23.243254,78.664656,,,,Raisen,,,,,,,,,,,,"{""type"": ""Polygon"", ""coordinates"": [[[78.664348, 23.2434859], [78.6643028, 23.2432572], [78.6645118, 23.2429254], [78.6648109, 23.242806], [78.6651216, 23.2430398], [78.66493, 23.2434499], [78.6646356, 23.2437616], [78.664348, 23.2434859]]]}",,,,Agricultural,,,,,,,,,OWN-0309,PCL-0484,,,PRJ-003,Narmadapuram–Raisen Rail Link,,,,,,,,possessed,,287/6,Silwani,,,775M4J2R36WC99,,,,VLG-040,Devipura Buzurg,,
parcel,PCL-0485,,1.54,,,23.604734,78.356488,,,,Raisen,,,,,,,,,,,,"{""type"": ""Polygon"", ""coordinates"": [[[78.3561856, 23.6040004], [78.3570129, 23.6042199], [78.3571184, 23.6047245], [78.3568783, 23.6053555], [78.3559313, 23.6053001], [78.3556486, 23.6045469], [78.3561856, 23.6040004]]]}",,,,Agricultural,,,,,,,,,OWN-0488,PCL-0485,,,PRJ-003,Narmadapuram–Raisen Rail Link,,,,,,,,compensation_paid,,399/8,Begumganj,,,48UBSKB847YFV6,,,,VLG-024,Govindpur Khurd,,
parcel,PCL-0486,,0.96,,,22.734414,77.763638,,,,Narmadapuram,,,,,,,,,,,,"{""type"": ""Polygon"", ""coordinates"": [[[77.7632594, 22.7340152], [77.7638236, 22.73409], [77.7641537, 22.7346158], [77.7636648, 22.7347803], [77.7631588, 22.7345682], [77.7632594, 22.7340152]]]}",,,,Residential,,,,,,,,,OWN-0154,PCL-0486,,,PRJ-003,Narmadapuram–Raisen Rail Link,,,,,,,,compensation_paid,,248/5,Itarsi,,,SXRX5ZRXMNJ45C,,,,VLG-009,Shivpura,,
parcel,PCL-0487,,2.75,,,23.509025,78.213148,,,,Raisen,,,,,,,,,,,,"{""type"": ""Polygon"", ""coordinates"": [[[78.2132656, 23.5100953], [78.2124621, 23.5091314], [78.2126487, 23.508149], [78.2138402, 23.508305], [78.2139772, 23.5092856], [78.2132656, 23.5100953]]]}",,,,Mixed Use,,,,,,,,,OWN-0613,PCL-0487,,,PRJ-003,Narmadapuram–Raisen Rail Link,,,,,,,,proposed,,514/7,Begumganj,,,WFFGWP6T35EVV8,,,,VLG-028,Suryanagar Buzurg,,
parcel,PCL-0488,,2.78,,,22.698425,77.775568,,,,Narmadapuram,,,,,,,,,,,,"{""type"": ""Polygon"", ""coordinates"": [[[77.7747712, 22.6983294], [77.7751362, 22.6976348], [77.7760944, 22.6976475], [77.7764121, 22.6985569], [77.7758889, 22.6993205], [77.7752176, 22.6991399], [77.7747712, 22.6983294]]]}",,,,Agricultural,,,,,,,,,OWN-0414,PCL-0488,,,PRJ-003,Narmadapuram–Raisen Rail Link,,,,,,,,notified,,352/6,Itarsi,,,BETLQQAMM95UBW,,,,VLG-010,Harijpur Kalan,,
parcel,PCL-0489,,1.5,,,23.434868,78.31426,,,,Raisen,,,,,,,,,,,,"{""type"": ""Polygon"", ""coordinates"": [[[78.3146521, 23.4345727], [78.3149494, 23.4352733], [78.3140046, 23.4353965], [78.3136562, 23.4348546], [78.3142064, 23.4343497], [78.3146521, 23.4345727]]]}",,,,Residential,,,,,,,,,OWN-0093,PCL-0489,,,PRJ-003,Narmadapuram–Raisen Rail Link,,,,,,,,awarded,,260/8,Begumganj,,,XLS7VVJANWSUGB,,,,VLG-030,Suryanagar Khurd,,
parcel,PCL-0490,,2.05,,,23.42987,78.326144,,,,Raisen,,,,,,,,,,,,"{""type"": ""Polygon"", ""coordinates"": [[[78.3254332, 23.4300136], [78.3253569, 23.4293423], [78.3262947, 23.4290528], [78.3267265, 23.4295033], [78.3268526, 23.4301898], [78.3264091, 23.4304246], [78.3255026, 23.4305458], [78.3254332, 23.4300136]]]}",,,,Barren,,,,,,,,,OWN-0691,PCL-0490,,,PRJ-003,Narmadapuram–Raisen Rail Link,,,,,,,,proposed,,193/1,Begumganj,,,KYZNT4WFYPZLH9,,,,VLG-030,Suryanagar Khurd,,
parcel,PCL-0491,,1.05,,,23.318794,78.650436,,,,Raisen,,,,,,,,,,,,"{""type"": ""Polygon"", ""coordinates"": [[[78.6506684, 23.3182553], [78.6511464, 23.3188708], [78.6505165, 23.3194459], [78.6499885, 23.3190478], [78.6499759, 23.3184823], [78.6506684, 23.3182553]]]}",,,,Agricultural,,,,,,,,,OWN-0114,PCL-0491,,,PRJ-003,Narmadapuram–Raisen Rail Link,,,,,,,,possessed,,386/8,Silwani,,,YMPPGQVFCDNES2,,,,VLG-032,Ratangarh Kalan,,
parcel,PCL-0492,,0.47,,,23.24994,78.66486,,,,Raisen,,,,,,,,,,,,"{""type"": ""Polygon"", ""coordinates"": [[[78.665173, 23.2497094], [78.6651906, 23.2500925], [78.6648086, 23.2503775], [78.6644476, 23.2501062], [78.6646162, 23.2497886], [78.6648042, 23.2496324], [78.665173, 23.2497094]]]}",,,,Agricultural,,,,,,,,,OWN-0198,PCL-0492,,,PRJ-003,Narmadapuram–Raisen Rail Link,,,,,,,,awarded,,303/2,Silwani,,,FU3FNRFXYZNDEW,,,,VLG-040,Devipura Buzurg,,
parcel,PCL-0493,,0.65,,,23.379444,78.527048,,,,Raisen,,,,,,,,,,,,"{""type"": ""Polygon"", ""coordinates"": [[[78.5266146, 23.379669], [78.5267223, 23.3791275], [78.527168, 23.3790724], [78.5274226, 23.3793256], [78.5273355, 23.3796995], [78.5269846, 23.3799266], [78.5266146, 23.379669]]]}",,,,Mixed Use,,,,,,,,,OWN-0313,PCL-0493,,,PRJ-003,Narmadapuram–Raisen Rail Link,,,,,,,,objections,,334/5,Silwani,,,HMGK4TXKD4VFGB,,,,VLG-031,Jaypur Khurd,,
parcel,PCL-0494,,2.76,,,22.64155,77.689376,,,,Narmadapuram,,,,,,,,,,,,"{""type"": ""Polygon"", ""coordinates"": [[[77.6890358, 22.6409995], [77.6901238, 22.6408227], [77.6902804, 22.6417343], [77.6898585, 22.6423546], [77.688842, 22.642368], [77.688652, 22.6414739], [77.6890358, 22.6409995]]]}",,,,Agricultural,,,,,,,,,OWN-0129,PCL-0494,,,PRJ-003,Narmadapuram–Raisen Rail Link,,,,,,,,possessed,,156/2,Itarsi,,,9Y3L22KBNT9FAA,,,,VLG-005,Ratangarh,,
parcel,PCL-0495,,0.77,,,23.316003,78.646654,,,,Raisen,,,,,,,,,,,,"{""type"": ""Polygon"", ""coordinates"": [[[78.6464666, 23.3163114], [78.6462922, 23.3159997], [78.6463726, 23.3157577], [78.6466709, 23.3155224], [78.6471625, 23.3157506], [78.6471218, 23.3162027], [78.6467276, 23.3163806], [78.6464666, 23.3163114]]]}",,,,Agricultural,,,,,,,,,OWN-0475,PCL-0495,,,PRJ-003,Narmadapuram–Raisen Rail Link,,,,,,,,notified,,962/2,Silwani,,,KYFUXMCXBK3B2C,,,,VLG-032,Ratangarh Kalan,,
parcel,PCL-0496,,0.18,,,22.552497,77.832115,,,,Narmadapuram,,,,,,,,,,,,"{""type"": ""Polygon"", ""coordinates"": [[[77.8323886, 22.5525431], [77.8321762, 22.5526751], [77.8319632, 22.552644], [77.8318303, 22.5524308], [77.831977, 22.5523124], [77.8322035, 22.5523542], [77.8323886, 22.5525431]]]}",,,,Residential,,,,,,,,,OWN-0599,PCL-0496,,,PRJ-003,Narmadapuram–Raisen Rail Link,,,,,,,,awarded,,518/6,Itarsi,,,53SPCG2XY5JQ96,,,,VLG-001,Govindpur Kalan,,
parcel,PCL-0497,,1.11,,,22.700805,77.778837,,,,Narmadapuram,,,,,,,,,,,,"{""type"": ""Polygon"", ""coordinates"": [[[77.7784625, 22.7005231], [77.7789054, 22.7004098], [77.779448, 22.7004827], [77.7794335, 22.7009167], [77.7789927, 22.7014708], [77.7784116, 22.7013154], [77.7784197, 22.7008445], [77.7784625, 22.7005231]]]}",,,,Barren,,,,,,,,,OWN-0604,PCL-0497,,,PRJ-003,Narmadapuram–Raisen Rail Link,,,,,,,,notified,,284/8,Itarsi,,,FAPBPXHSWRLUVE,,,,VLG-010,Harijpur Kalan,,
parcel,PCL-0498,,2.29,,,22.795431,78.01532,,,,Narmadapuram,,,,,,,,,,,,"{""type"": ""Polygon"", ""coordinates"": [[[78.0160388, 22.795602], [78.0156623, 22.7960054], [78.0150261, 22.795958], [78.0145018, 22.7954816], [78.0146348, 22.7947841], [78.0153318, 22.7947844], [78.0159901, 22.7950591], [78.0160388, 22.795602]]]}",,,,Agricultural,,,,,,,,,OWN-0570,PCL-0498,,,PRJ-003,Narmadapuram–Raisen Rail Link,,,,,,,,proposed,,262/9,Sohagpur,,,34X2KLZMLLAHPK,,,,VLG-017,Ratangarh Khurd,,
parcel,PCL-0499,,0.71,,,22.788399,77.955388,,,,Narmadapuram,,,,,,,,,,,,"{""type"": ""Polygon"", ""coordinates"": [[[77.9549142, 22.7885729], [77.9550385, 22.7881245], [77.955404, 22.7879733], [77.9558581, 22.7880857], [77.9558605, 22.7886434], [77.9554075, 22.788939], [77.9549142, 22.7885729]]]}",,,,Barren,,,,,,,,,OWN-0589,PCL-0499,,,PRJ-003,Narmadapuram–Raisen Rail Link,,,,,,,,compensation_paid,,334/8,Sohagpur,,,XKFQYNF8WYXL9T,,,,VLG-013,Harijpur Buzurg,,
parcel,PCL-0500,,1.43,,,22.797988,78.015615,,,,Narmadapuram,,,,,,,,,,,,"{""type"": ""Polygon"", ""coordinates"": [[[78.0153855, 22.7974101], [78.0163363, 22.7975998], [78.0161595, 22.7982918], [78.0152808, 22.7986397], [78.0148538, 22.7979249], [78.0153855, 22.7974101]]]}",,,,Residential,,,,,,,,,OWN-0435,PCL-0500,,,PRJ-003,Narmadapuram–Raisen Rail Link,,,,,,,,awarded,,264/6,Sohagpur,,,QT4YWEY5VH365R,,,,VLG-017,Ratangarh Khurd,,
parcel,PCL-0501,,2.75,,,23.390093,78.513683,,,,Raisen,,,,,,,,,,,,"{""type"": ""Polygon"", ""coordinates"": [[[78.5137012, 23.3894592], [78.5144637, 23.3894323], [78.5142809, 23.3904335], [78.5136863, 23.3909689], [78.5130558, 23.3904508], [78.5130722, 23.3897209], [78.5137012, 23.3894592]]]}",,,,Agricultural,,,,,,,,,OWN-0555,PCL-0501,,,PRJ-003,Narmadapuram–Raisen Rail Link,,,,,,,,awarded,,811/4,Silwani,,,VL824DS5DFCTAP,,,,VLG-031,Jaypur Khurd,,
parcel,PCL-0502,,1.71,,,23.250552,78.65545,,,,Raisen,,,,,,,,,,,,"{""type"": ""Polygon"", ""coordinates"": [[[78.6547028, 23.2509059], [78.6550162, 23.2500699], [78.6557865, 23.2501396], [78.6560636, 23.2506603], [78.6555026, 23.251033], [78.6547028, 23.2509059]]]}",,,,Agricultural,,,,,,,,,OWN-0158,PCL-0502,,,PRJ-003,Narmadapuram–Raisen Rail Link,,,,,,,,notified,,914/7,Silwani,,,C59T3J9JDXP3VE,,,,VLG-040,Devipura Buzurg,,
parcel,PCL-0503,,2.1,,,23.319025,78.647509,,,,Raisen,,,,,,,,,,,,"{""type"": ""Polygon"", ""coordinates"": [[[78.6466351, 23.3194525], [78.646758, 23.3187705], [78.6475308, 23.3184259], [78.64824, 23.3184384], [78.6481649, 23.3192966], [78.6474302, 23.3198731], [78.6466351, 23.3194525]]]}",,,,Mixed Use,,,,,,,,,OWN-0223,PCL-0503,,,PRJ-003,Narmadapuram–Raisen Rail Link,,,,,,,,possessed,,571/4,Silwani,,,B97XWJFL2M4SPZ,,,,VLG-032,Ratangarh Kalan,,
parcel,PCL-0504,,1.96,,,23.3639,78.58493,,,,Raisen,,,,,,,,,,,,"{""type"": ""Polygon"", ""coordinates"": [[[78.5840549, 23.3641508], [78.5844599, 23.3631788], [78.5853241, 23.363163], [78.5856948, 23.364125], [78.585058, 23.364602], [78.5840549, 23.3641508]]]}",,,,Residential,,,,,,,,,OWN-0384,PCL-0504,,,PRJ-003,Narmadapuram–Raisen Rail Link,,,,,,,,awarded,,380/2,Silwani,,,KTVGVLXPG5TMRX,,,,VLG-035,Krishnapur Buzurg,,
parcel,PCL-0505,,1.48,,,23.312773,78.642744,,,,Raisen,,,,,,,,,,,,"{""type"": ""Polygon"", ""coordinates"": [[[78.6428517, 23.312327], [78.6432753, 23.3125049], [78.6431534, 23.3131534], [78.6425823, 23.3132675], [78.6421903, 23.3128851], [78.6422695, 23.3123189], [78.6428517, 23.312327]]]}",,,,Mixed Use,,,,,,,,,OWN-0105,PCL-0505,,,PRJ-003,Narmadapuram–Raisen Rail Link,,,,,,,,compensation_paid,,345/7,Silwani,,,MKATD93RVHYPZ7,,,,VLG-032,Ratangarh Kalan,,
parcel,PCL-0506,,2.98,,,22.627443,77.687901,,,,Narmadapuram,,,,,,,,,,,,"{""type"": ""Polygon"", ""coordinates"": [[[77.6871828, 22.6266282], [77.6883584, 22.6266137], [77.6889085, 22.627227], [77.6884478, 22.6282517], [77.6874962, 22.6282258], [77.6867579, 22.6277242], [77.6871828, 22.6266282]]]}",,,,Agricultural,,,,,,,,,OWN-0513,PCL-0506,,,PRJ-003,Narmadapuram–Raisen Rail Link,,,,,,,,awarded,,345/7,Itarsi,,,SGQXT9VG3XZ7PW,,,,VLG-005,Ratangarh,,
parcel,PCL-0507,,2.6,,,22.711554,77.891484,,,,Narmadapuram,,,,,,,,,,,,"{""type"": ""Polygon"", ""coordinates"": [[[77.8906076, 22.7111658], [77.8913017, 22.7105364], [77.8922076, 22.710906], [77.892334, 22.711764], [77.8915137, 22.7121865], [77.8910004, 22.711968], [77.8906076, 22.7111658]]]}",,,,Mixed Use,,,,,,,,,OWN-0544,PCL-0507,,,PRJ-004,Tawa Canal Extension (Irrigation),,,,,,,,compensation_paid,,792/5,Sohagpur,,,HN4LRPV6AVB7GS,,,,VLG-019,Mohanpur Buzurg,,
parcel,PCL-0508,,2.99,,,22.697652,77.774409,,,,Narmadapuram,,,,,,,,,,,,"{""type"": ""Polygon"", ""coordinates"": [[[77.7742784, 22.6967392], [77.7753427, 22.6970931], [77.7754847, 22.6981467], [77.7746322, 22.6984273], [77.7737559, 22.698175], [77.7733749, 22.6974233], [77.7742784, 22.6967392]]]}",,,,Mixed Use,,,,,,,,,OWN-0291,PCL-0508,,,PRJ-004,Tawa Canal Extension (Irrigation),,,,,,,,disputed_litigation,,382/7,Itarsi,,,CH7BN2GBE7YBCG,,,,VLG-010,Harijpur Kalan,,
parcel,PCL-0509,,0.2,,,22.64119,77.976462,,,,Narmadapuram,,,,,,,,,,,,"{""type"": ""Polygon"", ""coordinates"": [[[77.9764718, 22.6414217], [77.9762834, 22.6412755], [77.976256, 22.6411186], [77.9763269, 22.6409414], [77.9765844, 22.6409575], [77.9767472, 22.6411507], [77.9766543, 22.6413408], [77.9764718, 22.6414217]]]}",,,,Agricultural,,,,,,,,,OWN-0600,PCL-0509,,,PRJ-004,Tawa Canal Extension (Irrigation),,,,,,,,compensation_paid,,435/8,Sohagpur,,,3RYN59RZY4C9D7,,,,VLG-015,Lakshmipur Khurd,,
parcel,PCL-0510,,1.65,,,22.751517,77.924731,,,,Narmadapuram,,,,,,,,,,,,"{""type"": ""Polygon"", ""coordinates"": [[[77.9248281, 22.7520164], [77.924294, 22.7517606], [77.9243425, 22.751189], [77.9251336, 22.7508291], [77.9254888, 22.751569], [77.9248281, 22.7520164]]]}",,,,Residential,,,,,,,,,OWN-0233,PCL-0510,,,PRJ-004,Tawa Canal Extension (Irrigation),,,,,,,,possessed,,443/7,Sohagpur,,,QW846ETBNAD7QZ,,,,VLG-014,Balaji Nagar Buzurg,,
parcel,PCL-0511,,2.55,,,22.631785,77.856946,,,,Narmadapuram,,,,,,,,,,,,"{""type"": ""Polygon"", ""coordinates"": [[[77.8561713, 22.6316015], [77.856877, 22.6309013], [77.8577429, 22.631244], [77.8576915, 22.6325262], [77.8564797, 22.6326268], [77.8561713, 22.6316015]]]}",,,,Agricultural,,,,,,,,,OWN-0519,PCL-0511,,,PRJ-004,Tawa Canal Extension (Irrigation),,,,,,,,notified,,885/9,Itarsi,,,25GFJJNLESLWL2,,,,VLG-008,Govindpur Buzurg,,
parcel,PCL-0512,,1.8,,,22.788991,77.961578,,,,Narmadapuram,,,,,,,,,,,,"{""type"": ""Polygon"", ""coordinates"": [[[77.9621451, 22.7883601], [77.9623997, 22.7891702], [77.9616784, 22.7898423], [77.9609659, 22.7891739], [77.9611649, 22.7883376], [77.9621451, 22.7883601]]]}",,,,Barren,,,,,,,,,OWN-0325,PCL-0512,,,PRJ-004,Tawa Canal Extension (Irrigation),,,,,,,,notified,,287/5,Sohagpur,,,EHGXFP26NBXKDP,,,,VLG-013,Harijpur Buzurg,,
parcel,PCL-0513,,1.97,,,22.71145,77.802338,,,,Narmadapuram,,,,,,,,,,,,"{""type"": ""Polygon"", ""coordinates"": [[[77.8027942, 22.7108695], [77.8031194, 22.7115394], [77.8026637, 22.7122507], [77.8019066, 22.7119194], [77.8017137, 22.7114], [77.8021144, 22.710869], [77.8027942, 22.7108695]]]}",,,,Agricultural,,,,,,,,,OWN-0204,PCL-0513,,,PRJ-004,Tawa Canal Extension (Irrigation),,,,,,,,awarded,,249/6,Itarsi,,,TDGHM6LP2ANA83,,,,VLG-002,Narmadapur Kalan,,
parcel,PCL-0514,,2.73,,,22.634934,77.677078,,,,Narmadapuram,,,,,,,,,,,,"{""type"": ""Polygon"", ""coordinates"": [[[77.6767003, 22.6343805], [77.6775854, 22.6340879], [77.6781046, 22.6348614], [77.6775863, 22.6356177], [77.6765585, 22.6357258], [77.6762282, 22.6350801], [77.6767003, 22.6343805]]]}",,,,Agricultural,,,,,,,,,OWN-0511,PCL-0514,,,PRJ-004,Tawa Canal Extension (Irrigation),,,,,,,,possessed,,151/1,Itarsi,,,U3DVG2QCQL2VX3,,,,VLG-005,Ratangarh,,
parcel,PCL-0515,,1.35,,,22.69559,77.771849,,,,Narmadapuram,,,,,,,,,,,,"{""type"": ""Polygon"", ""coordinates"": [[[77.7712404, 22.6960459], [77.7713414, 22.695176], [77.7719627, 22.6949157], [77.7725909, 22.6955359], [77.7721476, 22.6961345], [77.7712404, 22.6960459]]]}",,,,Barren,,,,,,,,,OWN-0499,PCL-0515,,,PRJ-004,Tawa Canal Extension (Irrigation),,,,,,,,compensation_paid,,661/1,Itarsi,,,QVJXH6DHEZGN3K,,,,VLG-010,Harijpur Kalan,,
parcel,PCL-0516,,1.45,,,22.633789,77.847311,,,,Narmadapuram,,,,,,,,,,,,"{""type"": ""Polygon"", ""coordinates"": [[[77.8478095, 22.6337427], [77.8478003, 22.6343843], [77.8467754, 22.6342929], [77.8467998, 22.633629], [77.8474008, 22.6333082], [77.8478095, 22.6337427]]]}",,,,Agricultural,,,,,,,,,OWN-0586,PCL-0516,,,PRJ-004,Tawa Canal Extension (Irrigation),,,,,,,,proposed,,753/1,Itarsi,,,7ZTAKQNZQVNFA4,,,,VLG-008,Govindpur Buzurg,,
parcel,PCL-0517,,0.79,,,22.639433,77.690344,,,,Narmadapuram,,,,,,,,,,,,"{""type"": ""Polygon"", ""coordinates"": [[[77.6901131, 22.6397946], [77.6898187, 22.6395495], [77.6901089, 22.6391832], [77.6904431, 22.6391006], [77.6908913, 22.6392794], [77.6907764, 22.6398174], [77.6901131, 22.6397946]]]}",,,,Agricultural,,,,,,,,,OWN-0089,PCL-0517,,,PRJ-004,Tawa Canal Extension (Irrigation),,,,,,,,notified,,586/6,Itarsi,,,Z8AQX7G99F9BNC,,,,VLG-005,Ratangarh,,
parcel,PCL-0518,,1.55,,,22.643749,77.863022,,,,Narmadapuram,,,,,,,,,,,,"{""type"": ""Polygon"", ""coordinates"": [[[77.8638118, 22.6440374], [77.8630848, 22.6443167], [77.8624846, 22.6439716], [77.8623629, 22.6433578], [77.8630116, 22.6430858], [77.8635359, 22.6433608], [77.8638118, 22.6440374]]]}",,,,Agricultural,,,,,,,,,OWN-0119,PCL-0518,,,PRJ-004,Tawa Canal Extension (Irrigation),,,,,,,,awarded,,775/9,Itarsi,,,73775DA2TQVW7Q,,,,VLG-008,Govindpur Buzurg,,
parcel,PCL-0519,,2.31,,,22.70258,77.813908,,,,Narmadapuram,,,,,,,,,,,,"{""type"": ""Polygon"", ""coordinates"": [[[77.8142406, 22.7032492], [77.8131636, 22.7031108], [77.8130388, 22.7022168], [77.8140869, 22.7016172], [77.8146678, 22.7026004], [77.8142406, 22.7032492]]]}",,,,Mixed Use,,,,,,,,,OWN-0310,PCL-0519,,,PRJ-004,Tawa Canal Extension (Irrigation),,,,,,,,compensation_paid,,556/5,Itarsi,,,CV6PHFY2BXUL8D,,,,VLG-002,Narmadapur Kalan,,
parcel,PCL-0520,,2.36,,,22.701257,77.776847,,,,Narmadapuram,,,,,,,,,,,,"{""type"": ""Polygon"", ""coordinates"": [[[77.7766239, 22.7005165], [77.7773241, 22.7008405], [77.7778955, 22.7011282], [77.777309, 22.7018516], [77.7765566, 22.701924], [77.7761237, 22.7015114], [77.7762264, 22.7010034], [77.7766239, 22.7005165]]]}",,,,Mixed Use,,,,,,,,,OWN-0467,PCL-0520,,,PRJ-004,Tawa Canal Extension (Irrigation),,,,,,,,awarded,,156/3,Itarsi,,,2PUXTBPAS2Y4A5,,,,VLG-010,Harijpur Kalan,,
parcel,PCL-0521,,1.81,,,22.646839,77.980215,,,,Narmadapuram,,,,,,,,,,,,"{""type"": ""Polygon"", ""coordinates"": [[[77.9800709, 22.6462806], [77.9805923, 22.6462932], [77.980761, 22.6468589], [77.9805939, 22.6473994], [77.980054, 22.6474875], [77.979545, 22.6470958], [77.9796931, 22.6465366], [77.9800709, 22.6462806]]]}",,,,Agricultural,,,,,,,,,OWN-0417,PCL-0521,,,PRJ-004,Tawa Canal Extension (Irrigation),,,,,,,,awarded,,148/7,Sohagpur,,,Q97M6EFD6RYHJ4,,,,VLG-015,Lakshmipur Khurd,,
parcel,PCL-0522,,2.02,,,22.747645,77.921542,,,,Narmadapuram,,,,,,,,,,,,"{""type"": ""Polygon"", ""coordinates"": [[[77.9220651, 22.7473147], [77.9224823, 22.7478797], [77.9218881, 22.748418], [77.921151, 22.7483099], [77.9208671, 22.7477527], [77.9209562, 22.7472311], [77.9216672, 22.747128], [77.9220651, 22.7473147]]]}",,,,Barren,,,,,,,,,OWN-0387,PCL-0522,,,PRJ-004,Tawa Canal Extension (Irrigation),,,,,,,,possessed,,580/5,Sohagpur,,,QA3YJNX63WJVFJ,,,,VLG-014,Balaji Nagar Buzurg,,
parcel,PCL-0523,,0.8,,,22.562899,77.889549,,,,Narmadapuram,,,,,,,,,,,,"{""type"": ""Polygon"", ""coordinates"": [[[77.8898384, 22.5625236], [77.889976, 22.5630177], [77.8897359, 22.5633945], [77.8893188, 22.5631819], [77.8890516, 22.5627379], [77.889424, 22.5624557], [77.8898384, 22.5625236]]]}",,,,Barren,,,,,,,,,OWN-0171,PCL-0523,,,PRJ-004,Tawa Canal Extension (Irrigation),,,,,,,,proposed,,371/6,Itarsi,,,VKAWR64VJZXB85,,,,VLG-007,Narmadapur Khurd,,
parcel,PCL-0524,,1.95,,,22.753988,77.989354,,,,Narmadapuram,,,,,,,,,,,,"{""type"": ""Polygon"", ""coordinates"": [[[77.989763, 22.7546285], [77.9891573, 22.7545154], [77.9884103, 22.7540552], [77.9885403, 22.7535557], [77.9894007, 22.7531951], [77.9898982, 22.7535457], [77.9899829, 22.754109], [77.989763, 22.7546285]]]}",,,,Residential,,,,,,,,,OWN-0591,PCL-0524,,,PRJ-004,Tawa Canal Extension (Irrigation),,,,,,,,awarded,,678/3,Sohagpur,,,88L9NESLVZ4MH8,,,,VLG-011,Sitapur Buzurg,,
parcel,PCL-0525,,1.24,,,22.692975,77.771882,,,,Narmadapuram,,,,,,,,,,,,"{""type"": ""Polygon"", ""coordinates"": [[[77.7721612, 22.6934976], [77.771585, 22.6932774], [77.7712959, 22.6926559], [77.771984, 22.6924229], [77.7723477, 22.6929368], [77.7721612, 22.6934976]]]}",,,,Agricultural,,,,,,,,,OWN-0151,PCL-0525,,,PRJ-004,Tawa Canal Extension (Irrigation),,,,,,,,possessed,,698/3,Itarsi,,,AF9ZVZTE3T9JED,,,,VLG-010,Harijpur Kalan,,
parcel,PCL-0526,,1.3,,,22.634472,77.862442,,,,Narmadapuram,,,,,,,,,,,,"{""type"": ""Polygon"", ""coordinates"": [[[77.8629526, 22.6344588], [77.8627527, 22.635], [77.8623154, 22.6349286], [77.861777, 22.6348019], [77.8619062, 22.634185], [77.8624596, 22.6339456], [77.8630352, 22.634008], [77.8629526, 22.6344588]]]}",,,,Agricultural,,,,,,,,,OWN-0207,PCL-0526,,,PRJ-004,Tawa Canal Extension (Irrigation),,,,,,,,compensation_paid,,14/6,Itarsi,,,9KRP3A5DFSX6KQ,,,,VLG-008,Govindpur Buzurg,,
parcel,PCL-0527,,1.51,,,22.640036,77.851816,,,,Narmadapuram,,,,,,,,,,,,"{""type"": ""Polygon"", ""coordinates"": [[[77.8510971, 22.6401289], [77.8514163, 22.639594], [77.8522119, 22.6395043], [77.8526722, 22.6400361], [77.8520735, 22.6406753], [77.8516274, 22.6404982], [77.8510971, 22.6401289]]]}",,,,Agricultural,,,,,,,,,OWN-0134,PCL-0527,,,PRJ-004,Tawa Canal Extension (Irrigation),,,,,,,,proposed,,48/2,Itarsi,,,KYJRQK6ATN8XLG,,,,VLG-008,Govindpur Buzurg,,
parcel,PCL-0528,,2.9,,,22.753585,77.992598,,,,Narmadapuram,,,,,,,,,,,,"{""type"": ""Polygon"", ""coordinates"": [[[77.9928556, 22.7525838], [77.9936098, 22.7535494], [77.993316, 22.754212], [77.9920024, 22.7544891], [77.9915022, 22.7537422], [77.9919443, 22.7528403], [77.9928556, 22.7525838]]]}",,,,Residential,,,,,,,,,OWN-0318,PCL-0528,,,PRJ-004,Tawa Canal Extension (Irrigation),,,,,,,,proposed,,937/3,Sohagpur,,,V7R4L2JYFREMV8,,,,VLG-011,Sitapur Buzurg,,
parcel,PCL-0529,,0.78,,,22.63269,77.692456,,,,Narmadapuram,,,,,,,,,,,,"{""type"": ""Polygon"", ""coordinates"": [[[77.6920369, 22.6326867], [77.6921593, 22.6323998], [77.6926457, 22.632321], [77.6930377, 22.6325843], [77.6926921, 22.6329808], [77.6922149, 22.6330419], [77.6920369, 22.6326867]]]}",,,,Residential,,,,,,,,,OWN-0346,PCL-0529,,,PRJ-004,Tawa Canal Extension (Irrigation),,,,,,,,awarded,,926/7,Itarsi,,,VQCLDQTBUJU84D,,,,VLG-005,Ratangarh,,
parcel,PCL-0530,,2.19,,,22.803266,77.907661,,,,Narmadapuram,,,,,,,,,,,,"{""type"": ""Polygon"", ""coordinates"": [[[77.9070769, 22.8036033], [77.9071211, 22.8028308], [77.9078983, 22.8026001], [77.9085421, 22.8034442], [77.9078989, 22.8039238], [77.9070769, 22.8036033]]]}",,,,Agricultural,,,,,,,,,OWN-0034,PCL-0530,,,PRJ-004,Tawa Canal Extension (Irrigation),,,,,,,,awarded,,227/7,Sohagpur,,,QDFTDGXK7RGH7M,,,,VLG-016,Sonpur,,
parcel,PCL-0531,,1.0,,,22.63725,77.848276,,,,Narmadapuram,,,,,,,,,,,,"{""type"": ""Polygon"", ""coordinates"": [[[77.8478982, 22.63737], [77.8478899, 22.6371074], [77.8482392, 22.6366253], [77.8487029, 22.637087], [77.8487671, 22.6374932], [77.8482169, 22.6377392], [77.8478982, 22.63737]]]}",,,,Residential,,,,,,,,,OWN-0162,PCL-0531,,,PRJ-004,Tawa Canal Extension (Irrigation),,,,,,,,objections,,590/9,Itarsi,,,RW4488FYRBLL5L,,,,VLG-008,Govindpur Buzurg,,
parcel,PCL-0532,,1.45,,,22.824672,78.048555,,,,Narmadapuram,,,,,,,,,,,,"{""type"": ""Polygon"", ""coordinates"": [[[78.0492468, 22.8247783], [78.0486598, 22.8251144], [78.0480673, 22.8247615], [78.0481186, 22.8242351], [78.048885, 22.8240123], [78.0492468, 22.8247783]]]}",,,,Residential,,,,,,,,,OWN-0150,PCL-0532,,,PRJ-004,Tawa Canal Extension (Irrigation),,,,,,,,objections,,463/9,Sohagpur,,,9RWWSDUMRH39KD,,,,VLG-012,Shivpura Khurd,,
parcel,PCL-0533,,1.38,,,22.643261,77.853494,,,,Narmadapuram,,,,,,,,,,,,"{""type"": ""Polygon"", ""coordinates"": [[[77.8537062, 22.6439821], [77.8530559, 22.6436515], [77.852917, 22.6433158], [77.8530087, 22.6427385], [77.8536612, 22.6427961], [77.8540704, 22.6431462], [77.8540723, 22.6435655], [77.8537062, 22.6439821]]]}",,,,Agricultural,,,,,,,,,OWN-0468,PCL-0533,,,PRJ-004,Tawa Canal Extension (Irrigation),,,,,,,,notified,,203/4,Itarsi,,,GQRB8QTXRPDMQ5,,,,VLG-008,Govindpur Buzurg,,
parcel,PCL-0534,,2.55,,,22.792412,77.950403,,,,Narmadapuram,,,,,,,,,,,,"{""type"": ""Polygon"", ""coordinates"": [[[77.9512084, 22.7925324], [77.9506666, 22.7931645], [77.9500428, 22.7930138], [77.9493208, 22.7924351], [77.9501182, 22.7918289], [77.9509556, 22.7918885], [77.9512084, 22.7925324]]]}",,,,Agricultural,,,,,,,,,OWN-0500,PCL-0534,,,PRJ-004,Tawa Canal Extension (Irrigation),,,,,,,,possessed,,726/2,Sohagpur,,,ZYW9DTDTKKVX3V,,,,VLG-013,Harijpur Buzurg,,
parcel,PCL-0535,,1.82,,,22.793299,77.950468,,,,Narmadapuram,,,,,,,,,,,,"{""type"": ""Polygon"", ""coordinates"": [[[77.9511122, 22.7938341], [77.9502157, 22.7939365], [77.9497071, 22.7931538], [77.9504725, 22.7924922], [77.9513161, 22.7930153], [77.9511122, 22.7938341]]]}",,,,Agricultural,,,,,,,,,OWN-0358,PCL-0535,,,PRJ-004,Tawa Canal Extension (Irrigation),,,,,,,,possessed,,733/4,Sohagpur,,,VSE8HX9WY9H35Q,,,,VLG-013,Harijpur Buzurg,,
parcel,PCL-0536,,1.93,,,22.75206,77.983828,,,,Narmadapuram,,,,,,,,,,,,"{""type"": ""Polygon"", ""coordinates"": [[[77.984416, 22.7521748], [77.9840407, 22.752877], [77.9831711, 22.7525371], [77.9833119, 22.7516161], [77.9842307, 22.7514934], [77.984416, 22.7521748]]]}",,,,Agricultural,,,,,,,,,OWN-0010,PCL-0536,,,PRJ-004,Tawa Canal Extension (Irrigation),,,,,,,,objections,,895/1,Sohagpur,,,75EWCUKDW2Y467,,,,VLG-011,Sitapur Buzurg,,
parcel,PCL-0537,,0.65,,,22.833754,78.038668,,,,Narmadapuram,,,,,,,,,,,,"{""type"": ""Polygon"", ""coordinates"": [[[78.0390987, 22.8335133], [78.038923, 22.8339701], [78.0385719, 22.8341027], [78.0381737, 22.8336763], [78.0386121, 22.8332954], [78.0390987, 22.8335133]]]}",,,,Mixed Use,,,,,,,,,OWN-0498,PCL-0537,,,PRJ-004,Tawa Canal Extension (Irrigation),,,,,,,,awarded,,852/9,Sohagpur,,,GPCT3H2RH48YFY,,,,VLG-012,Shivpura Khurd,,
parcel,PCL-0538,,0.23,,,22.686638,77.77276,,,,Narmadapuram,,,,,,,,,,,,"{""type"": ""Polygon"", ""coordinates"": [[[77.7725062, 22.6867884], [77.7725497, 22.6866053], [77.7726261, 22.686425], [77.7728285, 22.6863405], [77.7729678, 22.6865955], [77.7730181, 22.6867473], [77.7727747, 22.6869044], [77.7725062, 22.6867884]]]}",,,,Barren,,,,,,,,,OWN-0298,PCL-0538,,,PRJ-004,Tawa Canal Extension (Irrigation),,,,,,,,possessed,,459/3,Itarsi,,,N7PY4UB7QBQD36,,,,VLG-010,Harijpur Kalan,,
parcel,PCL-0539,,1.79,,,22.692072,77.783944,,,,Narmadapuram,,,,,,,,,,,,"{""type"": ""Polygon"", ""coordinates"": [[[77.7837896, 22.6927764], [77.7834147, 22.6925207], [77.7832598, 22.6920015], [77.7836845, 22.6916311], [77.784275, 22.6914549], [77.7846539, 22.6919974], [77.78459, 22.6924419], [77.7837896, 22.6927764]]]}",,,,Barren,,,,,,,,,OWN-0104,PCL-0539,,,PRJ-004,Tawa Canal Extension (Irrigation),,,,,,,,compensation_paid,,87/7,Itarsi,,,VY5CYZ3PVRFD6P,,,,VLG-010,Harijpur Kalan,,
parcel,PCL-0540,,0.15,,,22.74457,77.92154,,,,Narmadapuram,,,,,,,,,,,,"{""type"": ""Polygon"", ""coordinates"": [[[77.9213726, 22.7446282], [77.9213575, 22.7444307], [77.9215524, 22.7444028], [77.9216928, 22.7445128], [77.9217217, 22.7446841], [77.9215553, 22.7447972], [77.9213726, 22.7446282]]]}",,,,Agricultural,,,,,,,,,OWN-0111,PCL-0540,,,PRJ-004,Tawa Canal Extension (Irrigation),,,,,,,,possessed,,381/5,Sohagpur,,,8KAGKSDJZUXWBD,,,,VLG-014,Balaji Nagar Buzurg,,
parcel,PCL-0541,,1.81,,,22.834226,78.035432,,,,Narmadapuram,,,,,,,,,,,,"{""type"": ""Polygon"", ""coordinates"": [[[78.0363167, 22.8344355], [78.035677, 22.8348971], [78.0350853, 22.8348845], [78.0347241, 22.8344363], [78.034845, 22.8338939], [78.0354145, 22.8337304], [78.0361526, 22.833806], [78.0363167, 22.8344355]]]}",,,,Barren,,,,,,,,,OWN-0226,PCL-0541,,,PRJ-004,Tawa Canal Extension (Irrigation),,,,,,,,notified,,791/1,Sohagpur,,,BBFUQWLVQB9TG6,,,,VLG-012,Shivpura Khurd,,
parcel,PCL-0542,,2.89,,,22.702083,77.773851,,,,Narmadapuram,,,,,,,,,,,,"{""type"": ""Polygon"", ""coordinates"": [[[77.7737594, 22.7011679], [77.7746342, 22.7017542], [77.7747748, 22.7026173], [77.7739283, 22.7028627], [77.7731156, 22.7024639], [77.7732655, 22.7017744], [77.7737594, 22.7011679]]]}",,,,Barren,,,,,,,,,OWN-0039,PCL-0542,,,PRJ-004,Tawa Canal Extension (Irrigation),,,,,,,,notified,,133/4,Itarsi,,,UCZ276GMZFZCSG,,,,VLG-010,Harijpur Kalan,,
parcel,PCL-0543,,0.58,,,22.71613,77.815691,,,,Narmadapuram,,,,,,,,,,,,"{""type"": ""Polygon"", ""coordinates"": [[[77.8154932, 22.7164529], [77.8152249, 22.7159946], [77.8157052, 22.7158052], [77.8160585, 22.7159327], [77.8159494, 22.716369], [77.8154932, 22.7164529]]]}",,,,Agricultural,,,,,,,,,OWN-0035,PCL-0543,,,PRJ-004,Tawa Canal Extension (Irrigation),,,,,,,,compensation_paid,,598/9,Itarsi,,,2N4FWJ83WUVVKA,,,,VLG-002,Narmadapur Kalan,,
parcel,PCL-0544,,2.42,,,22.747899,77.925523,,,,Narmadapuram,,,,,,,,,,,,"{""type"": ""Polygon"", ""coordinates"": [[[77.9248578, 22.7476761], [77.9250806, 22.7470393], [77.9259234, 22.7474238], [77.9262343, 22.7480207], [77.9259569, 22.7487452], [77.9250181, 22.748553], [77.9248578, 22.7476761]]]}",,,,Barren,,,,,,,,,OWN-0390,PCL-0544,,,PRJ-004,Tawa Canal Extension (Irrigation),,,,,,,,compensation_paid,,696/7,Sohagpur,,,HSHR4A2FBS7FHG,,,,VLG-014,Balaji Nagar Buzurg,,
parcel,PCL-0545,,0.46,,,22.701398,77.772143,,,,Narmadapuram,,,,,,,,,,,,"{""type"": ""Polygon"", ""coordinates"": [[[77.7719599, 22.7011433], [77.7723043, 22.7010754], [77.7724508, 22.7013471], [77.772386, 22.7015228], [77.7721746, 22.7016984], [77.7719445, 22.7015838], [77.7716794, 22.7013668], [77.7719599, 22.7011433]]]}",,,,Barren,,,,,,,,,OWN-0576,PCL-0545,,,PRJ-004,Tawa Canal Extension (Irrigation),,,,,,,,possessed,,649/2,Itarsi,,,VAXFQLWH6AVV6C,,,,VLG-010,Harijpur Kalan,,
parcel,PCL-0546,,1.3,,,22.566559,77.887047,,,,Narmadapuram,,,,,,,,,,,,"{""type"": ""Polygon"", ""coordinates"": [[[77.8873373, 22.5660643], [77.8877837, 22.5665391], [77.8871954, 22.5670242], [77.8866916, 22.5668668], [77.8866378, 22.5661866], [77.8873373, 22.5660643]]]}",,,,Agricultural,,,,,,,,,OWN-0279,PCL-0546,,,PRJ-004,Tawa Canal Extension (Irrigation),,,,,,,,possessed,,323/8,Itarsi,,,JK7W8TD7TBQP6S,,,,VLG-007,Narmadapur Khurd,,
parcel,PCL-0547,,1.92,,,22.701747,77.777368,,,,Narmadapuram,,,,,,,,,,,,"{""type"": ""Polygon"", ""coordinates"": [[[77.7780112, 22.7018535], [77.7777525, 22.7022254], [77.7767917, 22.702471], [77.7767416, 22.701776], [77.7769469, 22.7009523], [77.7777175, 22.7009783], [77.7780112, 22.7018535]]]}",,,,Agricultural,,,,,,,,,OWN-0172,PCL-0547,,,PRJ-004,Tawa Canal Extension (Irrigation),,,,,,,,proposed,,437/8,Itarsi,,,YQECY93RFCFB3X,,,,VLG-010,Harijpur Kalan,,
parcel,PCL-0548,,2.38,,,22.632957,77.850026,,,,Narmadapuram,,,,,,,,,,,,"{""type"": ""Polygon"", ""coordinates"": [[[77.8495692, 22.6333697], [77.8491136, 22.6324577], [77.8502098, 22.6321495], [77.8508142, 22.6330004], [77.8503211, 22.6337292], [77.8495692, 22.6333697]]]}",,,,Agricultural,,,,,,,,,OWN-0279,PCL-0548,,,PRJ-004,Tawa Canal Extension (Irrigation),,,,,,,,awarded,,521/5,Itarsi,,,E7AR3GBD77AE69,,,,VLG-008,Govindpur Buzurg,,
parcel,PCL-0549,,1.49,,,22.706871,77.810644,,,,Narmadapuram,,,,,,,,,,,,"{""type"": ""Polygon"", ""coordinates"": [[[77.8110297, 22.7061889], [77.8111655, 22.7068885], [77.8106989, 22.7073392], [77.8100774, 22.7073198], [77.8102466, 22.7065875], [77.8110297, 22.7061889]]]}",,,,Residential,,,,,,,,,OWN-0631,PCL-0549,,,PRJ-004,Tawa Canal Extension (Irrigation),,,,,,,,proposed,,25/3,Itarsi,,,FTUUFYX56TQQQV,,,,VLG-002,Narmadapur Kalan,,
parcel,PCL-0550,,2.22,,,22.701036,77.783879,,,,Narmadapuram,,,,,,,,,,,,"{""type"": ""Polygon"", ""coordinates"": [[[77.784807, 22.7006003], [77.7845886, 22.7015483], [77.7836432, 22.7018589], [77.7829635, 22.7014184], [77.7832283, 22.7004149], [77.783953, 22.7002014], [77.784807, 22.7006003]]]}",,,,Barren,,,,,,,,,OWN-0185,PCL-0550,,,PRJ-004,Tawa Canal Extension (Irrigation),,,,,,,,awarded,,394/7,Itarsi,,,YP2H87RG7PV5KT,,,,VLG-010,Harijpur Kalan,,
parcel,PCL-0551,,2.18,,,22.640516,77.678936,,,,Narmadapuram,,,,,,,,,,,,"{""type"": ""Polygon"", ""coordinates"": [[[77.6794003, 22.6397324], [77.6796298, 22.6402977], [77.6796912, 22.6410672], [77.6790803, 22.6412433], [77.6782583, 22.6409667], [77.6782505, 22.6403739], [77.6783228, 22.639782], [77.6794003, 22.6397324]]]}",,,,Agricultural,,,,,,,,,OWN-0591,PCL-0551,,,PRJ-004,Tawa Canal Extension (Irrigation),,,,,,,,notified,,206/2,Itarsi,,,826C5AZZG8QW7J,,,,VLG-005,Ratangarh,,
parcel,PCL-0552,,0.45,,,22.632324,77.972135,,,,Narmadapuram,,,,,,,,,,,,"{""type"": ""Polygon"", ""coordinates"": [[[77.9722553, 22.6320666], [77.9725501, 22.6322643], [77.9724274, 22.6324985], [77.9721168, 22.6326706], [77.9719303, 22.6324844], [77.9717531, 22.6322094], [77.9719855, 22.63205], [77.9722553, 22.6320666]]]}",,,,Mixed Use,,,,,,,,,OWN-0237,PCL-0552,,,PRJ-004,Tawa Canal Extension (Irrigation),,,,,,,,awarded,,614/4,Sohagpur,,,SJ8G33KZWJDXBM,,,,VLG-015,Lakshmipur Khurd,,
parcel,PCL-0553,,0.12,,,22.815785,77.909401,,,,Narmadapuram,,,,,,,,,,,,"{""type"": ""Polygon"", ""coordinates"": [[[77.9093398, 22.8156633], [77.9094918, 22.8156812], [77.9095933, 22.815835], [77.909401, 22.8159372], [77.909191, 22.8158438], [77.9093398, 22.8156633]]]}",,,,Agricultural,,,,,,,,,OWN-0527,PCL-0553,,,PRJ-004,Tawa Canal Extension (Irrigation),,,,,,,,awarded,,84/3,Sohagpur,,,FQADJNV2D38JNP,,,,VLG-016,Sonpur,,
parcel,PCL-0554,,0.86,,,22.805131,77.902307,,,,Narmadapuram,,,,,,,,,,,,"{""type"": ""Polygon"", ""coordinates"": [[[77.9028574, 22.8048338], [77.9029534, 22.8051977], [77.9025243, 22.8056815], [77.9019886, 22.8055715], [77.9019324, 22.8052769], [77.9019059, 22.8047356], [77.9023015, 22.8047571], [77.9028574, 22.8048338]]]}",,,,Barren,,,,,,,,,OWN-0421,PCL-0554,,,PRJ-004,Tawa Canal Extension (Irrigation),,,,,,,,notified,,219/2,Sohagpur,,,3UH82EQBKN4SH5,,,,VLG-016,Sonpur,,
parcel,PCL-0555,,1.33,,,22.710686,77.8854,,,,Narmadapuram,,,,,,,,,,,,"{""type"": ""Polygon"", ""coordinates"": [[[77.8848683, 22.7103908], [77.8852648, 22.7100026], [77.8858571, 22.7101571], [77.8860972, 22.7108041], [77.885711, 22.711254], [77.8851508, 22.7110923], [77.8848993, 22.7107729], [77.8848683, 22.7103908]]]}",,,,Agricultural,,,,,,,,,OWN-0412,PCL-0555,,,PRJ-004,Tawa Canal Extension (Irrigation),,,,,,,,possessed,,825/8,Sohagpur,,,GM2R7SWLMWM4SS,,,,VLG-019,Mohanpur Buzurg,,
parcel,PCL-0556,,1.61,,,22.705874,77.813905,,,,Narmadapuram,,,,,,,,,,,,"{""type"": ""Polygon"", ""coordinates"": [[[77.8134208, 22.7053019], [77.8139697, 22.7053742], [77.8144155, 22.7056936], [77.8147462, 22.7061146], [77.8141672, 22.7064412], [77.8135837, 22.7065283], [77.8132053, 22.7060377], [77.8134208, 22.7053019]]]}",,,,Mixed Use,,,,,,,,,OWN-0342,PCL-0556,,,PRJ-004,Tawa Canal Extension (Irrigation),,,,,,,,awarded,,325/6,Itarsi,,,D2L88DLYGKBT2R,,,,VLG-002,Narmadapur Kalan,,
parcel,PCL-0557,,0.44,,,22.750634,77.924103,,,,Narmadapuram,,,,,,,,,,,,"{""type"": ""Polygon"", ""coordinates"": [[[77.923905, 22.7508316], [77.9237975, 22.7505378], [77.9240712, 22.7503922], [77.9243752, 22.7504566], [77.9244472, 22.7507794], [77.9241611, 22.751017], [77.923905, 22.7508316]]]}",,,,Mixed Use,,,,,,,,,OWN-0585,PCL-0557,,,PRJ-004,Tawa Canal Extension (Irrigation),,,,,,,,compensation_paid,,201/6,Sohagpur,,,9WYEKS6TFEE8P3,,,,VLG-014,Balaji Nagar Buzurg,,
parcel,PCL-0558,,0.73,,,22.805512,77.906961,,,,Narmadapuram,,,,,,,,,,,,"{""type"": ""Polygon"", ""coordinates"": [[[77.9065008, 22.8058145], [77.9065912, 22.8054299], [77.9069641, 22.8051296], [77.9072953, 22.8053229], [77.9072955, 22.805578], [77.9070955, 22.805901], [77.9065008, 22.8058145]]]}",,,,Residential,,,,,,,,,OWN-0521,PCL-0558,,,PRJ-004,Tawa Canal Extension (Irrigation),,,,,,,,notified,,717/3,Sohagpur,,,LSJ7QLHC8NFL6Q,,,,VLG-016,Sonpur,,
parcel,PCL-0559,,2.95,,,22.634004,77.860481,,,,Narmadapuram,,,,,,,,,,,,"{""type"": ""Polygon"", ""coordinates"": [[[77.8610217, 22.6344833], [77.8602429, 22.6348209], [77.8596774, 22.6342138], [77.8600106, 22.6333922], [77.8608971, 22.6332576], [77.8614181, 22.6339754], [77.8610217, 22.6344833]]]}",,,,Residential,,,,,,,,,OWN-0215,PCL-0559,,,PRJ-004,Tawa Canal Extension (Irrigation),,,,,,,,compensation_paid,,645/7,Itarsi,,,WELWYXFBBZFCHV,,,,VLG-008,Govindpur Buzurg,,
parcel,PCL-0560,,2.33,,,22.749653,77.993972,,,,Narmadapuram,,,,,,,,,,,,"{""type"": ""Polygon"", ""coordinates"": [[[77.99426, 22.7502443], [77.9933745, 22.7501657], [77.993328, 22.7492897], [77.994192, 22.7488375], [77.9949068, 22.7496155], [77.99426, 22.7502443]]]}",,,,Mixed Use,,,,,,,,,OWN-0279,PCL-0560,,,PRJ-004,Tawa Canal Extension (Irrigation),,,,,,,,notified,,700/3,Sohagpur,,,TN7XPH5KBH43QH,,,,VLG-011,Sitapur Buzurg,,
parcel,PCL-0561,,1.88,,,22.636925,77.861771,,,,Narmadapuram,,,,,,,,,,,,"{""type"": ""Polygon"", ""coordinates"": [[[77.8615376, 22.637731], [77.8611662, 22.6371677], [77.8609407, 22.6365191], [77.861671, 22.6362615], [77.8622551, 22.636411], [77.8625431, 22.6368971], [77.8622672, 22.637564], [77.8615376, 22.637731]]]}",,,,Agricultural,,,,,,,,,OWN-0103,PCL-0561,,,PRJ-004,Tawa Canal Extension (Irrigation),,,,,,,,awarded,,338/2,Itarsi,,,94VK4LAJUGHYAW,,,,VLG-008,Govindpur Buzurg,,
parcel,PCL-0562,,1.87,,,22.711808,77.81471,,,,Narmadapuram,,,,,,,,,,,,"{""type"": ""Polygon"", ""coordinates"": [[[77.8139295, 22.7121548], [77.8138416, 22.7116153], [77.8145489, 22.7111817], [77.815222, 22.7112009], [77.8155653, 22.7116406], [77.8150863, 22.7121917], [77.8145984, 22.7125123], [77.8139295, 22.7121548]]]}",,,,Agricultural,,,,,,,,,OWN-0664,PCL-0562,,,PRJ-004,Tawa Canal Extension (Irrigation),,,,,,,,possessed,,456/5,Itarsi,,,RYTDV93MXNZCGF,,,,VLG-002,Narmadapur Kalan,,
parcel,PCL-0563,,2.35,,,22.567278,77.891329,,,,Narmadapuram,,,,,,,,,,,,"{""type"": ""Polygon"", ""coordinates"": [[[77.8906202, 22.5676501], [77.8905778, 22.5668926], [77.8911772, 22.5666374], [77.8918986, 22.5668473], [77.8923888, 22.5673499], [77.8920692, 22.5679444], [77.8911062, 22.5682073], [77.8906202, 22.5676501]]]}",,,,Residential,,,,,,,,,OWN-0520,PCL-0563,,,PRJ-004,Tawa Canal Extension (Irrigation),,,,,,,,possessed,,8/8,Itarsi,,,H5EVJMQZXUZMCW,,,,VLG-007,Narmadapur Khurd,,
parcel,PCL-0564,,1.73,,,22.569308,77.884778,,,,Narmadapuram,,,,,,,,,,,,"{""type"": ""Polygon"", ""coordinates"": [[[77.8843846, 22.5689365], [77.8847025, 22.5686645], [77.8853727, 22.5688994], [77.8854203, 22.5693422], [77.8851112, 22.5698623], [77.8844994, 22.5700724], [77.8839425, 22.5695341], [77.8843846, 22.5689365]]]}",,,,Barren,,,,,,,,,OWN-0399,PCL-0564,,,PRJ-004,Tawa Canal Extension (Irrigation),,,,,,,,proposed,,1/9,Itarsi,,,Y7CGYLMHPN22DA,,,,VLG-007,Narmadapur Khurd,,
parcel,PCL-0565,,0.89,,,22.708022,77.889665,,,,Narmadapuram,,,,,,,,,,,,"{""type"": ""Polygon"", ""coordinates"": [[[77.8893933, 22.7074971], [77.8900807, 22.7076459], [77.8902998, 22.7081895], [77.8895998, 22.7084672], [77.8892781, 22.7081391], [77.8893933, 22.7074971]]]}",,,,Barren,,,,,,,,,OWN-0586,PCL-0565,,,PRJ-004,Tawa Canal Extension (Irrigation),,,,,,,,notified,,619/8,Sohagpur,,,J7GX3DQP9YKZ3G,,,,VLG-019,Mohanpur Buzurg,,
parcel,PCL-0566,,2.35,,,22.825719,78.051885,,,,Narmadapuram,,,,,,,,,,,,"{""type"": ""Polygon"", ""coordinates"": [[[78.0518556, 22.8266682], [78.0515017, 22.8261553], [78.0510038, 22.8256483], [78.0514152, 22.8248332], [78.0524119, 22.8248801], [78.0526144, 22.825571], [78.0525884, 22.8261163], [78.0518556, 22.8266682]]]}",,,,Agricultural,,,,,,,,,OWN-0676,PCL-0566,,,PRJ-004,Tawa Canal Extension (Irrigation),,,,,,,,possessed,,259/5,Sohagpur,,,THC63L5J2XUQV6,,,,VLG-012,Shivpura Khurd,,
parcel,PCL-0567,,0.42,,,22.701215,77.77347,,,,Narmadapuram,,,,,,,,,,,,"{""type"": ""Polygon"", ""coordinates"": [[[77.7734689, 22.7015714], [77.7731091, 22.7014477], [77.7730412, 22.7010983], [77.7733253, 22.700843], [77.7736635, 22.7009479], [77.7738785, 22.7011656], [77.7736758, 22.7014514], [77.7734689, 22.7015714]]]}",,,,Residential,,,,,,,,,OWN-0462,PCL-0567,,,PRJ-004,Tawa Canal Extension (Irrigation),,,,,,,,possessed,,520/4,Itarsi,,,9X4E28VPVC9PD6,,,,VLG-010,Harijpur Kalan,,
parcel,PCL-0568,,0.38,,,22.709394,77.812618,,,,Narmadapuram,,,,,,,,,,,,"{""type"": ""Polygon"", ""coordinates"": [[[77.8128877, 22.7096199], [77.8126327, 22.7097335], [77.8123934, 22.7094831], [77.8123812, 22.7092468], [77.8126437, 22.709144], [77.8129381, 22.7092073], [77.8128877, 22.7096199]]]}",,,,Agricultural,,,,,,,,,OWN-0014,PCL-0568,,,PRJ-004,Tawa Canal Extension (Irrigation),,,,,,,,objections,,242/4,Itarsi,,,4XJXCMQFJ3WNL7,,,,VLG-002,Narmadapur Kalan,,
parcel,PCL-0569,,2.11,,,22.575193,77.889471,,,,Narmadapuram,,,,,,,,,,,,"{""type"": ""Polygon"", ""coordinates"": [[[77.888804, 22.5747222], [77.8895303, 22.5746081], [77.8901085, 22.5749415], [77.8899769, 22.5756454], [77.8892222, 22.5758184], [77.8888522, 22.5754598], [77.888804, 22.5747222]]]}",,,,Barren,,,,,,,,,OWN-0377,PCL-0569,,,PRJ-004,Tawa Canal Extension (Irrigation),,,,,,,,objections,,353/8,Itarsi,,,CKCC4H8SEN4VSZ,,,,VLG-007,Narmadapur Khurd,,
parcel,PCL-0570,,2.42,,,22.819959,78.048903,,,,Narmadapuram,,,,,,,,,,,,"{""type"": ""Polygon"", ""coordinates"": [[[78.0497141, 22.8205875], [78.0484878, 22.8208716], [78.0479654, 22.8200228], [78.0487939, 22.8193935], [78.0494201, 22.8196268], [78.0497141, 22.8205875]]]}",,,,Agricultural,,,,,,,,,OWN-0106,PCL-0570,,,PRJ-004,Tawa Canal Extension (Irrigation),,,,,,,,compensation_paid,,928/3,Sohagpur,,,LKRBZ2UU4YRASZ,,,,VLG-012,Shivpura Khurd,,
parcel,PCL-0571,,2.45,,,22.567498,77.882977,,,,Narmadapuram,,,,,,,,,,,,"{""type"": ""Polygon"", ""coordinates"": [[[77.8837229, 22.5672912], [77.8835155, 22.5681155], [77.8822968, 22.5680561], [77.8820432, 22.5670304], [77.8829992, 22.5666402], [77.8837229, 22.5672912]]]}",,,,Agricultural,,,,,,,,,OWN-0197,PCL-0571,,,PRJ-004,Tawa Canal Extension (Irrigation),,,,,,,,awarded,,591/1,Itarsi,,,S4CBMR32K5BMMK,,,,VLG-007,Narmadapur Khurd,,
parcel,PCL-0572,,1.39,,,22.697008,77.783248,,,,Narmadapuram,,,,,,,,,,,,"{""type"": ""Polygon"", ""coordinates"": [[[77.7835987, 22.6973102], [77.7831038, 22.6977332], [77.7826304, 22.6973646], [77.7827585, 22.6965308], [77.7832558, 22.6965597], [77.7837543, 22.6968308], [77.7835987, 22.6973102]]]}",,,,Agricultural,,,,,,,,,OWN-0034,PCL-0572,,,PRJ-004,Tawa Canal Extension (Irrigation),,,,,,,,objections,,469/7,Itarsi,,,8LH2MENRQEL2KH,,,,VLG-010,Harijpur Kalan,,
parcel,PCL-0573,,0.75,,,22.564695,77.885434,,,,Narmadapuram,,,,,,,,,,,,"{""type"": ""Polygon"", ""coordinates"": [[[77.8859216, 22.5647447], [77.885493, 22.5651333], [77.8850901, 22.5649785], [77.8849786, 22.5646153], [77.885265, 22.5643415], [77.8857757, 22.5643937], [77.8859216, 22.5647447]]]}",,,,Residential,,,,,,,,,OWN-0456,PCL-0573,,,PRJ-004,Tawa Canal Extension (Irrigation),,,,,,,,awarded,,809/3,Itarsi,,,KD3NKLBFL4DUS4,,,,VLG-007,Narmadapur Khurd,,
parcel,PCL-0574,,1.16,,,22.631526,77.857276,,,,Narmadapuram,,,,,,,,,,,,"{""type"": ""Polygon"", ""coordinates"": [[[77.8566781, 22.6316532], [77.8569611, 22.6309513], [77.8576329, 22.6309496], [77.8578449, 22.6315795], [77.8575266, 22.6319374], [77.8569817, 22.6319431], [77.8566781, 22.6316532]]]}",,,,Agricultural,,,,,,,,,OWN-0223,PCL-0574,,,PRJ-004,Tawa Canal Extension (Irrigation),,,,,,,,objections,,464/9,Itarsi,,,7S89SA6AT4W877,,,,VLG-008,Govindpur Buzurg,,
parcel,PCL-0575,,0.35,,,22.637616,77.862975,,,,Narmadapuram,,,,,,,,,,,,"{""type"": ""Polygon"", ""coordinates"": [[[77.8626455, 22.6376595], [77.8626845, 22.6374736], [77.8629848, 22.6373769], [77.8631849, 22.6374727], [77.8633373, 22.6376571], [77.8631343, 22.6379253], [77.8628832, 22.6378922], [77.8626455, 22.6376595]]]}",,,,Residential,,,,,,,,,OWN-0201,PCL-0575,,,PRJ-004,Tawa Canal Extension (Irrigation),,,,,,,,proposed,,887/8,Itarsi,,,E5CX23ANE32V8Z,,,,VLG-008,Govindpur Buzurg,,
parcel,PCL-0576,,0.52,,,22.78324,77.957946,,,,Narmadapuram,,,,,,,,,,,,"{""type"": ""Polygon"", ""coordinates"": [[[77.9583459, 22.7829529], [77.9583532, 22.783388], [77.9579103, 22.783578], [77.9576429, 22.7832569], [77.9578141, 22.7830027], [77.9583459, 22.7829529]]]}",,,,Mixed Use,,,,,,,,,OWN-0088,PCL-0576,,,PRJ-004,Tawa Canal Extension (Irrigation),,,,,,,,awarded,,632/9,Sohagpur,,,SB6AH8A39GZLC8,,,,VLG-013,Harijpur Buzurg,,
parcel,PCL-0577,,0.4,,,22.70948,77.817216,,,,Narmadapuram,,,,,,,,,,,,"{""type"": ""Polygon"", ""coordinates"": [[[77.817537, 22.7095618], [77.8172616, 22.7097746], [77.8169688, 22.7096727], [77.8168751, 22.7093335], [77.8171556, 22.7092406], [77.8175107, 22.7091785], [77.817537, 22.7095618]]]}",,,,Barren,,,,,,,,,OWN-0585,PCL-0577,,,PRJ-004,Tawa Canal Extension (Irrigation),,,,,,,,proposed,,948/1,Itarsi,,,D8DG9ZBMAZDKYU,,,,VLG-002,Narmadapur Kalan,,
parcel,PCL-0578,,0.57,,,22.635802,77.689628,,,,Narmadapuram,,,,,,,,,,,,"{""type"": ""Polygon"", ""coordinates"": [[[77.6894663, 22.6355501], [77.6898321, 22.6355525], [77.6900355, 22.63578], [77.6899501, 22.6361333], [77.6896211, 22.6362164], [77.6892534, 22.636032], [77.6892787, 22.6356746], [77.6894663, 22.6355501]]]}",,,,Agricultural,,,,,,,,,OWN-0614,PCL-0578,,,PRJ-004,Tawa Canal Extension (Irrigation),,,,,,,,notified,,433/6,Itarsi,,,6VSLYK2SLDUF3U,,,,VLG-005,Ratangarh,,
parcel,PCL-0579,,2.36,,,22.566831,77.88072,,,,Narmadapuram,,,,,,,,,,,,"{""type"": ""Polygon"", ""coordinates"": [[[77.881206, 22.5659916], [77.8815342, 22.5667183], [77.8812369, 22.5675072], [77.8806462, 22.5675824], [77.8798827, 22.567269], [77.8798641, 22.5664066], [77.8805578, 22.5660905], [77.881206, 22.5659916]]]}",,,,Barren,,,,,,,,,OWN-0693,PCL-0579,,,PRJ-004,Tawa Canal Extension (Irrigation),,,,,,,,awarded,,923/7,Itarsi,,,AWX9F7VCZV3FTT,,,,VLG-007,Narmadapur Khurd,,
parcel,PCL-0580,,0.2,,,22.701527,77.767639,,,,Narmadapuram,,,,,,,,,,,,"{""type"": ""Polygon"", ""coordinates"": [[[77.767362, 22.7015515], [77.7675369, 22.7013289], [77.7677193, 22.7013783], [77.7678919, 22.7015418], [77.7677594, 22.7016887], [77.7675076, 22.701691], [77.767362, 22.7015515]]]}",,,,Barren,,,,,,,,,OWN-0606,PCL-0580,,,PRJ-004,Tawa Canal Extension (Irrigation),,,,,,,,possessed,,112/2,Itarsi,,,HFDZES45WQLERY,,,,VLG-010,Harijpur Kalan,,
parcel,PCL-0581,,0.44,,,22.630151,77.85879,,,,Narmadapuram,,,,,,,,,,,,"{""type"": ""Polygon"", ""coordinates"": [[[77.858405, 22.6302312], [77.8584502, 22.6298995], [77.8586926, 22.6297768], [77.859031, 22.6299979], [77.8590939, 22.6302331], [77.8590374, 22.6305089], [77.8586216, 22.6305386], [77.858405, 22.6302312]]]}",,,,Agricultural,,,,,,,,,OWN-0340,PCL-0581,,,PRJ-004,Tawa Canal Extension (Irrigation),,,,,,,,proposed,,304/9,Itarsi,,,L8GKEU8ST6V2AU,,,,VLG-008,Govindpur Buzurg,,
parcel,PCL-0582,,0.82,,,22.687746,77.774603,,,,Narmadapuram,,,,,,,,,,,,"{""type"": ""Polygon"", ""coordinates"": [[[77.7741237, 22.6876503], [77.7744937, 22.6873829], [77.7747651, 22.6874288], [77.7750395, 22.6876387], [77.7749634, 22.6879686], [77.7745079, 22.6882281], [77.7741762, 22.6879408], [77.7741237, 22.6876503]]]}",,,,Agricultural,,,,,,,,,OWN-0439,PCL-0582,,,PRJ-004,Tawa Canal Extension (Irrigation),,,,,,,,possessed,,635/9,Itarsi,,,778XUTXS6UERTA,,,,VLG-010,Harijpur Kalan,,
parcel,PCL-0583,,2.79,,,22.701198,77.769004,,,,Narmadapuram,,,,,,,,,,,,"{""type"": ""Polygon"", ""coordinates"": [[[77.7701124, 22.7010624], [77.7696778, 22.7016436], [77.7688852, 22.701885], [77.7681589, 22.7016943], [77.7680034, 22.7010162], [77.7686488, 22.7004808], [77.7694548, 22.7004051], [77.7701124, 22.7010624]]]}",,,,Residential,,,,,,,,,OWN-0286,PCL-0583,,,PRJ-004,Tawa Canal Extension (Irrigation),,,,,,,,proposed,,862/9,Itarsi,,,UU8R5Y4HEZ43JJ,,,,VLG-010,Harijpur Kalan,,
parcel,PCL-0584,,2.62,,,22.711152,77.883171,,,,Narmadapuram,,,,,,,,,,,,"{""type"": ""Polygon"", ""coordinates"": [[[77.8841059, 22.7112818], [77.8835279, 22.7120844], [77.8826449, 22.7115662], [77.8821785, 22.7111385], [77.882779, 22.7102037], [77.8835528, 22.7106484], [77.8841059, 22.7112818]]]}",,,,Barren,,,,,,,,,OWN-0692,PCL-0584,,,PRJ-004,Tawa Canal Extension (Irrigation),,,,,,,,possessed,,181/8,Sohagpur,,,E4LUV7Y4NEGJEP,,,,VLG-019,Mohanpur Buzurg,,
parcel,PCL-0585,,0.14,,,22.634936,77.979288,,,,Narmadapuram,,,,,,,,,,,,"{""type"": ""Polygon"", ""coordinates"": [[[77.9790515, 22.6348555], [77.9792329, 22.6347733], [77.9794359, 22.6348289], [77.9794613, 22.6349988], [77.9793413, 22.6350894], [77.9791319, 22.635091], [77.9790515, 22.6348555]]]}",,,,Barren,,,,,,,,,OWN-0536,PCL-0585,,,PRJ-004,Tawa Canal Extension (Irrigation),,,,,,,,objections,,953/1,Sohagpur,,,LMXJEL25CWT2VM,,,,VLG-015,Lakshmipur Khurd,,
parcel,PCL-0586,,2.68,,,22.761164,77.998944,,,,Narmadapuram,,,,,,,,,,,,"{""type"": ""Polygon"", ""coordinates"": [[[77.9983012, 22.7614743], [77.9981517, 22.7606236], [77.9991755, 22.7605234], [77.9998356, 22.7609279], [77.9993923, 22.7616521], [77.9986395, 22.762123], [77.9983012, 22.7614743]]]}",,,,Agricultural,,,,,,,,,OWN-0164,PCL-0586,,,PRJ-004,Tawa Canal Extension (Irrigation),,,,,,,,notified,,940/1,Sohagpur,,,P525UJ682J5XM8,,,,VLG-011,Sitapur Buzurg,,
parcel,PCL-0587,,1.44,,,22.74804,77.988163,,,,Narmadapuram,,,,,,,,,,,,"{""type"": ""Polygon"", ""coordinates"": [[[77.9886412, 22.7486455], [77.9878446, 22.7484629], [77.9873524, 22.7478646], [77.9882378, 22.7476051], [77.9887758, 22.7477824], [77.9886412, 22.7486455]]]}",,,,Agricultural,,,,,,,,,OWN-0273,PCL-0587,,,PRJ-004,Tawa Canal Extension (Irrigation),,,,,,,,disputed_litigation,,654/6,Sohagpur,,,Z8RX5MNJ69CDSX,,,,VLG-011,Sitapur Buzurg,,
parcel,PCL-0588,,1.64,,,22.569711,77.889379,,,,Narmadapuram,,,,,,,,,,,,"{""type"": ""Polygon"", ""coordinates"": [[[77.8899505, 22.5695643], [77.8898715, 22.5703289], [77.8890945, 22.5702419], [77.8887531, 22.5694603], [77.8894361, 22.5691325], [77.8899505, 22.5695643]]]}",,,,Barren,,,,,,,,,OWN-0261,PCL-0588,,,PRJ-004,Tawa Canal Extension (Irrigation),,,,,,,,notified,,43/3,Itarsi,,,XXXU4Q67CUGG48,,,,VLG-007,Narmadapur Khurd,,
parcel,PCL-0589,,2.58,,,22.760323,77.982735,,,,Narmadapuram,,,,,,,,,,,,"{""type"": ""Polygon"", ""coordinates"": [[[77.9822794, 22.7596802], [77.9830219, 22.7596836], [77.9837351, 22.7601168], [77.9831836, 22.7609605], [77.9825469, 22.7613341], [77.9818003, 22.7605525], [77.9822794, 22.7596802]]]}",,,,Agricultural,,,,,,,,,OWN-0688,PCL-0589,,,PRJ-004,Tawa Canal Extension (Irrigation),,,,,,,,possessed,,442/8,Sohagpur,,,QPMMELUXY76BA5,,,,VLG-011,Sitapur Buzurg,,
parcel,PCL-0590,,2.06,,,22.70098,77.88667,,,,Narmadapuram,,,,,,,,,,,,"{""type"": ""Polygon"", ""coordinates"": [[[77.8863462, 22.7004726], [77.8869487, 22.7003044], [77.8874199, 22.7006896], [77.8871589, 22.7012912], [77.8867907, 22.7017886], [77.885964, 22.7016191], [77.8861071, 22.7008504], [77.8863462, 22.7004726]]]}",,,,Agricultural,,,,,,,,,OWN-0517,PCL-0590,,,PRJ-004,Tawa Canal Extension (Irrigation),,,,,,,,proposed,,511/2,Sohagpur,,,2KQRY5DWECBHZP,,,,VLG-019,Mohanpur Buzurg,,
parcel,PCL-0591,,0.91,,,22.630941,77.690426,,,,Narmadapuram,,,,,,,,,,,,"{""type"": ""Polygon"", ""coordinates"": [[[77.6909267, 22.6310251], [77.6907183, 22.6314265], [77.6901974, 22.6313205], [77.6898726, 22.6308939], [77.6902665, 22.6305178], [77.6907892, 22.6305625], [77.6909267, 22.6310251]]]}",,,,Barren,,,,,,,,,OWN-0362,PCL-0591,,,PRJ-004,Tawa Canal Extension (Irrigation),,,,,,,,possessed,,984/8,Itarsi,,,XXZZBXWR2JF6HV,,,,VLG-005,Ratangarh,,
parcel,PCL-0592,,2.64,,,22.566742,77.893781,,,,Narmadapuram,,,,,,,,,,,,"{""type"": ""Polygon"", ""coordinates"": [[[77.8927626, 22.5663281], [77.8938679, 22.566094], [77.8948609, 22.5666085], [77.8944904, 22.567528], [77.8929698, 22.5674131], [77.8927626, 22.5663281]]]}",,,,Agricultural,,,,,,,,,OWN-0661,PCL-0592,,,PRJ-004,Tawa Canal Extension (Irrigation),,,,,,,,compensation_paid,,513/3,Itarsi,,,E3WGEMFVZ9UUWK,,,,VLG-007,Narmadapur Khurd,,
parcel,PCL-0593,,0.22,,,22.698113,77.896224,,,,Narmadapuram,,,,,,,,,,,,"{""type"": ""Polygon"", ""coordinates"": [[[77.8960498, 22.6982421], [77.8959653, 22.6980952], [77.8961443, 22.6979381], [77.8963374, 22.6979471], [77.8965031, 22.6980639], [77.896473, 22.6982504], [77.8962632, 22.6983035], [77.8960498, 22.6982421]]]}",,,,Barren,,,,,,,,,OWN-0293,PCL-0593,,,PRJ-004,Tawa Canal Extension (Irrigation),,,,,,,,possessed,,10/3,Sohagpur,,,N5QUBSFMFCZLY8,,,,VLG-019,Mohanpur Buzurg,,
parcel,PCL-0594,,1.79,,,22.562549,77.878092,,,,Narmadapuram,,,,,,,,,,,,"{""type"": ""Polygon"", ""coordinates"": [[[77.8776065, 22.5622485], [77.8782753, 22.5619966], [77.878668, 22.5622651], [77.8787538, 22.5628876], [77.8779212, 22.5633853], [77.877502, 22.5627011], [77.8776065, 22.5622485]]]}",,,,Agricultural,,,,,,,,,OWN-0239,PCL-0594,,,PRJ-004,Tawa Canal Extension (Irrigation),,,,,,,,objections,,269/9,Itarsi,,,Z8ENP5M754FM9R,,,,VLG-007,Narmadapur Khurd,,
parcel,PCL-0595,,0.44,,,22.739338,77.923015,,,,Narmadapuram,,,,,,,,,,,,"{""type"": ""Polygon"", ""coordinates"": [[[77.9227566, 22.7390484], [77.9232114, 22.7389493], [77.9233363, 22.7393265], [77.9230405, 22.7396851], [77.9227151, 22.7395379], [77.9227566, 22.7390484]]]}",,,,Agricultural,,,,,,,,,OWN-0570,PCL-0595,,,PRJ-004,Tawa Canal Extension (Irrigation),,,,,,,,awarded,,559/9,Sohagpur,,,E24VZLNHGCKEPN,,,,VLG-014,Balaji Nagar Buzurg,,
parcel,PCL-0596,,2.9,,,22.640562,77.85986,,,,Narmadapuram,,,,,,,,,,,,"{""type"": ""Polygon"", ""coordinates"": [[[77.8589117, 22.6410228], [77.8593419, 22.6397717], [77.8605095, 22.6396391], [77.8608102, 22.6409656], [77.8598459, 22.6412171], [77.8589117, 22.6410228]]]}",,,,Agricultural,,,,,,,,,OWN-0012,PCL-0596,,,PRJ-004,Tawa Canal Extension (Irrigation),,,,,,,,awarded,,879/4,Itarsi,,,FH8UCWBHRPLBRT,,,,VLG-008,Govindpur Buzurg,,
parcel,PCL-0597,,1.17,,,22.694042,77.767104,,,,Narmadapuram,,,,,,,,,,,,"{""type"": ""Polygon"", ""coordinates"": [[[77.7675406, 22.6937217], [77.7677528, 22.6941819], [77.7672097, 22.69466], [77.7666349, 22.6944747], [77.7666708, 22.6938556], [77.7669469, 22.6935528], [77.7675406, 22.6937217]]]}",,,,Mixed Use,,,,,,,,,OWN-0121,PCL-0597,,,PRJ-004,Tawa Canal Extension (Irrigation),,,,,,,,compensation_paid,,404/1,Itarsi,,,N9EFDW6BN2PD53,,,,VLG-010,Harijpur Kalan,,
parcel,PCL-0598,,0.14,,,22.807655,77.908121,,,,Narmadapuram,,,,,,,,,,,,"{""type"": ""Polygon"", ""coordinates"": [[[77.9082689, 22.8075397], [77.9083673, 22.807671], [77.9082843, 22.8078119], [77.9080883, 22.8078379], [77.9079861, 22.8077357], [77.9079426, 22.807555], [77.9080671, 22.8075245], [77.9082689, 22.8075397]]]}",,,,Barren,,,,,,,,,OWN-0068,PCL-0598,,,PRJ-004,Tawa Canal Extension (Irrigation),,,,,,,,awarded,,281/1,Sohagpur,,,4NRMPVPB3X9UUN,,,,VLG-016,Sonpur,,
parcel,PCL-0599,,0.6,,,22.711557,77.808786,,,,Narmadapuram,,,,,,,,,,,,"{""type"": ""Polygon"", ""coordinates"": [[[77.8089691, 22.7112927], [77.8091429, 22.7116882], [77.8088068, 22.7119919], [77.8083691, 22.7116796], [77.8085346, 22.7113049], [77.8089691, 22.7112927]]]}",,,,Agricultural,,,,,,,,,OWN-0116,PCL-0599,,,PRJ-004,Tawa Canal Extension (Irrigation),,,,,,,,objections,,217/2,Itarsi,,,4BPVLR59P9N3NK,,,,VLG-002,Narmadapur Kalan,,
parcel,PCL-0600,,0.15,,,22.751376,77.986048,,,,Narmadapuram,,,,,,,,,,,,"{""type"": ""Polygon"", ""coordinates"": [[[77.9858601, 22.751445], [77.9859193, 22.751253], [77.9860727, 22.7511835], [77.9862055, 22.75133], [77.9862544, 22.751498], [77.9860461, 22.7515616], [77.9858601, 22.751445]]]}",,,,Agricultural,,,,,,,,,OWN-0341,PCL-0600,,,PRJ-004,Tawa Canal Extension (Irrigation),,,,,,,,proposed,,354/3,Sohagpur,,,683CHSYVAGHTSF,,,,VLG-011,Sitapur Buzurg,,
parcel,PCL-0601,,0.62,,,22.630707,77.678244,,,,Narmadapuram,,,,,,,,,,,,"{""type"": ""Polygon"", ""coordinates"": [[[77.6781918, 22.630407], [77.6785251, 22.6305307], [77.6786898, 22.6309766], [77.6780117, 22.6311402], [77.6778109, 22.6307585], [77.6781918, 22.630407]]]}",,,,Agricultural,,,,,,,,,OWN-0023,PCL-0601,,,PRJ-004,Tawa Canal Extension (Irrigation),,,,,,,,notified,,802/6,Itarsi,,,XXT2YSM3R2SQ96,,,,VLG-005,Ratangarh,,
parcel,PCL-0602,,2.44,,,22.832347,78.038363,,,,Narmadapuram,,,,,,,,,,,,"{""type"": ""Polygon"", ""coordinates"": [[[78.0382077, 22.8330262], [78.0376212, 22.8328015], [78.0374554, 22.8319651], [78.0380321, 22.8317473], [78.0386316, 22.831791], [78.0391795, 22.8323115], [78.0387464, 22.8328771], [78.0382077, 22.8330262]]]}",,,,Barren,,,,,,,,,OWN-0226,PCL-0602,,,PRJ-004,Tawa Canal Extension (Irrigation),,,,,,,,compensation_paid,,992/9,Sohagpur,,,28TJG6P2QZDW6B,,,,VLG-012,Shivpura Khurd,,
parcel,PCL-0603,,0.85,,,22.705698,77.895769,,,,Narmadapuram,,,,,,,,,,,,"{""type"": ""Polygon"", ""coordinates"": [[[77.8953473, 22.705882], [77.8954714, 22.7054737], [77.8959479, 22.7052067], [77.8963864, 22.7056728], [77.8958352, 22.7060337], [77.8953473, 22.705882]]]}",,,,Barren,,,,,,,,,OWN-0541,PCL-0603,,,PRJ-004,Tawa Canal Extension (Irrigation),,,,,,,,notified,,644/5,Sohagpur,,,TN87CA4M9XXHVM,,,,VLG-019,Mohanpur Buzurg,,
parcel,PCL-0604,,0.84,,,22.568375,77.887757,,,,Narmadapuram,,,,,,,,,,,,"{""type"": ""Polygon"", ""coordinates"": [[[77.8876164, 22.5687071], [77.8872006, 22.5684216], [77.8873846, 22.56799], [77.8877559, 22.5679274], [77.8880871, 22.5681514], [77.8881204, 22.5684094], [77.8880164, 22.5688992], [77.8876164, 22.5687071]]]}",,,,Mixed Use,,,,,,,,,OWN-0069,PCL-0604,,,PRJ-004,Tawa Canal Extension (Irrigation),,,,,,,,possessed,,664/8,Itarsi,,,PTV7UWMQWH4PQL,,,,VLG-007,Narmadapur Khurd,,
parcel,PCL-0605,,2.74,,,22.826026,78.043906,,,,Narmadapuram,,,,,,,,,,,,"{""type"": ""Polygon"", ""coordinates"": [[[78.0436847, 22.8254349], [78.0443413, 22.8255665], [78.0448669, 22.8265879], [78.0438039, 22.8269601], [78.0429289, 22.8261699], [78.0436847, 22.8254349]]]}",,,,Agricultural,,,,,,,,,OWN-0077,PCL-0605,,,PRJ-004,Tawa Canal Extension (Irrigation),,,,,,,,awarded,,756/4,Sohagpur,,,CTVUFUMRWYKNP8,,,,VLG-012,Shivpura Khurd,,
parcel,PCL-0606,,1.65,,,22.707667,77.808852,,,,Narmadapuram,,,,,,,,,,,,"{""type"": ""Polygon"", ""coordinates"": [[[77.808472, 22.7070951], [77.8091174, 22.7072471], [77.8096964, 22.7075273], [77.8092921, 22.7082388], [77.8084431, 22.7081855], [77.8082101, 22.7076301], [77.808472, 22.7070951]]]}",,,,Agricultural,,,,,,,,,OWN-0067,PCL-0606,,,PRJ-004,Tawa Canal Extension (Irrigation),,,,,,,,awarded,,856/9,Itarsi,,,7CTEA9HH4HEV3S,,,,VLG-002,Narmadapur Kalan,,
parcel,PCL-0607,,2.17,,,22.630972,77.848554,,,,Narmadapuram,,,,,,,,,,,,"{""type"": ""Polygon"", ""coordinates"": [[[77.8490594, 22.6302557], [77.8494988, 22.630954], [77.8492168, 22.6315741], [77.8482791, 22.6316692], [77.8476441, 22.6312261], [77.8476797, 22.630528], [77.8484568, 22.630119], [77.8490594, 22.6302557]]]}",,,,Agricultural,,,,,,,,,OWN-0190,PCL-0607,,,PRJ-004,Tawa Canal Extension (Irrigation),,,,,,,,possessed,,247/8,Itarsi,,,8U97AD8HKXRMXG,,,,VLG-008,Govindpur Buzurg,,
parcel,PCL-0608,,2.28,,,22.789126,77.96048,,,,Narmadapuram,,,,,,,,,,,,"{""type"": ""Polygon"", ""coordinates"": [[[77.9598183, 22.7890023], [77.9604773, 22.7881588], [77.9611841, 22.7888012], [77.9610516, 22.7898093], [77.9600906, 22.7897682], [77.9598183, 22.7890023]]]}",,,,Mixed Use,,,,,,,,,OWN-0209,PCL-0608,,,PRJ-004,Tawa Canal Extension (Irrigation),,,,,,,,possessed,,563/4,Sohagpur,,,Z7E4V3JGAAN8AB,,,,VLG-013,Harijpur Buzurg,,
parcel,PCL-0609,,2.45,,,22.815671,77.906254,,,,Narmadapuram,,,,,,,,,,,,"{""type"": ""Polygon"", ""coordinates"": [[[77.9057534, 22.8150722], [77.9064772, 22.8147844], [77.907228, 22.8152572], [77.9068665, 22.8158345], [77.9064444, 22.8165787], [77.905696, 22.8163157], [77.9053883, 22.8156197], [77.9057534, 22.8150722]]]}",,,,Agricultural,,,,,,,,,OWN-0278,PCL-0609,,,PRJ-004,Tawa Canal Extension (Irrigation),,,,,,,,notified,,609/3,Sohagpur,,,59V64M4YD8UTX3,,,,VLG-016,Sonpur,,
parcel,PCL-0610,,0.49,,,22.631497,77.684518,,,,Narmadapuram,,,,,,,,,,,,"{""type"": ""Polygon"", ""coordinates"": [[[77.6847752, 22.6316584], [77.6845661, 22.6319481], [77.6841972, 22.6316833], [77.6841156, 22.6312878], [77.6845649, 22.6312058], [77.6847797, 22.6313515], [77.6847752, 22.6316584]]]}",,,,Barren,,,,,,,,,OWN-0191,PCL-0610,,,PRJ-004,Tawa Canal Extension (Irrigation),,,,,,,,notified,,448/3,Itarsi,,,3QDPJ2SYLZ6QRA,,,,VLG-005,Ratangarh,,
parcel,PCL-0611,,2.3,,,22.63939,77.987252,,,,Narmadapuram,,,,,,,,,,,,"{""type"": ""Polygon"", ""coordinates"": [[[77.9872518, 22.6386722], [77.9879835, 22.6390876], [77.9879807, 22.6398793], [77.9871884, 22.6401127], [77.9866399, 22.639609], [77.9865568, 22.6389226], [77.9872518, 22.6386722]]]}",,,,Agricultural,,,,,,,,,OWN-0649,PCL-0611,,,PRJ-004,Tawa Canal Extension (Irrigation),,,,,,,,awarded,,589/1,Sohagpur,,,DYP34PNJ95QPSJ,,,,VLG-015,Lakshmipur Khurd,,
parcel,PCL-0612,,2.84,,,22.750147,77.993747,,,,Narmadapuram,,,,,,,,,,,,"{""type"": ""Polygon"", ""coordinates"": [[[77.9940086, 22.751108], [77.9931349, 22.7505933], [77.9929939, 22.750031], [77.9933883, 22.7495135], [77.993927, 22.7491582], [77.9948022, 22.7498788], [77.9945824, 22.7507138], [77.9940086, 22.751108]]]}",,,,Barren,,,,,,,,,OWN-0557,PCL-0612,,,PRJ-004,Tawa Canal Extension (Irrigation),,,,,,,,proposed,,710/5,Sohagpur,,,KPSCP6ATNNQNHP,,,,VLG-011,Sitapur Buzurg,,
parcel,PCL-0613,,1.16,,,22.833818,78.046016,,,,Narmadapuram,,,,,,,,,,,,"{""type"": ""Polygon"", ""coordinates"": [[[78.0456301, 22.834251], [78.0455692, 22.8335796], [78.0459996, 22.833394], [78.0466585, 22.833671], [78.0463522, 22.8343581], [78.0456301, 22.834251]]]}",,,,Barren,,,,,,,,,OWN-0117,PCL-0613,,,PRJ-004,Tawa Canal Extension (Irrigation),,,,,,,,compensation_paid,,489/7,Sohagpur,,,2B2UZYVVKGZ9Q7,,,,VLG-012,Shivpura Khurd,,
parcel,PCL-0614,,0.56,,,22.707085,77.805653,,,,Narmadapuram,,,,,,,,,,,,"{""type"": ""Polygon"", ""coordinates"": [[[77.8058296, 22.7073551], [77.8054485, 22.7075254], [77.8052779, 22.7072556], [77.805341, 22.7069259], [77.8056333, 22.706701], [77.805941, 22.7067757], [77.8059995, 22.7070987], [77.8058296, 22.7073551]]]}",,,,Agricultural,,,,,,,,,OWN-0622,PCL-0614,,,PRJ-004,Tawa Canal Extension (Irrigation),,,,,,,,awarded,,480/9,Itarsi,,,PPFZBRLGZ4YZFB,,,,VLG-002,Narmadapur Kalan,,
parcel,PCL-0615,,0.13,,,22.576294,77.884655,,,,Narmadapuram,,,,,,,,,,,,"{""type"": ""Polygon"", ""coordinates"": [[[77.8845208, 22.5761366], [77.8846769, 22.5760975], [77.8848084, 22.5762158], [77.8847917, 22.5763569], [77.8847064, 22.5764778], [77.8845217, 22.5764193], [77.8844483, 22.5763102], [77.8845208, 22.5761366]]]}",,,,Residential,,,,,,,,,OWN-0092,PCL-0615,,,PRJ-004,Tawa Canal Extension (Irrigation),,,,,,,,compensation_paid,,912/1,Itarsi,,,QXMVK82LKGWY3R,,,,VLG-007,Narmadapur Khurd,,
parcel,PCL-0616,,0.96,,,22.641608,77.686303,,,,Narmadapuram,,,,,,,,,,,,"{""type"": ""Polygon"", ""coordinates"": [[[77.6858789, 22.641383], [77.6864276, 22.6412674], [77.6867949, 22.6416071], [77.6864131, 22.642033], [77.6858261, 22.6419769], [77.6858789, 22.641383]]]}",,,,Residential,,,,,,,,,OWN-0204,PCL-0616,,,PRJ-004,Tawa Canal Extension (Irrigation),,,,,,,,compensation_paid,,77/8,Itarsi,,,D9PCDKFBK7P22Q,,,,VLG-005,Ratangarh,,
parcel,PCL-0617,,2.92,,,22.638243,77.975896,,,,Narmadapuram,,,,,,,,,,,,"{""type"": ""Polygon"", ""coordinates"": [[[77.976059, 22.6389405], [77.9752733, 22.6386807], [77.9750503, 22.6379254], [77.9756408, 22.63736], [77.9764859, 22.6374674], [77.9766207, 22.6382879], [77.976059, 22.6389405]]]}",,,,Residential,,,,,,,,,OWN-0618,PCL-0617,,,PRJ-004,Tawa Canal Extension (Irrigation),,,,,,,,proposed,,11/5,Sohagpur,,,53B6PK4VV6N8YZ,,,,VLG-015,Lakshmipur Khurd,,
parcel,PCL-0618,,0.36,,,22.831015,78.05228,,,,Narmadapuram,,,,,,,,,,,,"{""type"": ""Polygon"", ""coordinates"": [[[78.0521337, 22.8307439], [78.0524321, 22.8307858], [78.0526461, 22.8309748], [78.0525566, 22.8312218], [78.0522871, 22.8312367], [78.0520457, 22.8312268], [78.0519938, 22.8309921], [78.0521337, 22.8307439]]]}",,,,Barren,,,,,,,,,OWN-0589,PCL-0618,,,PRJ-004,Tawa Canal Extension (Irrigation),,,,,,,,objections,,856/5,Sohagpur,,,S9PQ6DWJBX25YF,,,,VLG-012,Shivpura Khurd,,
parcel,PCL-0619,,1.38,,,22.700821,77.896084,,,,Narmadapuram,,,,,,,,,,,,"{""type"": ""Polygon"", ""coordinates"": [[[77.8953288, 22.7010581], [77.8956634, 22.7004937], [77.8961632, 22.7003154], [77.896518, 22.7006306], [77.8965369, 22.7012487], [77.8959531, 22.7014048], [77.8953288, 22.7010581]]]}",,,,Agricultural,,,,,,,,,OWN-0332,PCL-0619,,,PRJ-004,Tawa Canal Extension (Irrigation),,,,,,,,objections,,60/3,Sohagpur,,,RC2T3LSQVQYS3X,,,,VLG-019,Mohanpur Buzurg,,
parcel,PCL-0620,,0.64,,,22.785904,77.949519,,,,Narmadapuram,,,,,,,,,,,,"{""type"": ""Polygon"", ""coordinates"": [[[77.9496655, 22.7856294], [77.9498429, 22.7859491], [77.9496091, 22.7862569], [77.949148, 22.7860669], [77.9491956, 22.7857023], [77.9496655, 22.7856294]]]}",,,,Agricultural,,,,,,,,,OWN-0218,PCL-0620,,,PRJ-004,Tawa Canal Extension (Irrigation),,,,,,,,compensation_paid,,489/7,Sohagpur,,,S6T75HF5FMMHXC,,,,VLG-013,Harijpur Buzurg,,
parcel,PCL-0621,,1.77,,,22.643227,77.981672,,,,Narmadapuram,,,,,,,,,,,,"{""type"": ""Polygon"", ""coordinates"": [[[77.9809706, 22.6430335], [77.9816424, 22.6427155], [77.9822723, 22.6427568], [77.9825253, 22.6433557], [77.9819136, 22.6438715], [77.9812534, 22.6436424], [77.9809706, 22.6430335]]]}",,,,Agricultural,,,,,,,,,OWN-0557,PCL-0621,,,PRJ-004,Tawa Canal Extension (Irrigation),,,,,,,,notified,,426/7,Sohagpur,,,AGQWWABLX8NAGB,,,,VLG-015,Lakshmipur Khurd,,
parcel,PCL-0622,,2.58,,,22.752763,77.935186,,,,Narmadapuram,,,,,,,,,,,,"{""type"": ""Polygon"", ""coordinates"": [[[77.9359498, 22.7524863], [77.9358343, 22.753471], [77.9347147, 22.7532157], [77.9343172, 22.7524929], [77.9352655, 22.7520943], [77.9359498, 22.7524863]]]}",,,,Barren,,,,,,,,,OWN-0383,PCL-0622,,,PRJ-004,Tawa Canal Extension (Irrigation),,,,,,,,objections,,38/6,Sohagpur,,,XHGQ46F59E8AAV,,,,VLG-014,Balaji Nagar Buzurg,,
parcel,PCL-0623,,1.83,,,22.741554,77.924549,,,,Narmadapuram,,,,,,,,,,,,"{""type"": ""Polygon"", ""coordinates"": [[[77.9253584, 22.7412163], [77.9250291, 22.7417871], [77.924724, 22.7422998], [77.9242398, 22.7419954], [77.9239227, 22.7415381], [77.9241852, 22.7411539], [77.9245364, 22.7408389], [77.9253584, 22.7412163]]]}",,,,Mixed Use,,,,,,,,,OWN-0139,PCL-0623,,,PRJ-004,Tawa Canal Extension (Irrigation),,,,,,,,notified,,44/5,Sohagpur,,,CDP8E89ZY2K6SA,,,,VLG-014,Balaji Nagar Buzurg,,
parcel,PCL-0624,,0.41,,,22.643798,77.85922,,,,Narmadapuram,,,,,,,,,,,,"{""type"": ""Polygon"", ""coordinates"": [[[77.8595706, 22.6436229], [77.8595016, 22.6440345], [77.8590075, 22.6441633], [77.8588038, 22.6437733], [77.8591767, 22.6434888], [77.8595706, 22.6436229]]]}",,,,Barren,,,,,,,,,OWN-0096,PCL-0624,,,PRJ-004,Tawa Canal Extension (Irrigation),,,,,,,,awarded,,173/2,Itarsi,,,H5DEFHJQQNDMWY,,,,VLG-008,Govindpur Buzurg,,
parcel,PCL-0625,,1.57,,,22.643581,77.978426,,,,Narmadapuram,,,,,,,,,,,,"{""type"": ""Polygon"", ""coordinates"": [[[77.9789424, 22.6438257], [77.9782957, 22.6443184], [77.9777962, 22.6437667], [77.9780874, 22.6430259], [77.9789709, 22.6430133], [77.9789424, 22.6438257]]]}",,,,Agricultural,,,,,,,,,OWN-0021,PCL-0625,,,PRJ-004,Tawa Canal Extension (Irrigation),,,,,,,,proposed,,903/7,Sohagpur,,,G3DUYBYLFEKDP5,,,,VLG-015,Lakshmipur Khurd,,
parcel,PCL-0626,,0.46,,,22.760117,77.995305,,,,Narmadapuram,,,,,,,,,,,,"{""type"": ""Polygon"", ""coordinates"": [[[77.9955708, 22.7599507], [77.9957236, 22.7602335], [77.9954593, 22.7605086], [77.995107, 22.7604513], [77.995024, 22.7601816], [77.9949266, 22.7599294], [77.995338, 22.7598188], [77.9955708, 22.7599507]]]}",,,,Barren,,,,,,,,,OWN-0270,PCL-0626,,,PRJ-004,Tawa Canal Extension (Irrigation),,,,,,,,awarded,,288/6,Sohagpur,,,B3AXC4J7SX35QY,,,,VLG-011,Sitapur Buzurg,,
parcel,PCL-0627,,0.22,,,22.711697,77.805101,,,,Narmadapuram,,,,,,,,,,,,"{""type"": ""Polygon"", ""coordinates"": [[[77.8053577, 22.7117875], [77.8051562, 22.7119452], [77.8048409, 22.7118512], [77.8048303, 22.7115455], [77.8050569, 22.7114155], [77.8053441, 22.7115756], [77.8053577, 22.7117875]]]}",,,,Barren,,,,,,,,,OWN-0416,PCL-0627,,,PRJ-004,Tawa Canal Extension (Irrigation),,,,,,,,notified,,771/7,Itarsi,,,FYNCG3U9J3H8U2,,,,VLG-002,Narmadapur Kalan,,
parcel,PCL-0628,,1.79,,,22.577735,77.877272,,,,Narmadapuram,,,,,,,,,,,,"{""type"": ""Polygon"", ""coordinates"": [[[77.876714, 22.5781435], [77.8767006, 22.577655], [77.8769811, 22.5772669], [77.8775992, 22.5771713], [77.8778239, 22.5775017], [77.877727, 22.5780699], [77.8772217, 22.5783738], [77.876714, 22.5781435]]]}",,,,Mixed Use,,,,,,,,,OWN-0647,PCL-0628,,,PRJ-004,Tawa Canal Extension (Irrigation),,,,,,,,awarded,,805/7,Itarsi,,,8CH3Z2L99UCLEZ,,,,VLG-007,Narmadapur Khurd,,
parcel,PCL-0629,,0.7,,,22.741305,77.93354,,,,Narmadapuram,,,,,,,,,,,,"{""type"": ""Polygon"", ""coordinates"": [[[77.933413, 22.7416723], [77.9330307, 22.7414104], [77.933422, 22.7410192], [77.9338979, 22.7409234], [77.9338837, 22.7415119], [77.933413, 22.7416723]]]}",,,,Agricultural,,,,,,,,,OWN-0065,PCL-0629,,,PRJ-004,Tawa Canal Extension (Irrigation),,,,,,,,objections,,464/3,Sohagpur,,,GZDXKAZQXNFNHT,,,,VLG-014,Balaji Nagar Buzurg,,
parcel,PCL-0630,,0.15,,,22.642715,77.857855,,,,Narmadapuram,,,,,,,,,,,,"{""type"": ""Polygon"", ""coordinates"": [[[77.857835, 22.6428717], [77.8576172, 22.642714], [77.8577682, 22.6425874], [77.8580297, 22.6425401], [77.8580186, 22.6427924], [77.857835, 22.6428717]]]}",,,,Agricultural,,,,,,,,,OWN-0112,PCL-0630,,,PRJ-004,Tawa Canal Extension (Irrigation),,,,,,,,compensation_paid,,812/5,Itarsi,,,ETB9QSN78KVCKG,,,,VLG-008,Govindpur Buzurg,,
parcel,PCL-0631,,2.8,,,22.630805,77.849702,,,,Narmadapuram,,,,,,,,,,,,"{""type"": ""Polygon"", ""coordinates"": [[[77.8489929, 22.6301383], [77.8499324, 22.6301913], [77.8503158, 22.6305568], [77.8505311, 22.6313407], [77.8494759, 22.6318027], [77.8488976, 22.6311134], [77.8489929, 22.6301383]]]}",,,,Residential,,,,,,,,,OWN-0532,PCL-0631,,,PRJ-004,Tawa Canal Extension (Irrigation),,,,,,,,possessed,,791/7,Itarsi,,,PXZ86UYJ4PVKN9,,,,VLG-008,Govindpur Buzurg,,
parcel,PCL-0632,,1.01,,,22.741922,77.926152,,,,Narmadapuram,,,,,,,,,,,,"{""type"": ""Polygon"", ""coordinates"": [[[77.9259924, 22.7422784], [77.9256069, 22.742041], [77.9258028, 22.7416522], [77.9260855, 22.7415467], [77.9265167, 22.7416037], [77.9267719, 22.7419983], [77.9265185, 22.7424665], [77.9259924, 22.7422784]]]}",,,,Agricultural,,,,,,,,,OWN-0269,PCL-0632,,,PRJ-004,Tawa Canal Extension (Irrigation),,,,,,,,notified,,452/7,Sohagpur,,,8522CJ9VW6FJD8,,,,VLG-014,Balaji Nagar Buzurg,,
parcel,PCL-0633,,0.31,,,22.699401,77.896841,,,,Narmadapuram,,,,,,,,,,,,"{""type"": ""Polygon"", ""coordinates"": [[[77.8966201, 22.6993187], [77.8968138, 22.6990868], [77.897016, 22.6992547], [77.897119, 22.6995104], [77.8969319, 22.6997358], [77.8966045, 22.6996464], [77.8966201, 22.6993187]]]}",,,,Agricultural,,,,,,,,,OWN-0004,PCL-0633,,,PRJ-004,Tawa Canal Extension (Irrigation),,,,,,,,notified,,651/2,Sohagpur,,,A2FTUYK2VY7VTP,,,,VLG-019,Mohanpur Buzurg,,
parcel,PCL-0634,,1.83,,,22.787896,77.958467,,,,Narmadapuram,,,,,,,,,,,,"{""type"": ""Polygon"", ""coordinates"": [[[77.9581842, 22.7873766], [77.9589103, 22.7874564], [77.9590826, 22.7882458], [77.9582451, 22.7886865], [77.9578971, 22.7879563], [77.9581842, 22.7873766]]]}",,,,Agricultural,,,,,,,,,OWN-0211,PCL-0634,,,PRJ-004,Tawa Canal Extension (Irrigation),,,,,,,,compensation_paid,,811/5,Sohagpur,,,QUV9ZY4EF83DJH,,,,VLG-013,Harijpur Buzurg,,
parcel,PCL-0635,,1.81,,,22.690195,77.775365,,,,Narmadapuram,,,,,,,,,,,,"{""type"": ""Polygon"", ""coordinates"": [[[77.7746427, 22.6903641], [77.7748459, 22.6898313], [77.7756001, 22.6893678], [77.7758757, 22.6899394], [77.775904, 22.6904899], [77.7752602, 22.6907783], [77.7746427, 22.6903641]]]}",,,,Agricultural,,,,,,,,,OWN-0450,PCL-0635,,,PRJ-004,Tawa Canal Extension (Irrigation),,,,,,,,proposed,,15/5,Itarsi,,,6PHVP37V789SA7,,,,VLG-010,Harijpur Kalan,,
parcel,PCL-0636,,1.27,,,22.71206,77.889288,,,,Narmadapuram,,,,,,,,,,,,"{""type"": ""Polygon"", ""coordinates"": [[[77.8887372, 22.7125704], [77.888646, 22.7118161], [77.8891246, 22.7113469], [77.8897181, 22.7118476], [77.8898833, 22.7124319], [77.889308, 22.7125112], [77.8887372, 22.7125704]]]}",,,,Residential,,,,,,,,,OWN-0218,PCL-0636,,,PRJ-004,Tawa Canal Extension (Irrigation),,,,,,,,awarded,,880/9,Sohagpur,,,4L8S6J5SPPNAVZ,,,,VLG-019,Mohanpur Buzurg,,
parcel,PCL-0637,,3.0,,,22.688755,77.774169,,,,Narmadapuram,,,,,,,,,,,,"{""type"": ""Polygon"", ""coordinates"": [[[77.7751153, 22.6880743], [77.7749108, 22.6890993], [77.7739582, 22.6894751], [77.7733542, 22.6888382], [77.7740353, 22.6880323], [77.7751153, 22.6880743]]]}",,,,Barren,,,,,,,,,OWN-0284,PCL-0637,,,PRJ-004,Tawa Canal Extension (Irrigation),,,,,,,,objections,,593/9,Itarsi,,,FHV5YGKSMHB2R7,,,,VLG-010,Harijpur Kalan,,
parcel,PCL-0638,,0.36,,,22.702166,77.813852,,,,Narmadapuram,,,,,,,,,,,,"{""type"": ""Polygon"", ""coordinates"": [[[77.8138155, 22.7018143], [77.8140722, 22.7018439], [77.8142119, 22.7021104], [77.8140521, 22.7024247], [77.8137249, 22.70249], [77.8134911, 22.7022922], [77.8135508, 22.7020151], [77.8138155, 22.7018143]]]}",,,,Barren,,,,,,,,,OWN-0076,PCL-0638,,,PRJ-004,Tawa Canal Extension (Irrigation),,,,,,,,notified,,638/4,Itarsi,,,9NGP4N3X9M9375,,,,VLG-002,Narmadapur Kalan,,
parcel,PCL-0639,,1.48,,,22.806501,77.904126,,,,Narmadapuram,,,,,,,,,,,,"{""type"": ""Polygon"", ""coordinates"": [[[77.9034771, 22.8068866], [77.9035717, 22.8063522], [77.9039785, 22.80587], [77.90454, 22.8058848], [77.9049674, 22.8064996], [77.9045937, 22.8070782], [77.9040559, 22.8072139], [77.9034771, 22.8068866]]]}",,,,Agricultural,,,,,,,,,OWN-0197,PCL-0639,,,PRJ-005,Sohagpur Industrial Corridor,,,,,,,,possessed,,206/1,Sohagpur,,,93HZBCGEFQGXVA,,,,VLG-016,Sonpur,,
parcel,PCL-0640,,0.63,,,22.754633,77.924458,,,,Narmadapuram,,,,,,,,,,,,"{""type"": ""Polygon"", ""coordinates"": [[[77.9242043, 22.7543749], [77.9245368, 22.7543498], [77.9248949, 22.7544253], [77.9246677, 22.7548775], [77.9242748, 22.7550661], [77.9240878, 22.7546885], [77.9242043, 22.7543749]]]}",,,,Barren,,,,,,,,,OWN-0621,PCL-0640,,,PRJ-005,Sohagpur Industrial Corridor,,,,,,,,awarded,,19/5,Sohagpur,,,FX8QB2727Q26MC,,,,VLG-014,Balaji Nagar Buzurg,,
parcel,PCL-0641,,0.44,,,22.708238,77.896121,,,,Narmadapuram,,,,,,,,,,,,"{""type"": ""Polygon"", ""coordinates"": [[[77.8963131, 22.708562], [77.8959585, 22.7085409], [77.8957439, 22.7082201], [77.8960049, 22.7078418], [77.8963888, 22.7079777], [77.896518, 22.7082677], [77.8963131, 22.708562]]]}",,,,Residential,,,,,,,,,OWN-0373,PCL-0641,,,PRJ-005,Sohagpur Industrial Corridor,,,,,,,,compensation_paid,,371/8,Sohagpur,,,NL97AHHXVG79PM,,,,VLG-019,Mohanpur Buzurg,,
parcel,PCL-0642,,0.11,,,22.702778,77.899021,,,,Narmadapuram,,,,,,,,,,,,"{""type"": ""Polygon"", ""coordinates"": [[[77.8988647, 22.7028709], [77.8988575, 22.7026943], [77.8990244, 22.702654], [77.8991671, 22.7027049], [77.8991546, 22.7028447], [77.8990413, 22.7029338], [77.8988647, 22.7028709]]]}",,,,Agricultural,,,,,,,,,OWN-0606,PCL-0642,,,PRJ-005,Sohagpur Industrial Corridor,,,,,,,,possessed,,301/4,Sohagpur,,,N4TT9DL2NK9395,,,,VLG-019,Mohanpur Buzurg,,
parcel,PCL-0643,,1.24,,,22.591266,77.948765,,,,Narmadapuram,,,,,,,,,,,,"{""type"": ""Polygon"", ""coordinates"": [[[77.9482005, 22.5911774], [77.9485062, 22.5906455], [77.9492539, 22.5907135], [77.9493134, 22.591369], [77.9489698, 22.5919009], [77.9483841, 22.5918438], [77.9482005, 22.5911774]]]}",,,,Agricultural,,,,,,,,,OWN-0328,PCL-0643,,,PRJ-005,Sohagpur Industrial Corridor,,,,,,,,possessed,,664/1,Sohagpur,,,JSBZR69LAT3WQS,,,,VLG-018,Shivpura Buzurg,,
parcel,PCL-0644,,0.79,,,22.6632,77.783227,,,,Narmadapuram,,,,,,,,,,,,"{""type"": ""Polygon"", ""coordinates"": [[[77.7835599, 22.6627216], [77.7836795, 22.6632291], [77.7834561, 22.6635087], [77.7830496, 22.663733], [77.78285, 22.6633305], [77.7828688, 22.6629985], [77.7831714, 22.6628023], [77.7835599, 22.6627216]]]}",,,,Agricultural,,,,,,,,,OWN-0044,PCL-0644,,,PRJ-005,Sohagpur Industrial Corridor,,,,,,,,compensation_paid,,714/5,Itarsi,,,B8Q7PDTFYA2PMS,,,,VLG-004,Devipura Kalan,,
parcel,PCL-0645,,0.4,,,22.639889,77.690322,,,,Narmadapuram,,,,,,,,,,,,"{""type"": ""Polygon"", ""coordinates"": [[[77.690121, 22.6401582], [77.6899956, 22.6398222], [77.6901871, 22.6396349], [77.6905085, 22.6396672], [77.690702, 22.6399417], [77.690398, 22.6402851], [77.690121, 22.6401582]]]}",,,,Agricultural,,,,,,,,,OWN-0443,PCL-0645,,,PRJ-005,Sohagpur Industrial Corridor,,,,,,,,objections,,764/1,Itarsi,,,RPJ9N8SHXKDUED,,,,VLG-005,Ratangarh,,
parcel,PCL-0646,,0.62,,,22.658277,77.777698,,,,Narmadapuram,,,,,,,,,,,,"{""type"": ""Polygon"", ""coordinates"": [[[77.7779641, 22.6585409], [77.7777086, 22.6587821], [77.7773098, 22.658602], [77.7772462, 22.6581767], [77.7775157, 22.6579914], [77.7778867, 22.6578358], [77.7780636, 22.6581973], [77.7779641, 22.6585409]]]}",,,,Agricultural,,,,,,,,,OWN-0330,PCL-0646,,,PRJ-005,Sohagpur Industrial Corridor,,,,,,,,notified,,458/6,Itarsi,,,T8PXBYM4CM7B38,,,,VLG-004,Devipura Kalan,,
parcel,PCL-0647,,2.29,,,22.6973,77.883142,,,,Narmadapuram,,,,,,,,,,,,"{""type"": ""Polygon"", ""coordinates"": [[[77.8821938, 22.6969126], [77.8828812, 22.6966906], [77.8836906, 22.6964978], [77.8840042, 22.6972521], [77.8838336, 22.6977189], [77.883184, 22.698108], [77.8822796, 22.6978493], [77.8821938, 22.6969126]]]}",,,,Mixed Use,,,,,,,,,OWN-0105,PCL-0647,,,PRJ-005,Sohagpur Industrial Corridor,,,,,,,,possessed,,717/4,Sohagpur,,,R946AXA9EC3ZHB,,,,VLG-019,Mohanpur Buzurg,,
parcel,PCL-0648,,0.22,,,22.746277,77.9216,,,,Narmadapuram,,,,,,,,,,,,"{""type"": ""Polygon"", ""coordinates"": [[[77.921631, 22.7460681], [77.9218186, 22.7462299], [77.9217159, 22.7465346], [77.9214523, 22.746475], [77.9213763, 22.7461702], [77.921631, 22.7460681]]]}",,,,Agricultural,,,,,,,,,OWN-0337,PCL-0648,,,PRJ-005,Sohagpur Industrial Corridor,,,,,,,,objections,,676/5,Sohagpur,,,AUSJ8MDANH6R2S,,,,VLG-014,Balaji Nagar Buzurg,,
parcel,PCL-0649,,1.34,,,22.785418,77.96078,,,,Narmadapuram,,,,,,,,,,,,"{""type"": ""Polygon"", ""coordinates"": [[[77.96023, 22.7854515], [77.9604617, 22.7850958], [77.9609517, 22.7848287], [77.9614153, 22.7851007], [77.9612744, 22.7855929], [77.9609928, 22.7860149], [77.9602956, 22.7859754], [77.96023, 22.7854515]]]}",,,,Agricultural,,,,,,,,,OWN-0351,PCL-0649,,,PRJ-005,Sohagpur Industrial Corridor,,,,,,,,objections,,159/7,Sohagpur,,,DHZLPCJ32NQBLR,,,,VLG-013,Harijpur Buzurg,,
parcel,PCL-0650,,1.12,,,22.711744,77.899067,,,,Narmadapuram,,,,,,,,,,,,"{""type"": ""Polygon"", ""coordinates"": [[[77.8986347, 22.7118787], [77.8986078, 22.7112805], [77.8994984, 22.7112578], [77.8995299, 22.7118832], [77.899149, 22.7121584], [77.8986347, 22.7118787]]]}",,,,Agricultural,,,,,,,,,OWN-0644,PCL-0650,,,PRJ-005,Sohagpur Industrial Corridor,,,,,,,,possessed,,624/6,Sohagpur,,,PFWABUJNFJC2JD,,,,VLG-019,Mohanpur Buzurg,,
parcel,PCL-0651,,2.64,,,22.818687,78.048597,,,,Narmadapuram,,,,,,,,,,,,"{""type"": ""Polygon"", ""coordinates"": [[[78.0494419, 22.818004], [78.0492375, 22.8191093], [78.04821, 22.8196374], [78.0475755, 22.8186742], [78.0483775, 22.8179142], [78.0494419, 22.818004]]]}",,,,Agricultural,,,,,,,,,OWN-0539,PCL-0651,,,PRJ-005,Sohagpur Industrial Corridor,,,,,,,,notified,,964/3,Sohagpur,,,TXWRGZFL9KNJ5T,,,,VLG-012,Shivpura Khurd,,
parcel,PCL-0652,,1.13,,,22.595157,77.95025,,,,Narmadapuram,,,,,,,,,,,,"{""type"": ""Polygon"", ""coordinates"": [[[77.9506247, 22.5947565], [77.9507924, 22.5953783], [77.9501589, 22.5957572], [77.9497349, 22.5952735], [77.9499829, 22.5948371], [77.9506247, 22.5947565]]]}",,,,Agricultural,,,,,,,,,OWN-0589,PCL-0652,,,PRJ-005,Sohagpur Industrial Corridor,,,,,,,,awarded,,434/6,Sohagpur,,,VS72GXAUUHWBJS,,,,VLG-018,Shivpura Buzurg,,
parcel,PCL-0653,,2.16,,,22.710757,77.882802,,,,Narmadapuram,,,,,,,,,,,,"{""type"": ""Polygon"", ""coordinates"": [[[77.881974, 22.7109373], [77.8821871, 22.7101062], [77.8833527, 22.7100508], [77.8834832, 22.7110419], [77.8828819, 22.7115027], [77.881974, 22.7109373]]]}",,,,Residential,,,,,,,,,OWN-0520,PCL-0653,,,PRJ-005,Sohagpur Industrial Corridor,,,,,,,,possessed,,775/3,Sohagpur,,,K66XV6699TZMZU,,,,VLG-019,Mohanpur Buzurg,,
parcel,PCL-0654,,0.47,,,22.782553,77.956748,,,,Narmadapuram,,,,,,,,,,,,"{""type"": ""Polygon"", ""coordinates"": [[[77.9567562, 22.7822541], [77.9570851, 22.7823517], [77.9570221, 22.7826228], [77.956802, 22.7828631], [77.9563683, 22.7828214], [77.9564457, 22.7824157], [77.9567562, 22.7822541]]]}",,,,Agricultural,,,,,,,,,OWN-0427,PCL-0654,,,PRJ-005,Sohagpur Industrial Corridor,,,,,,,,compensation_paid,,473/5,Sohagpur,,,G55JNX49HKXZQX,,,,VLG-013,Harijpur Buzurg,,
parcel,PCL-0655,,2.35,,,22.567295,77.813977,,,,Narmadapuram,,,,,,,,,,,,"{""type"": ""Polygon"", ""coordinates"": [[[77.8141196, 22.5666959], [77.8148132, 22.566838], [77.8146089, 22.5675161], [77.8141283, 22.5679975], [77.813214, 22.5679601], [77.8129359, 22.5671542], [77.8135986, 22.5667504], [77.8141196, 22.5666959]]]}",,,,Mixed Use,,,,,,,,,OWN-0653,PCL-0655,,,PRJ-005,Sohagpur Industrial Corridor,,,,,,,,proposed,,839/1,Itarsi,,,DXUZXRUYYXZ5MH,,,,VLG-006,Ramgarh Khurd,,
parcel,PCL-0656,,2.87,,,22.821452,78.046523,,,,Narmadapuram,,,,,,,,,,,,"{""type"": ""Polygon"", ""coordinates"": [[[78.0454561, 22.8213917], [78.0460194, 22.8210062], [78.0467526, 22.8205643], [78.0472649, 22.8211127], [78.0473992, 22.8218443], [78.0469425, 22.8221744], [78.0460272, 22.8220585], [78.0454561, 22.8213917]]]}",,,,Barren,,,,,,,,,OWN-0091,PCL-0656,,,PRJ-005,Sohagpur Industrial Corridor,,,,,,,,proposed,,380/6,Sohagpur,,,8WLF7QQ32CRE4C,,,,VLG-012,Shivpura Khurd,,
parcel,PCL-0657,,2.87,,,22.6029,77.948966,,,,Narmadapuram,,,,,,,,,,,,"{""type"": ""Polygon"", ""coordinates"": [[[77.9482128, 22.6037384], [77.948121, 22.6030633], [77.9485143, 22.602322], [77.9489907, 22.6022304], [77.9496736, 22.6026446], [77.9497505, 22.6031143], [77.9493995, 22.6037713], [77.9482128, 22.6037384]]]}",,,,Barren,,,,,,,,,OWN-0244,PCL-0657,,,PRJ-005,Sohagpur Industrial Corridor,,,,,,,,compensation_paid,,725/4,Sohagpur,,,5R9CMAR6LEPVU6,,,,VLG-018,Shivpura Buzurg,,
parcel,PCL-0658,,2.28,,,22.787475,77.954957,,,,Narmadapuram,,,,,,,,,,,,"{""type"": ""Polygon"", ""coordinates"": [[[77.9548331, 22.7883962], [77.9541006, 22.7878343], [77.9543215, 22.787132], [77.9549983, 22.7868455], [77.9557207, 22.7869479], [77.9556814, 22.787832], [77.9548331, 22.7883962]]]}",,,,Agricultural,,,,,,,,,OWN-0423,PCL-0658,,,PRJ-005,Sohagpur Industrial Corridor,,,,,,,,notified,,315/5,Sohagpur,,,BS7NL954R6WF86,,,,VLG-013,Harijpur Buzurg,,
parcel,PCL-0659,,1.87,,,22.745196,77.923931,,,,Narmadapuram,,,,,,,,,,,,"{""type"": ""Polygon"", ""coordinates"": [[[77.9233926, 22.7444844], [77.9242889, 22.7445381], [77.9247031, 22.7453035], [77.9242245, 22.7457267], [77.9235397, 22.7457085], [77.9232599, 22.7452207], [77.9233926, 22.7444844]]]}",,,,Residential,,,,,,,,,OWN-0630,PCL-0659,,,PRJ-005,Sohagpur Industrial Corridor,,,,,,,,notified,,286/1,Sohagpur,,,K2A2T224EHMJKR,,,,VLG-014,Balaji Nagar Buzurg,,
parcel,PCL-0660,,0.87,,,22.565255,77.816241,,,,Narmadapuram,,,,,,,,,,,,"{""type"": ""Polygon"", ""coordinates"": [[[77.8163662, 22.5657099], [77.8158377, 22.5654313], [77.8159199, 22.5648292], [77.8164076, 22.5648044], [77.8166896, 22.565324], [77.8163662, 22.5657099]]]}",,,,Agricultural,,,,,,,,,OWN-0534,PCL-0660,,,PRJ-005,Sohagpur Industrial Corridor,,,,,,,,possessed,,987/6,Itarsi,,,9RDSXW2W63Z72A,,,,VLG-006,Ramgarh Khurd,,
parcel,PCL-0661,,1.08,,,22.627799,77.691155,,,,Narmadapuram,,,,,,,,,,,,"{""type"": ""Polygon"", ""coordinates"": [[[77.6907962, 22.6274183], [77.6914234, 22.6271907], [77.6918494, 22.6276231], [77.6914027, 22.6281606], [77.6910596, 22.6282915], [77.6906252, 22.6279344], [77.6907962, 22.6274183]]]}",,,,Agricultural,,,,,,,,,OWN-0258,PCL-0661,,,PRJ-005,Sohagpur Industrial Corridor,,,,,,,,notified,,819/5,Itarsi,,,MCDUKF56S7GZJD,,,,VLG-005,Ratangarh,,
parcel,PCL-0662,,0.34,,,22.634912,77.686332,,,,Narmadapuram,,,,,,,,,,,,"{""type"": ""Polygon"", ""coordinates"": [[[77.6861692, 22.6350671], [77.6860365, 22.6349432], [77.6861248, 22.6347509], [77.6864282, 22.6346214], [77.6865257, 22.6347711], [77.686584, 22.634985], [77.6864334, 22.6351364], [77.6861692, 22.6350671]]]}",,,,Residential,,,,,,,,,OWN-0488,PCL-0662,,,PRJ-005,Sohagpur Industrial Corridor,,,,,,,,awarded,,921/7,Itarsi,,,4PM9DTJPPGA3CE,,,,VLG-005,Ratangarh,,
parcel,PCL-0663,,0.23,,,22.805164,77.904083,,,,Narmadapuram,,,,,,,,,,,,"{""type"": ""Polygon"", ""coordinates"": [[[77.9037627, 22.8051263], [77.904058, 22.8048767], [77.9043543, 22.8050213], [77.9042834, 22.8053458], [77.9039815, 22.8054392], [77.9037627, 22.8051263]]]}",,,,Agricultural,,,,,,,,,OWN-0185,PCL-0663,,,PRJ-005,Sohagpur Industrial Corridor,,,,,,,,awarded,,360/7,Sohagpur,,,GHUPWNCVA88ZHQ,,,,VLG-016,Sonpur,,
parcel,PCL-0664,,0.32,,,22.698398,77.892517,,,,Narmadapuram,,,,,,,,,,,,"{""type"": ""Polygon"", ""coordinates"": [[[77.8927488, 22.6985787], [77.8923981, 22.6987378], [77.8922775, 22.6983611], [77.8924945, 22.6981545], [77.8927247, 22.6983043], [77.8927488, 22.6985787]]]}",,,,Agricultural,,,,,,,,,OWN-0625,PCL-0664,,,PRJ-005,Sohagpur Industrial Corridor,,,,,,,,notified,,130/8,Sohagpur,,,URFM454Y3CMQN3,,,,VLG-019,Mohanpur Buzurg,,
parcel,PCL-0665,,2.91,,,22.696281,77.888037,,,,Narmadapuram,,,,,,,,,,,,"{""type"": ""Polygon"", ""coordinates"": [[[77.8880861, 22.6970657], [77.8869353, 22.6966384], [77.8875556, 22.6954421], [77.8886811, 22.6954098], [77.8887271, 22.6965528], [77.8880861, 22.6970657]]]}",,,,Mixed Use,,,,,,,,,OWN-0116,PCL-0665,,,PRJ-005,Sohagpur Industrial Corridor,,,,,,,,compensation_paid,,8/1,Sohagpur,,,Y59C5AW7EEMFF2,,,,VLG-019,Mohanpur Buzurg,,
parcel,PCL-0666,,0.69,,,22.590896,77.936652,,,,Narmadapuram,,,,,,,,,,,,"{""type"": ""Polygon"", ""coordinates"": [[[77.9361802, 22.5907257], [77.9366805, 22.5904451], [77.9371053, 22.5908082], [77.9368461, 22.5913284], [77.9362053, 22.5911938], [77.9361802, 22.5907257]]]}",,,,Residential,,,,,,,,,OWN-0485,PCL-0666,,,PRJ-005,Sohagpur Industrial Corridor,,,,,,,,objections,,838/1,Sohagpur,,,6UNKGQCKTM3S4X,,,,VLG-018,Shivpura Buzurg,,
parcel,PCL-0667,,2.24,,,22.627975,77.686316,,,,Narmadapuram,,,,,,,,,,,,"{""type"": ""Polygon"", ""coordinates"": [[[77.6859145, 22.6287104], [77.6854048, 22.6280794], [77.6861545, 22.6274356], [77.6868005, 22.6276258], [77.6869285, 22.6283296], [77.6859145, 22.6287104]]]}",,,,Agricultural,,,,,,,,,OWN-0254,PCL-0667,,,PRJ-005,Sohagpur Industrial Corridor,,,,,,,,compensation_paid,,230/7,Itarsi,,,NRAW8ZVN7DAUH3,,,,VLG-005,Ratangarh,,
parcel,PCL-0668,,1.41,,,22.572459,77.884883,,,,Narmadapuram,,,,,,,,,,,,"{""type"": ""Polygon"", ""coordinates"": [[[77.8855249, 22.5728554], [77.884653, 22.5730009], [77.8843541, 22.5725389], [77.8846741, 22.5717577], [77.8854561, 22.5719472], [77.8855249, 22.5728554]]]}",,,,Residential,,,,,,,,,OWN-0230,PCL-0668,,,PRJ-005,Sohagpur Industrial Corridor,,,,,,,,possessed,,884/4,Itarsi,,,8F6Z2G726ZCYG9,,,,VLG-007,Narmadapur Khurd,,
parcel,PCL-0669,,2.91,,,22.565978,77.890579,,,,Narmadapuram,,,,,,,,,,,,"{""type"": ""Polygon"", ""coordinates"": [[[77.8914017, 22.566197], [77.8908915, 22.5669589], [77.8901501, 22.56668], [77.8898082, 22.5659214], [77.8901699, 22.5654395], [77.8908648, 22.5649062], [77.8914636, 22.5655255], [77.8914017, 22.566197]]]}",,,,Agricultural,,,,,,,,,OWN-0617,PCL-0669,,,PRJ-005,Sohagpur Industrial Corridor,,,,,,,,proposed,,731/5,Itarsi,,,VC2YUYKXNZ7B92,,,,VLG-007,Narmadapur Khurd,,
parcel,PCL-0670,,1.77,,,22.671607,77.775994,,,,Narmadapuram,,,,,,,,,,,,"{""type"": ""Polygon"", ""coordinates"": [[[77.7753229, 22.6714223], [77.7758052, 22.6708696], [77.7765116, 22.671089], [77.7766459, 22.6718268], [77.7761725, 22.672446], [77.7753821, 22.6720762], [77.7753229, 22.6714223]]]}",,,,Agricultural,,,,,,,,,OWN-0067,PCL-0670,,,PRJ-005,Sohagpur Industrial Corridor,,,,,,,,compensation_paid,,125/9,Itarsi,,,5BHBQ5AETAE7DD,,,,VLG-004,Devipura Kalan,,
parcel,PCL-0671,,1.55,,,22.565752,77.813545,,,,Narmadapuram,,,,,,,,,,,,"{""type"": ""Polygon"", ""coordinates"": [[[77.8130544, 22.5662734], [77.812916, 22.5655419], [77.8136099, 22.5649995], [77.8140531, 22.5656333], [77.8139238, 22.5662618], [77.8130544, 22.5662734]]]}",,,,Barren,,,,,,,,,OWN-0519,PCL-0671,,,PRJ-005,Sohagpur Industrial Corridor,,,,,,,,compensation_paid,,133/2,Itarsi,,,GX53V5B96NWZ2H,,,,VLG-006,Ramgarh Khurd,,
parcel,PCL-0672,,0.53,,,22.576228,77.812632,,,,Narmadapuram,,,,,,,,,,,,"{""type"": ""Polygon"", ""coordinates"": [[[77.8129647, 22.5761564], [77.8127937, 22.5766396], [77.8122876, 22.5764746], [77.8122474, 22.5760103], [77.8127289, 22.5758465], [77.8129647, 22.5761564]]]}",,,,Barren,,,,,,,,,OWN-0050,PCL-0672,,,PRJ-005,Sohagpur Industrial Corridor,,,,,,,,disputed_litigation,,508/6,Itarsi,,,G57T48NZHJH99S,,,,VLG-006,Ramgarh Khurd,,
parcel,PCL-0673,,2.84,,,22.810407,77.902654,,,,Narmadapuram,,,,,,,,,,,,"{""type"": ""Polygon"", ""coordinates"": [[[77.9017209, 22.8110252], [77.9016502, 22.8098747], [77.9028207, 22.8096607], [77.9035043, 22.8102869], [77.9030702, 22.8112177], [77.9017209, 22.8110252]]]}",,,,Barren,,,,,,,,,OWN-0182,PCL-0673,,,PRJ-005,Sohagpur Industrial Corridor,,,,,,,,disputed_litigation,,360/3,Sohagpur,,,CFND2S5HK29HF4,,,,VLG-016,Sonpur,,
parcel,PCL-0674,,0.65,,,22.597967,77.939968,,,,Narmadapuram,,,,,,,,,,,,"{""type"": ""Polygon"", ""coordinates"": [[[77.9396214, 22.5976926], [77.9401262, 22.5977016], [77.9404068, 22.5980577], [77.9400367, 22.5984258], [77.9395824, 22.5981006], [77.9396214, 22.5976926]]]}",,,,Residential,,,,,,,,,OWN-0340,PCL-0674,,,PRJ-005,Sohagpur Industrial Corridor,,,,,,,,notified,,183/7,Sohagpur,,,LDJT9S8HHML3NU,,,,VLG-018,Shivpura Buzurg,,
parcel,PCL-0675,,0.45,,,22.64141,77.680311,,,,Narmadapuram,,,,,,,,,,,,"{""type"": ""Polygon"", ""coordinates"": [[[77.6805678, 22.6416381], [77.6801304, 22.6416914], [77.680063, 22.6413195], [77.6802443, 22.6410467], [77.6807207, 22.6412815], [77.6805678, 22.6416381]]]}",,,,Residential,,,,,,,,,OWN-0660,PCL-0675,,,PRJ-005,Sohagpur Industrial Corridor,,,,,,,,awarded,,664/1,Itarsi,,,WW898F7VPEJVPV,,,,VLG-005,Ratangarh,,
parcel,PCL-0676,,0.7,,,22.640625,77.680607,,,,Narmadapuram,,,,,,,,,,,,"{""type"": ""Polygon"", ""coordinates"": [[[77.6809993, 22.6407665], [77.6805188, 22.6409538], [77.6802356, 22.6406363], [77.6803973, 22.6402435], [77.680886, 22.6403881], [77.6809993, 22.6407665]]]}",,,,Barren,,,,,,,,,OWN-0383,PCL-0676,,,PRJ-005,Sohagpur Industrial Corridor,,,,,,,,awarded,,462/6,Itarsi,,,4MSNNG427AWWB3,,,,VLG-005,Ratangarh,,
parcel,PCL-0677,,0.76,,,22.74932,77.937151,,,,Narmadapuram,,,,,,,,,,,,"{""type"": ""Polygon"", ""coordinates"": [[[77.9371715, 22.749832], [77.9367938, 22.7495327], [77.9367453, 22.7489717], [77.9372061, 22.7489406], [77.9375131, 22.7491241], [77.9374493, 22.7495305], [77.9371715, 22.749832]]]}",,,,Agricultural,,,,,,,,,OWN-0110,PCL-0677,,,PRJ-005,Sohagpur Industrial Corridor,,,,,,,,possessed,,872/9,Sohagpur,,,E4HPKRZ6WPVEGF,,,,VLG-014,Balaji Nagar Buzurg,,
parcel,PCL-0678,,0.21,,,22.810519,77.901013,,,,Narmadapuram,,,,,,,,,,,,"{""type"": ""Polygon"", ""coordinates"": [[[77.901327, 22.810575], [77.901079, 22.8107888], [77.9008428, 22.810622], [77.9007222, 22.8104573], [77.9009579, 22.8103159], [77.9011641, 22.8103915], [77.901327, 22.810575]]]}",,,,Agricultural,,,,,,,,,OWN-0127,PCL-0678,,,PRJ-005,Sohagpur Industrial Corridor,,,,,,,,possessed,,851/4,Sohagpur,,,XS2LKRUA9F6RUQ,,,,VLG-016,Sonpur,,
parcel,PCL-0679,,1.21,,,22.711311,77.88317,,,,Narmadapuram,,,,,,,,,,,,"{""type"": ""Polygon"", ""coordinates"": [[[77.8836612, 22.7111455], [77.8837668, 22.711609], [77.8833451, 22.7116951], [77.882655, 22.7118119], [77.8824013, 22.711316], [77.8826974, 22.7109249], [77.8833108, 22.7108951], [77.8836612, 22.7111455]]]}",,,,Mixed Use,,,,,,,,,OWN-0137,PCL-0679,,,PRJ-005,Sohagpur Industrial Corridor,,,,,,,,notified,,77/5,Sohagpur,,,FMALLUG9X3E2CX,,,,VLG-019,Mohanpur Buzurg,,
parcel,PCL-0680,,2.03,,,22.750754,77.922478,,,,Narmadapuram,,,,,,,,,,,,"{""type"": ""Polygon"", ""coordinates"": [[[77.9224638, 22.7515466], [77.9218201, 22.7510267], [77.9220225, 22.7503594], [77.9225455, 22.7498562], [77.9230461, 22.7505955], [77.9230905, 22.7513233], [77.9224638, 22.7515466]]]}",,,,Agricultural,,,,,,,,,OWN-0566,PCL-0680,,,PRJ-005,Sohagpur Industrial Corridor,,,,,,,,possessed,,120/8,Sohagpur,,,GZ8LDXMVMLFHGU,,,,VLG-014,Balaji Nagar Buzurg,,
parcel,PCL-0681,,1.79,,,22.595146,77.944137,,,,Narmadapuram,,,,,,,,,,,,"{""type"": ""Polygon"", ""coordinates"": [[[77.9446255, 22.5954045], [77.9438823, 22.5959665], [77.943473, 22.5953273], [77.94368, 22.5947771], [77.9441685, 22.5943338], [77.9446852, 22.5949404], [77.9446255, 22.5954045]]]}",,,,Residential,,,,,,,,,OWN-0167,PCL-0681,,,PRJ-005,Sohagpur Industrial Corridor,,,,,,,,possessed,,841/1,Sohagpur,,,G6VCKDVV533ZVE,,,,VLG-018,Shivpura Buzurg,,
parcel,PCL-0682,,0.53,,,22.831085,78.038156,,,,Narmadapuram,,,,,,,,,,,,"{""type"": ""Polygon"", ""coordinates"": [[[78.0381839, 22.8315336], [78.037764, 22.8312346], [78.0378866, 22.8308365], [78.0384653, 22.830792], [78.0386411, 22.8312355], [78.0381839, 22.8315336]]]}",,,,Agricultural,,,,,,,,,OWN-0196,PCL-0682,,,PRJ-005,Sohagpur Industrial Corridor,,,,,,,,possessed,,815/3,Sohagpur,,,HBGGNDWJPGY3LR,,,,VLG-012,Shivpura Khurd,,
parcel,PCL-0683,,1.68,,,22.578765,77.822788,,,,Narmadapuram,,,,,,,,,,,,"{""type"": ""Polygon"", ""coordinates"": [[[77.8233095, 22.5793981], [77.8226151, 22.5793618], [77.8221426, 22.5790196], [77.8221906, 22.5786569], [77.8226674, 22.5783013], [77.823047, 22.578254], [77.8236023, 22.5787701], [77.8233095, 22.5793981]]]}",,,,Agricultural,,,,,,,,,OWN-0248,PCL-0683,,,PRJ-005,Sohagpur Industrial Corridor,,,,,,,,notified,,550/7,Itarsi,,,6C682BVJN9538V,,,,VLG-006,Ramgarh Khurd,,
parcel,PCL-0684,,2.13,,,22.826233,78.050596,,,,Narmadapuram,,,,,,,,,,,,"{""type"": ""Polygon"", ""coordinates"": [[[78.0512517, 22.8265279], [78.0503501, 22.8270853], [78.049943, 22.8264281], [78.0502757, 22.8257721], [78.0513416, 22.8256734], [78.0512517, 22.8265279]]]}",,,,Mixed Use,,,,,,,,,OWN-0690,PCL-0684,,,PRJ-005,Sohagpur Industrial Corridor,,,,,,,,proposed,,834/8,Sohagpur,,,KU7JYTM5YUE5PM,,,,VLG-012,Shivpura Khurd,,
parcel,PCL-0685,,2.28,,,22.707396,77.898795,,,,Narmadapuram,,,,,,,,,,,,"{""type"": ""Polygon"", ""coordinates"": [[[77.8981782, 22.7071242], [77.8989318, 22.706814], [77.8997565, 22.7073051], [77.8990809, 22.7079709], [77.8983116, 22.7078454], [77.8981782, 22.7071242]]]}",,,,Agricultural,,,,,,,,,OWN-0171,PCL-0685,,,PRJ-005,Sohagpur Industrial Corridor,,,,,,,,compensation_paid,,796/8,Sohagpur,,,5B8CTMQY7QFZRE,,,,VLG-019,Mohanpur Buzurg,,
parcel,PCL-0686,,2.08,,,22.706828,77.892479,,,,Narmadapuram,,,,,,,,,,,,"{""type"": ""Polygon"", ""coordinates"": [[[77.8928693, 22.70756], [77.8920674, 22.7073775], [77.8914729, 22.7068607], [77.8921352, 22.7064064], [77.8925203, 22.7063006], [77.8933007, 22.7063383], [77.8932212, 22.7071536], [77.8928693, 22.70756]]]}",,,,Barren,,,,,,,,,OWN-0625,PCL-0686,,,PRJ-005,Sohagpur Industrial Corridor,,,,,,,,compensation_paid,,627/7,Sohagpur,,,NY7244JERAWYES,,,,VLG-019,Mohanpur Buzurg,,
parcel,PCL-0687,,2.25,,,22.741689,77.925845,,,,Narmadapuram,,,,,,,,,,,,"{""type"": ""Polygon"", ""coordinates"": [[[77.9252328, 22.7414078], [77.9259243, 22.7410658], [77.9264192, 22.7412521], [77.9265252, 22.7419316], [77.925828, 22.7423251], [77.9252682, 22.7419539], [77.9252328, 22.7414078]]]}",,,,Mixed Use,,,,,,,,,OWN-0102,PCL-0687,,,PRJ-005,Sohagpur Industrial Corridor,,,,,,,,compensation_paid,,27/7,Sohagpur,,,9VXGQ5Q3YAXBSE,,,,VLG-014,Balaji Nagar Buzurg,,
parcel,PCL-0688,,1.54,,,22.564416,77.893159,,,,Narmadapuram,,,,,,,,,,,,"{""type"": ""Polygon"", ""coordinates"": [[[77.8931289, 22.5651157], [77.892375, 22.5645082], [77.8926953, 22.563751], [77.8935475, 22.5638118], [77.8938597, 22.5647831], [77.8931289, 22.5651157]]]}",,,,Mixed Use,,,,,,,,,OWN-0649,PCL-0688,,,PRJ-005,Sohagpur Industrial Corridor,,,,,,,,notified,,846/9,Itarsi,,,HJF6EQYV6WJHEL,,,,VLG-007,Narmadapur Khurd,,
parcel,PCL-0689,,2.85,,,22.637915,77.683681,,,,Narmadapuram,,,,,,,,,,,,"{""type"": ""Polygon"", ""coordinates"": [[[77.6841866, 22.6374514], [77.6847518, 22.6383336], [77.6839748, 22.6389705], [77.682668, 22.6384823], [77.6829789, 22.637668], [77.6834101, 22.6369397], [77.6841866, 22.6374514]]]}",,,,Barren,,,,,,,,,OWN-0343,PCL-0689,,,PRJ-005,Sohagpur Industrial Corridor,,,,,,,,compensation_paid,,801/5,Itarsi,,,BBRGBR4VZFCCJE,,,,VLG-005,Ratangarh,,
parcel,PCL-0690,,0.98,,,22.563418,77.818802,,,,Narmadapuram,,,,,,,,,,,,"{""type"": ""Polygon"", ""coordinates"": [[[77.8183789, 22.5636094], [77.8184787, 22.5630412], [77.8191283, 22.5630056], [77.8193499, 22.5636025], [77.8188527, 22.5637943], [77.8183789, 22.5636094]]]}",,,,Agricultural,,,,,,,,,OWN-0588,PCL-0690,,,PRJ-005,Sohagpur Industrial Corridor,,,,,,,,awarded,,490/1,Itarsi,,,PJBTNV9SPPVVJG,,,,VLG-006,Ramgarh Khurd,,
parcel,PCL-0691,,1.15,,,22.708935,77.897345,,,,Narmadapuram,,,,,,,,,,,,"{""type"": ""Polygon"", ""coordinates"": [[[77.8975171, 22.7085736], [77.897835, 22.7089313], [77.8976313, 22.7093633], [77.8969545, 22.7093238], [77.8969053, 22.7089374], [77.8970074, 22.7083215], [77.8975171, 22.7085736]]]}",,,,Agricultural,,,,,,,,,OWN-0698,PCL-0691,,,PRJ-005,Sohagpur Industrial Corridor,,,,,,,,notified,,131/4,Sohagpur,,,Y57JF92E979586,,,,VLG-019,Mohanpur Buzurg,,
parcel,PCL-0692,,0.73,,,22.790765,77.956153,,,,Narmadapuram,,,,,,,,,,,,"{""type"": ""Polygon"", ""coordinates"": [[[77.9562551, 22.7904465], [77.9565478, 22.7908017], [77.9563466, 22.7911954], [77.9558696, 22.7910398], [77.9558571, 22.7905954], [77.9562551, 22.7904465]]]}",,,,Agricultural,,,,,,,,,OWN-0602,PCL-0692,,,PRJ-005,Sohagpur Industrial Corridor,,,,,,,,objections,,259/6,Sohagpur,,,X4F7QTHB93VCRG,,,,VLG-013,Harijpur Buzurg,,
parcel,PCL-0693,,2.43,,,22.813134,77.90665,,,,Narmadapuram,,,,,,,,,,,,"{""type"": ""Polygon"", ""coordinates"": [[[77.9072697, 22.8137654], [77.9067293, 22.8138728], [77.9061027, 22.8136601], [77.9058941, 22.8130359], [77.9062604, 22.8125654], [77.9068637, 22.8125625], [77.9073722, 22.8129932], [77.9072697, 22.8137654]]]}",,,,Agricultural,,,,,,,,,OWN-0234,PCL-0693,,,PRJ-005,Sohagpur Industrial Corridor,,,,,,,,possessed,,529/6,Sohagpur,,,47AJD7EYN7TMDY,,,,VLG-016,Sonpur,,
parcel,PCL-0694,,2.19,,,22.636563,77.689509,,,,Narmadapuram,,,,,,,,,,,,"{""type"": ""Polygon"", ""coordinates"": [[[77.6893342, 22.6370941], [77.6885319, 22.6367735], [77.6888862, 22.6359713], [77.6896777, 22.6357441], [77.6902914, 22.6363244], [77.6900439, 22.6371753], [77.6893342, 22.6370941]]]}",,,,Mixed Use,,,,,,,,,OWN-0660,PCL-0694,,,PRJ-005,Sohagpur Industrial Corridor,,,,,,,,possessed,,733/3,Itarsi,,,GCC7JATBV9EHMU,,,,VLG-005,Ratangarh,,
parcel,PCL-0695,,2.1,,,22.788105,77.954165,,,,Narmadapuram,,,,,,,,,,,,"{""type"": ""Polygon"", ""coordinates"": [[[77.9547617, 22.7882472], [77.9545905, 22.7889381], [77.9537781, 22.7887713], [77.9535994, 22.788315], [77.9532987, 22.7876492], [77.9539766, 22.7874198], [77.9547043, 22.7876821], [77.9547617, 22.7882472]]]}",,,,Agricultural,,,,,,,,,OWN-0510,PCL-0695,,,PRJ-005,Sohagpur Industrial Corridor,,,,,,,,possessed,,61/5,Sohagpur,,,48FHBH77AQRLW7,,,,VLG-013,Harijpur Buzurg,,
parcel,PCL-0696,,2.01,,,22.751123,77.924902,,,,Narmadapuram,,,,,,,,,,,,"{""type"": ""Polygon"", ""coordinates"": [[[77.9249766, 22.7517879], [77.9242421, 22.751527], [77.9241569, 22.7505901], [77.9249148, 22.7505023], [77.9256738, 22.7507781], [77.9256061, 22.7515449], [77.9249766, 22.7517879]]]}",,,,Agricultural,,,,,,,,,OWN-0234,PCL-0696,,,PRJ-005,Sohagpur Industrial Corridor,,,,,,,,proposed,,526/2,Sohagpur,,,76KS3LU7BUHGND,,,,VLG-014,Balaji Nagar Buzurg,,
parcel,PCL-0697,,1.34,,,22.822124,78.052033,,,,Narmadapuram,,,,,,,,,,,,"{""type"": ""Polygon"", ""coordinates"": [[[78.0525616, 22.8223555], [78.0519329, 22.8226604], [78.0515324, 22.8221694], [78.0517539, 22.8215619], [78.0525535, 22.8218011], [78.0525616, 22.8223555]]]}",,,,Residential,,,,,,,,,OWN-0278,PCL-0697,,,PRJ-005,Sohagpur Industrial Corridor,,,,,,,,proposed,,248/8,Sohagpur,,,TNKY28UBXP2JWF,,,,VLG-012,Shivpura Khurd,,
parcel,PCL-0698,,0.7,,,22.568476,77.807711,,,,Narmadapuram,,,,,,,,,,,,"{""type"": ""Polygon"", ""coordinates"": [[[77.8073025, 22.5681418], [77.8080244, 22.5681225], [77.8080434, 22.568497], [77.8078243, 22.5689449], [77.8073499, 22.5685954], [77.8073025, 22.5681418]]]}",,,,Agricultural,,,,,,,,,OWN-0370,PCL-0698,,,PRJ-005,Sohagpur Industrial Corridor,,,,,,,,compensation_paid,,893/3,Itarsi,,,MEVSL56RZNSJW5,,,,VLG-006,Ramgarh Khurd,,
parcel,PCL-0699,,2.51,,,22.791236,77.949634,,,,Narmadapuram,,,,,,,,,,,,"{""type"": ""Polygon"", ""coordinates"": [[[77.9497402, 22.7903889], [77.9501824, 22.7908413], [77.9502449, 22.7914859], [77.9500692, 22.7920971], [77.9492491, 22.7919257], [77.9485791, 22.7912731], [77.9491325, 22.7907825], [77.9497402, 22.7903889]]]}",,,,Residential,,,,,,,,,OWN-0657,PCL-0699,,,PRJ-005,Sohagpur Industrial Corridor,,,,,,,,awarded,,640/6,Sohagpur,,,DGTVCMNJNYZQYD,,,,VLG-013,Harijpur Buzurg,,
parcel,PCL-0700,,2.85,,,22.572278,77.889924,,,,Narmadapuram,,,,,,,,,,,,"{""type"": ""Polygon"", ""coordinates"": [[[77.890318, 22.5729646], [77.8894386, 22.5730047], [77.8890821, 22.5726327], [77.8893721, 22.5718612], [77.8899462, 22.571235], [77.8908167, 22.5717065], [77.8909908, 22.5724076], [77.890318, 22.5729646]]]}",,,,Agricultural,,,,,,,,,OWN-0135,PCL-0700,,,PRJ-005,Sohagpur Industrial Corridor,,,,,,,,possessed,,367/3,Itarsi,,,T8998SUT2SRCV5,,,,VLG-007,Narmadapur Khurd,,
parcel,PCL-0701,,0.24,,,22.666739,77.769278,,,,Narmadapuram,,,,,,,,,,,,"{""type"": ""Polygon"", ""coordinates"": [[[77.7695182, 22.6666136], [77.769571, 22.6668197], [77.7693618, 22.6670198], [77.7690952, 22.6669208], [77.7689661, 22.6667384], [77.7691227, 22.6665262], [77.769385, 22.666457], [77.7695182, 22.6666136]]]}",,,,Mixed Use,,,,,,,,,OWN-0389,PCL-0701,,,PRJ-005,Sohagpur Industrial Corridor,,,,,,,,compensation_paid,,22/2,Itarsi,,,JHBSB7LZSYN5CF,,,,VLG-004,Devipura Kalan,,
parcel,PCL-0702,,1.76,,,22.671366,77.786502,,,,Narmadapuram,,,,,,,,,,,,"{""type"": ""Polygon"", ""coordinates"": [[[77.7868752, 22.6718319], [77.7862011, 22.6720046], [77.7859363, 22.6712472], [77.7865059, 22.6705458], [77.7871309, 22.6710439], [77.7868752, 22.6718319]]]}",,,,Mixed Use,,,,,,,,,OWN-0404,PCL-0702,,,PRJ-005,Sohagpur Industrial Corridor,,,,,,,,notified,,793/1,Itarsi,,,PJZDQVRSTK7YKR,,,,VLG-004,Devipura Kalan,,
parcel,PCL-0703,,2.38,,,22.794873,77.956486,,,,Narmadapuram,,,,,,,,,,,,"{""type"": ""Polygon"", ""coordinates"": [[[77.9556324, 22.7954375], [77.9555831, 22.794624], [77.9563191, 22.7940121], [77.9569055, 22.7942153], [77.9571492, 22.7948188], [77.9569809, 22.7953323], [77.9564886, 22.7957465], [77.9556324, 22.7954375]]]}",,,,Agricultural,,,,,,,,,OWN-0675,PCL-0703,,,PRJ-005,Sohagpur Industrial Corridor,,,,,,,,notified,,821/3,Sohagpur,,,6GQJKTBLPP3J82,,,,VLG-013,Harijpur Buzurg,,
parcel,PCL-0704,,1.29,,,22.814601,77.912013,,,,Narmadapuram,,,,,,,,,,,,"{""type"": ""Polygon"", ""coordinates"": [[[77.9120074, 22.8152498], [77.9114294, 22.8149256], [77.9115222, 22.8144838], [77.911814, 22.8140533], [77.9125645, 22.8140831], [77.9127859, 22.814523], [77.9124594, 22.8151341], [77.9120074, 22.8152498]]]}",,,,Agricultural,,,,,,,,,OWN-0618,PCL-0704,,,PRJ-005,Sohagpur Industrial Corridor,,,,,,,,awarded,,166/1,Sohagpur,,,8UXYLJ6498TMPP,,,,VLG-016,Sonpur,,
parcel,PCL-0705,,0.73,,,22.752177,77.934158,,,,Narmadapuram,,,,,,,,,,,,"{""type"": ""Polygon"", ""coordinates"": [[[77.93429, 22.7526466], [77.9339034, 22.7524556], [77.9336285, 22.7521081], [77.9339091, 22.7517193], [77.9343654, 22.7519186], [77.9344957, 22.7521902], [77.93429, 22.7526466]]]}",,,,Agricultural,,,,,,,,,OWN-0170,PCL-0705,,,PRJ-005,Sohagpur Industrial Corridor,,,,,,,,awarded,,70/5,Sohagpur,,,NS22XP9EZY8RHB,,,,VLG-014,Balaji Nagar Buzurg,,
parcel,PCL-0706,,0.11,,,22.56618,77.816374,,,,Narmadapuram,,,,,,,,,,,,"{""type"": ""Polygon"", ""coordinates"": [[[77.8161826, 22.5662672], [77.8162766, 22.5660919], [77.8163683, 22.5659798], [77.8165328, 22.5660422], [77.8165098, 22.5662181], [77.8164825, 22.5663122], [77.8163131, 22.5663823], [77.8161826, 22.5662672]]]}",,,,Barren,,,,,,,,,OWN-0319,PCL-0706,,,PRJ-005,Sohagpur Industrial Corridor,,,,,,,,possessed,,530/6,Itarsi,,,DL7ZBK4BAD8KMB,,,,VLG-006,Ramgarh Khurd,,
parcel,PCL-0707,,0.35,,,22.815291,77.900452,,,,Narmadapuram,,,,,,,,,,,,"{""type"": ""Polygon"", ""coordinates"": [[[77.9002193, 22.8151385], [77.9003652, 22.814985], [77.9006628, 22.8151033], [77.9006924, 22.815302], [77.9006084, 22.8154678], [77.9003672, 22.8156012], [77.9001164, 22.8153763], [77.9002193, 22.8151385]]]}",,,,Agricultural,,,,,,,,,OWN-0360,PCL-0707,,,PRJ-005,Sohagpur Industrial Corridor,,,,,,,,compensation_paid,,118/8,Sohagpur,,,Z6BNLNAD5AUE7X,,,,VLG-016,Sonpur,,
parcel,PCL-0708,,2.87,,,22.565003,77.819289,,,,Narmadapuram,,,,,,,,,,,,"{""type"": ""Polygon"", ""coordinates"": [[[77.820072, 22.5645286], [77.8199001, 22.565646], [77.8188228, 22.5658557], [77.818459, 22.5648474], [77.8191796, 22.5639331], [77.820072, 22.5645286]]]}",,,,Barren,,,,,,,,,OWN-0347,PCL-0708,,,PRJ-005,Sohagpur Industrial Corridor,,,,,,,,proposed,,589/2,Itarsi,,,VXCU6MR34U3J6M,,,,VLG-006,Ramgarh Khurd,,
parcel,PCL-0709,,2.87,,,22.710657,77.883912,,,,Narmadapuram,,,,,,,,,,,,"{""type"": ""Polygon"", ""coordinates"": [[[77.8838953, 22.7098907], [77.8846747, 22.7104755], [77.8847627, 22.7112541], [77.8838795, 22.7112967], [77.8831329, 22.710846], [77.8833118, 22.7102809], [77.8838953, 22.7098907]]]}",,,,Agricultural,,,,,,,,,OWN-0268,PCL-0709,,,PRJ-005,Sohagpur Industrial Corridor,,,,,,,,possessed,,679/4,Sohagpur,,,UNUG526SC64ZW6,,,,VLG-019,Mohanpur Buzurg,,
parcel,PCL-0710,,0.32,,,22.587883,77.946656,,,,Narmadapuram,,,,,,,,,,,,"{""type"": ""Polygon"", ""coordinates"": [[[77.9467742, 22.5875937], [77.9469276, 22.5878521], [77.946925, 22.588008], [77.9467065, 22.5881788], [77.9463722, 22.5881151], [77.9463505, 22.5878661], [77.9465009, 22.5877002], [77.9467742, 22.5875937]]]}",,,,Agricultural,,,,,,,,,OWN-0113,PCL-0710,,,PRJ-005,Sohagpur Industrial Corridor,,,,,,,,awarded,,442/5,Sohagpur,,,YKSR6AT6AUC8N2,,,,VLG-018,Shivpura Buzurg,,
parcel,PCL-0711,,2.43,,,22.786189,77.962425,,,,Narmadapuram,,,,,,,,,,,,"{""type"": ""Polygon"", ""coordinates"": [[[77.9628589, 22.7869697], [77.9619732, 22.7869907], [77.9614428, 22.7862877], [77.9619352, 22.7856988], [77.9625816, 22.7853109], [77.9629805, 22.7857708], [77.9632682, 22.786321], [77.9628589, 22.7869697]]]}",,,,Agricultural,,,,,,,,,OWN-0399,PCL-0711,,,PRJ-005,Sohagpur Industrial Corridor,,,,,,,,notified,,913/8,Sohagpur,,,MEKRABX7YHZQKV,,,,VLG-013,Harijpur Buzurg,,
parcel,PCL-0712,,2.35,,,22.62578,77.682937,,,,Narmadapuram,,,,,,,,,,,,"{""type"": ""Polygon"", ""coordinates"": [[[77.6832772, 22.6248935], [77.6836663, 22.6253994], [77.6836544, 22.6261031], [77.6831186, 22.6266265], [77.6825631, 22.6263275], [77.6823026, 22.6257001], [77.6825675, 22.6252076], [77.6832772, 22.6248935]]]}",,,,Mixed Use,,,,,,,,,OWN-0347,PCL-0712,,,PRJ-005,Sohagpur Industrial Corridor,,,,,,,,compensation_paid,,670/4,Itarsi,,,JW5T66B9C5CB9T,,,,VLG-005,Ratangarh,,
parcel,PCL-0713,,2.51,,,22.784156,77.961534,,,,Narmadapuram,,,,,,,,,,,,"{""type"": ""Polygon"", ""coordinates"": [[[77.9622956, 22.7841839], [77.9618191, 22.7850227], [77.9607551, 22.7848858], [77.9608106, 22.7839242], [77.9612332, 22.7834318], [77.962191, 22.7835389], [77.9622956, 22.7841839]]]}",,,,Agricultural,,,,,,,,,OWN-0391,PCL-0713,,,PRJ-005,Sohagpur Industrial Corridor,,,,,,,,possessed,,245/9,Sohagpur,,,75MFY89VAWSZ55,,,,VLG-013,Harijpur Buzurg,,
parcel,PCL-0714,,0.53,,,22.829875,78.048221,,,,Narmadapuram,,,,,,,,,,,,"{""type"": ""Polygon"", ""coordinates"": [[[78.0486038, 22.8299866], [78.0482074, 22.8302702], [78.0478796, 22.8301468], [78.0478616, 22.8297119], [78.048149, 22.8295737], [78.0485366, 22.8296247], [78.0486038, 22.8299866]]]}",,,,Agricultural,,,,,,,,,OWN-0165,PCL-0714,,,PRJ-005,Sohagpur Industrial Corridor,,,,,,,,proposed,,140/4,Sohagpur,,,QLHWBA7HPJAUTS,,,,VLG-012,Shivpura Khurd,,
parcel,PCL-0715,,1.41,,,22.697071,77.896018,,,,Narmadapuram,,,,,,,,,,,,"{""type"": ""Polygon"", ""coordinates"": [[[77.8959023, 22.6976516], [77.8954819, 22.6973446], [77.8954155, 22.6969274], [77.8958449, 22.6965859], [77.8962166, 22.6966423], [77.8967561, 22.6970308], [77.8965466, 22.6975061], [77.8959023, 22.6976516]]]}",,,,Residential,,,,,,,,,OWN-0684,PCL-0715,,,PRJ-005,Sohagpur Industrial Corridor,,,,,,,,awarded,,969/8,Sohagpur,,,3Z8523S83CYJAX,,,,VLG-019,Mohanpur Buzurg,,
parcel,PCL-0716,,1.8,,,22.577271,77.811875,,,,Narmadapuram,,,,,,,,,,,,"{""type"": ""Polygon"", ""coordinates"": [[[77.8124734, 22.5775021], [77.8117471, 22.5779481], [77.8111117, 22.5773951], [77.8114251, 22.5765078], [77.8123187, 22.576828], [77.8124734, 22.5775021]]]}",,,,Agricultural,,,,,,,,,OWN-0171,PCL-0716,,,PRJ-005,Sohagpur Industrial Corridor,,,,,,,,notified,,6/7,Itarsi,,,EZC4L7Q5TCD28J,,,,VLG-006,Ramgarh Khurd,,
parcel,PCL-0717,,2.6,,,22.705368,77.88965,,,,Narmadapuram,,,,,,,,,,,,"{""type"": ""Polygon"", ""coordinates"": [[[77.889965, 22.7060114], [77.889294, 22.7059041], [77.8886342, 22.7049039], [77.8897924, 22.7046824], [77.8907247, 22.7052429], [77.889965, 22.7060114]]]}",,,,Barren,,,,,,,,,OWN-0115,PCL-0717,,,PRJ-005,Sohagpur Industrial Corridor,,,,,,,,proposed,,821/9,Sohagpur,,,SB3YSWX9WZJUYK,,,,VLG-019,Mohanpur Buzurg,,
parcel,PCL-0718,,0.4,,,22.699041,77.883394,,,,Narmadapuram,,,,,,,,,,,,"{""type"": ""Polygon"", ""coordinates"": [[[77.8830758, 22.6991488], [77.8831883, 22.69885], [77.883329, 22.6987342], [77.8836682, 22.6988311], [77.8837232, 22.6991131], [77.8835207, 22.699369], [77.8832448, 22.6994214], [77.8830758, 22.6991488]]]}",,,,Agricultural,,,,,,,,,OWN-0633,PCL-0718,,,PRJ-005,Sohagpur Industrial Corridor,,,,,,,,possessed,,443/4,Sohagpur,,,PY5SE7KW2CHH5J,,,,VLG-019,Mohanpur Buzurg,,
parcel,PCL-0719,,2.81,,,22.70353,77.887455,,,,Narmadapuram,,,,,,,,,,,,"{""type"": ""Polygon"", ""coordinates"": [[[77.8882848, 22.7033032], [77.8883224, 22.7042206], [77.8876059, 22.7043355], [77.8865792, 22.7041364], [77.8864947, 22.7034209], [77.8869012, 22.7028626], [77.8878631, 22.7027129], [77.8882848, 22.7033032]]]}",,,,Residential,,,,,,,,,OWN-0093,PCL-0719,,,PRJ-005,Sohagpur Industrial Corridor,,,,,,,,possessed,,833/1,Sohagpur,,,J9EDWJAN7LGJHZ,,,,VLG-019,Mohanpur Buzurg,,
parcel,PCL-0720,,1.76,,,22.79469,77.958846,,,,Narmadapuram,,,,,,,,,,,,"{""type"": ""Polygon"", ""coordinates"": [[[77.9589604, 22.7941008], [77.9594672, 22.7945674], [77.9593355, 22.7949877], [77.9590404, 22.7952741], [77.9583357, 22.7952384], [77.958234, 22.794704], [77.9585665, 22.7942641], [77.9589604, 22.7941008]]]}",,,,Residential,,,,,,,,,OWN-0194,PCL-0720,,,PRJ-005,Sohagpur Industrial Corridor,,,,,,,,notified,,750/3,Sohagpur,,,2JWRFTARD9WWUE,,,,VLG-013,Harijpur Buzurg,,
parcel,PCL-0721,,2.69,,,22.753215,77.922047,,,,Narmadapuram,,,,,,,,,,,,"{""type"": ""Polygon"", ""coordinates"": [[[77.921736, 22.7539191], [77.9212708, 22.7535004], [77.9212087, 22.7526709], [77.9217774, 22.7522446], [77.92276, 22.7526953], [77.9229998, 22.7533919], [77.9224762, 22.7540032], [77.921736, 22.7539191]]]}",,,,Mixed Use,,,,,,,,,OWN-0144,PCL-0721,,,PRJ-005,Sohagpur Industrial Corridor,,,,,,,,awarded,,272/5,Sohagpur,,,AVNFBA78GMRXRJ,,,,VLG-014,Balaji Nagar Buzurg,,
parcel,PCL-0722,,1.93,,,22.810165,77.901574,,,,Narmadapuram,,,,,,,,,,,,"{""type"": ""Polygon"", ""coordinates"": [[[77.9015668, 22.8108443], [77.900912, 22.8104964], [77.9009626, 22.8098761], [77.9016132, 22.809617], [77.9020963, 22.8099086], [77.902122, 22.8106007], [77.9015668, 22.8108443]]]}",,,,Barren,,,,,,,,,OWN-0700,PCL-0722,,,PRJ-005,Sohagpur Industrial Corridor,,,,,,,,proposed,,253/4,Sohagpur,,,JTM7DJEYDGPSQR,,,,VLG-016,Sonpur,,
parcel,PCL-0723,,1.37,,,22.67137,77.777406,,,,Narmadapuram,,,,,,,,,,,,"{""type"": ""Polygon"", ""coordinates"": [[[77.7779835, 22.6713042], [77.7778694, 22.6716708], [77.7773887, 22.6718596], [77.7767561, 22.6717381], [77.7768997, 22.6713111], [77.7771993, 22.6706816], [77.777717, 22.6706962], [77.7779835, 22.6713042]]]}",,,,Residential,,,,,,,,,OWN-0113,PCL-0723,,,PRJ-005,Sohagpur Industrial Corridor,,,,,,,,compensation_paid,,152/8,Itarsi,,,YRZW7FUMFF4MMC,,,,VLG-004,Devipura Kalan,,
parcel,PCL-0724,,2.58,,,22.701181,77.894731,,,,Narmadapuram,,,,,,,,,,,,"{""type"": ""Polygon"", ""coordinates"": [[[77.8957099, 22.7015246], [77.8948327, 22.7018749], [77.8940365, 22.7014818], [77.8940271, 22.7004713], [77.895312, 22.70053], [77.8957099, 22.7015246]]]}",,,,Residential,,,,,,,,,OWN-0603,PCL-0724,,,PRJ-005,Sohagpur Industrial Corridor,,,,,,,,compensation_paid,,96/5,Sohagpur,,,KLAD7KL63RWL7D,,,,VLG-019,Mohanpur Buzurg,,
parcel,PCL-0725,,2.72,,,22.833065,78.051024,,,,Narmadapuram,,,,,,,,,,,,"{""type"": ""Polygon"", ""coordinates"": [[[78.0504448, 22.8323613], [78.0514169, 22.8322912], [78.0516965, 22.8330454], [78.0514432, 22.8335529], [78.0506999, 22.8338074], [78.0503007, 22.8330258], [78.0504448, 22.8323613]]]}",,,,Agricultural,,,,,,,,,OWN-0435,PCL-0725,,,PRJ-005,Sohagpur Industrial Corridor,,,,,,,,awarded,,661/8,Sohagpur,,,6XU3Z4H8LV7BRU,,,,VLG-012,Shivpura Khurd,,
parcel,PCL-0726,,1.95,,,22.707431,77.885942,,,,Narmadapuram,,,,,,,,,,,,"{""type"": ""Polygon"", ""coordinates"": [[[77.8853412, 22.7080228], [77.8850229, 22.7073476], [77.8855314, 22.7066861], [77.8862679, 22.7068803], [77.8865777, 22.7074877], [77.8862879, 22.707978], [77.8853412, 22.7080228]]]}",,,,Mixed Use,,,,,,,,,OWN-0070,PCL-0726,,,PRJ-005,Sohagpur Industrial Corridor,,,,,,,,notified,,838/9,Sohagpur,,,ZG932YZ4W4ACQQ,,,,VLG-019,Mohanpur Buzurg,,
parcel,PCL-0727,,0.54,,,22.632058,77.686243,,,,Narmadapuram,,,,,,,,,,,,"{""type"": ""Polygon"", ""coordinates"": [[[77.6859362, 22.6320157], [77.6861134, 22.6317757], [77.6864937, 22.6318138], [77.6866043, 22.6321187], [77.6864202, 22.6324128], [77.6859959, 22.6324084], [77.6859362, 22.6320157]]]}",,,,Barren,,,,,,,,,OWN-0134,PCL-0727,,,PRJ-005,Sohagpur Industrial Corridor,,,,,,,,awarded,,236/8,Itarsi,,,34CTEUK5VPDM8C,,,,VLG-005,Ratangarh,,
parcel,PCL-0728,,0.74,,,22.783047,77.956264,,,,Narmadapuram,,,,,,,,,,,,"{""type"": ""Polygon"", ""coordinates"": [[[77.9566718, 22.783382], [77.9561691, 22.7835377], [77.9557417, 22.783319], [77.9559044, 22.7829294], [77.9561818, 22.7826496], [77.9565672, 22.7825668], [77.9568507, 22.7830778], [77.9566718, 22.783382]]]}",,,,Mixed Use,,,,,,,,,OWN-0137,PCL-0728,,,PRJ-005,Sohagpur Industrial Corridor,,,,,,,,awarded,,571/5,Sohagpur,,,B75XND7PU937BD,,,,VLG-013,Harijpur Buzurg,,
parcel,PCL-0729,,0.55,,,22.825129,78.040206,,,,Narmadapuram,,,,,,,,,,,,"{""type"": ""Polygon"", ""coordinates"": [[[78.0399235, 22.8254184], [78.0397701, 22.8250259], [78.0399958, 22.8246963], [78.0404617, 22.8249207], [78.0405259, 22.8252029], [78.0402743, 22.8254691], [78.0399235, 22.8254184]]]}",,,,Mixed Use,,,,,,,,,OWN-0543,PCL-0729,,,PRJ-005,Sohagpur Industrial Corridor,,,,,,,,disputed_litigation,,335/6,Sohagpur,,,MX5L8M22KPKW6L,,,,VLG-012,Shivpura Khurd,,
parcel,PCL-0730,,1.93,,,22.575501,77.882348,,,,Narmadapuram,,,,,,,,,,,,"{""type"": ""Polygon"", ""coordinates"": [[[77.8830981, 22.5752248], [77.8832162, 22.5758778], [77.8822737, 22.5761109], [77.8816216, 22.575964], [77.8818125, 22.5751492], [77.8822976, 22.5746494], [77.8830981, 22.5752248]]]}",,,,Barren,,,,,,,,,OWN-0408,PCL-0730,,,PRJ-005,Sohagpur Industrial Corridor,,,,,,,,objections,,108/1,Itarsi,,,YGV2FD23L28LTS,,,,VLG-007,Narmadapur Khurd,,
parcel,PCL-0731,,2.68,,,22.749917,77.934191,,,,Narmadapuram,,,,,,,,,,,,"{""type"": ""Polygon"", ""coordinates"": [[[77.9339077, 22.7493374], [77.9347265, 22.7491817], [77.9351939, 22.7496283], [77.934867, 22.7503097], [77.9343532, 22.7507625], [77.9334125, 22.7504936], [77.9334966, 22.7498436], [77.9339077, 22.7493374]]]}",,,,Agricultural,,,,,,,,,OWN-0029,PCL-0731,,,PRJ-005,Sohagpur Industrial Corridor,,,,,,,,notified,,125/7,Sohagpur,,,NT84EJP99RAFLL,,,,VLG-014,Balaji Nagar Buzurg,,
parcel,PCL-0732,,1.22,,,22.792513,77.949408,,,,Narmadapuram,,,,,,,,,,,,"{""type"": ""Polygon"", ""coordinates"": [[[77.949912, 22.7926265], [77.949533, 22.7929486], [77.9489873, 22.7927681], [77.9490676, 22.7920896], [77.9496964, 22.7921242], [77.949912, 22.7926265]]]}",,,,Barren,,,,,,,,,OWN-0005,PCL-0732,,,PRJ-005,Sohagpur Industrial Corridor,,,,,,,,proposed,,608/9,Sohagpur,,,MFL9CMRH58MCHM,,,,VLG-013,Harijpur Buzurg,,
parcel,PCL-0733,,1.85,,,22.641006,77.691993,,,,Narmadapuram,,,,,,,,,,,,"{""type"": ""Polygon"", ""coordinates"": [[[77.6915651, 22.6403785], [77.6924795, 22.6404456], [77.6924771, 22.6412291], [77.6920454, 22.6415411], [77.6910575, 22.6411844], [77.6915651, 22.6403785]]]}",,,,Agricultural,,,,,,,,,OWN-0475,PCL-0733,,,PRJ-005,Sohagpur Industrial Corridor,,,,,,,,compensation_paid,,386/6,Itarsi,,,PMUVRSP8HZEWU9,,,,VLG-005,Ratangarh,,
parcel,PCL-0734,,1.89,,,22.71171,77.884073,,,,Narmadapuram,,,,,,,,,,,,"{""type"": ""Polygon"", ""coordinates"": [[[77.8846895, 22.7113408], [77.8846058, 22.7119702], [77.8836576, 22.7124744], [77.8835095, 22.711654], [77.8838422, 22.7109822], [77.8846895, 22.7113408]]]}",,,,Residential,,,,,,,,,OWN-0533,PCL-0734,,,PRJ-005,Sohagpur Industrial Corridor,,,,,,,,compensation_paid,,10/9,Sohagpur,,,NUHMPLH2ABZPMS,,,,VLG-019,Mohanpur Buzurg,,
parcel,PCL-0735,,1.68,,,22.792054,77.950163,,,,Narmadapuram,,,,,,,,,,,,"{""type"": ""Polygon"", ""coordinates"": [[[77.9503945, 22.7925415], [77.9497297, 22.7927393], [77.949633, 22.7919239], [77.949814, 22.7915084], [77.9506629, 22.791476], [77.9510565, 22.7920631], [77.9503945, 22.7925415]]]}",,,,Agricultural,,,,,,,,,OWN-0172,PCL-0735,,,PRJ-005,Sohagpur Industrial Corridor,,,,,,,,compensation_paid,,912/7,Sohagpur,,,9BGF36HH574JAM,,,,VLG-013,Harijpur Buzurg,,
parcel,PCL-0736,,1.07,,,22.794296,77.956623,,,,Narmadapuram,,,,,,,,,,,,"{""type"": ""Polygon"", ""coordinates"": [[[77.9562633, 22.7944856], [77.9561669, 22.7939299], [77.9568668, 22.793828], [77.9572991, 22.794496], [77.9567674, 22.7949112], [77.9562633, 22.7944856]]]}",,,,Barren,,,,,,,,,OWN-0690,PCL-0736,,,PRJ-005,Sohagpur Industrial Corridor,,,,,,,,notified,,13/6,Sohagpur,,,NETEDXB6WWASWL,,,,VLG-013,Harijpur Buzurg,,
parcel,PCL-0737,,1.3,,,22.739926,77.929553,,,,Narmadapuram,,,,,,,,,,,,"{""type"": ""Polygon"", ""coordinates"": [[[77.9288878, 22.7399238], [77.9292769, 22.7395944], [77.9298545, 22.7395234], [77.9301558, 22.7398481], [77.9298551, 22.7403549], [77.9292572, 22.7405907], [77.9288878, 22.7399238]]]}",,,,Agricultural,,,,,,,,,OWN-0336,PCL-0737,,,PRJ-005,Sohagpur Industrial Corridor,,,,,,,,notified,,736/1,Sohagpur,,,F9L6L76RJMBHRJ,,,,VLG-014,Balaji Nagar Buzurg,,
parcel,PCL-0738,,0.41,,,22.62669,77.689432,,,,Narmadapuram,,,,,,,,,,,,"{""type"": ""Polygon"", ""coordinates"": [[[77.6894295, 22.6269595], [77.6891862, 22.6267655], [77.6892684, 22.6263835], [77.689599, 22.6264731], [77.6897418, 22.6267451], [77.6894295, 22.6269595]]]}",,,,Agricultural,,,,,,,,,OWN-0481,PCL-0738,,,PRJ-005,Sohagpur Industrial Corridor,,,,,,,,proposed,,654/5,Itarsi,,,8EF7D3TY653NFL,,,,VLG-005,Ratangarh,,
parcel,PCL-0739,,1.4,,,22.657958,77.780695,,,,Narmadapuram,,,,,,,,,,,,"{""type"": ""Polygon"", ""coordinates"": [[[77.7804061, 22.6586566], [77.7800327, 22.6581872], [77.7802416, 22.6577853], [77.7804655, 22.6572216], [77.7811416, 22.6576349], [77.7813999, 22.6581027], [77.7811005, 22.6585083], [77.7804061, 22.6586566]]]}",,,,Agricultural,,,,,,,,,OWN-0427,PCL-0739,,,PRJ-005,Sohagpur Industrial Corridor,,,,,,,,awarded,,924/2,Itarsi,,,XJT3BG8CKG65VX,,,,VLG-004,Devipura Kalan,,
parcel,PCL-0740,,2.62,,,22.816024,77.905891,,,,Narmadapuram,,,,,,,,,,,,"{""type"": ""Polygon"", ""coordinates"": [[[77.9066105, 22.8154996], [77.9069134, 22.8164714], [77.9056003, 22.8167043], [77.9051727, 22.8160885], [77.9055977, 22.8154296], [77.9066105, 22.8154996]]]}",,,,Agricultural,,,,,,,,,OWN-0153,PCL-0740,,,PRJ-005,Sohagpur Industrial Corridor,,,,,,,,possessed,,61/6,Sohagpur,,,MT8RZ9M7LNPX8B,,,,VLG-016,Sonpur,,
parcel,PCL-0741,,0.19,,,22.742843,77.935272,,,,Narmadapuram,,,,,,,,,,,,"{""type"": ""Polygon"", ""coordinates"": [[[77.9350585, 22.7429928], [77.9350735, 22.7427702], [77.9351684, 22.7426395], [77.935379, 22.7426212], [77.9355109, 22.7427842], [77.9354887, 22.7429984], [77.9352386, 22.7430428], [77.9350585, 22.7429928]]]}",,,,Agricultural,,,,,,,,,OWN-0618,PCL-0741,,,PRJ-005,Sohagpur Industrial Corridor,,,,,,,,compensation_paid,,80/9,Sohagpur,,,473LK8RXQRVA2L,,,,VLG-014,Balaji Nagar Buzurg,,
parcel,PCL-0742,,1.29,,,22.784522,77.951138,,,,Narmadapuram,,,,,,,,,,,,"{""type"": ""Polygon"", ""coordinates"": [[[77.9514834, 22.7848498], [77.9508847, 22.7851142], [77.9504474, 22.7845093], [77.9509318, 22.7838191], [77.9516397, 22.7842362], [77.9514834, 22.7848498]]]}",,,,Agricultural,,,,,,,,,OWN-0541,PCL-0742,,,PRJ-005,Sohagpur Industrial Corridor,,,,,,,,compensation_paid,,570/7,Sohagpur,,,MPNZ7CUTTZZHVP,,,,VLG-013,Harijpur Buzurg,,
parcel,PCL-0743,,2.81,,,22.740621,77.922446,,,,Narmadapuram,,,,,,,,,,,,"{""type"": ""Polygon"", ""coordinates"": [[[77.9223473, 22.7413667], [77.9216098, 22.7409516], [77.9215413, 22.7401152], [77.9223976, 22.7397469], [77.9231556, 22.7403806], [77.9230911, 22.7410852], [77.9223473, 22.7413667]]]}",,,,Agricultural,,,,,,,,,OWN-0113,PCL-0743,,,PRJ-005,Sohagpur Industrial Corridor,,,,,,,,notified,,921/6,Sohagpur,,,ELHH4T9MS2UM6M,,,,VLG-014,Balaji Nagar Buzurg,,
parcel,PCL-0744,,2.21,,,22.813652,77.903374,,,,Narmadapuram,,,,,,,,,,,,"{""type"": ""Polygon"", ""coordinates"": [[[77.9028877, 22.8131132], [77.9034896, 22.8127732], [77.9041525, 22.8131041], [77.9040997, 22.8137471], [77.9037444, 22.8142604], [77.902985, 22.8141005], [77.9024033, 22.8137815], [77.9028877, 22.8131132]]]}",,,,Agricultural,,,,,,,,,OWN-0583,PCL-0744,,,PRJ-005,Sohagpur Industrial Corridor,,,,,,,,awarded,,182/4,Sohagpur,,,DX7LSWNEBFJS3V,,,,VLG-016,Sonpur,,
parcel,PCL-0745,,1.65,,,22.818934,77.909642,,,,Narmadapuram,,,,,,,,,,,,"{""type"": ""Polygon"", ""coordinates"": [[[77.9092484, 22.819679], [77.9087739, 22.8188527], [77.9095329, 22.8184711], [77.9103035, 22.8185147], [77.9102787, 22.8193736], [77.9092484, 22.819679]]]}",,,,Mixed Use,,,,,,,,,OWN-0610,PCL-0745,,,PRJ-005,Sohagpur Industrial Corridor,,,,,,,,objections,,642/7,Sohagpur,,,R6VGKE9C2XA5ET,,,,VLG-016,Sonpur,,
parcel,PCL-0746,,1.11,,,22.781891,77.947885,,,,Narmadapuram,,,,,,,,,,,,"{""type"": ""Polygon"", ""coordinates"": [[[77.9476644, 22.7825407], [77.9474543, 22.7819032], [77.9478486, 22.7812799], [77.9484834, 22.781496], [77.9484668, 22.7822796], [77.9476644, 22.7825407]]]}",,,,Mixed Use,,,,,,,,,OWN-0426,PCL-0746,,,PRJ-005,Sohagpur Industrial Corridor,,,,,,,,awarded,,809/9,Sohagpur,,,QJHMD3FSUKZC73,,,,VLG-013,Harijpur Buzurg,,
parcel,PCL-0747,,1.85,,,22.602602,77.944645,,,,Narmadapuram,,,,,,,,,,,,"{""type"": ""Polygon"", ""coordinates"": [[[77.94522, 22.6019307], [77.9452936, 22.6027014], [77.9450325, 22.6030846], [77.9445095, 22.603088], [77.9438078, 22.6028796], [77.9438942, 22.6022704], [77.944574, 22.6019458], [77.94522, 22.6019307]]]}",,,,Mixed Use,,,,,,,,,OWN-0363,PCL-0747,,,PRJ-005,Sohagpur Industrial Corridor,,,,,,,,compensation_paid,,593/6,Sohagpur,,,LWT7W85P9LQBXW,,,,VLG-018,Shivpura Buzurg,,
parcel,PCL-0748,,1.77,,,22.812827,77.909283,,,,Narmadapuram,,,,,,,,,,,,"{""type"": ""Polygon"", ""coordinates"": [[[77.9096338, 22.8122599], [77.9099213, 22.812694], [77.9096258, 22.8132156], [77.9091283, 22.8135268], [77.9086025, 22.813109], [77.9084859, 22.8125746], [77.9091797, 22.8122629], [77.9096338, 22.8122599]]]}",,,,Mixed Use,,,,,,,,,OWN-0243,PCL-0748,,,PRJ-005,Sohagpur Industrial Corridor,,,,,,,,proposed,,350/7,Sohagpur,,,BJY425A4PYV73B,,,,VLG-016,Sonpur,,
parcel,PCL-0749,,2.55,,,23.202082,78.720432,,,,Raisen,,,,,,,,,,,,"{""type"": ""Polygon"", ""coordinates"": [[[78.719722, 23.2021653], [78.7200975, 23.201427], [78.7213444, 23.2015427], [78.7212868, 23.2026674], [78.7202878, 23.2027781], [78.719722, 23.2021653]]]}",,,,Residential,,,,,,,,,OWN-0063,PCL-0749,,,PRJ-006,Raisen 400kV Transmission Line,,,,,,,,awarded,,514/6,Silwani,,,QW3ZRXLTR87XC6,,,,VLG-039,Lakshmipur Kalan,,
parcel,PCL-0750,,2.77,,,23.611187,78.359191,,,,Raisen,,,,,,,,,,,,"{""type"": ""Polygon"", ""coordinates"": [[[78.3581464, 23.611543], [78.3583645, 23.6105479], [78.3594952, 23.6104656], [78.3599287, 23.6111111], [78.3597929, 23.6115982], [78.3589696, 23.6121602], [78.3581464, 23.611543]]]}",,,,Mixed Use,,,,,,,,,OWN-0298,PCL-0750,,,PRJ-006,Raisen 400kV Transmission Line,,,,,,,,awarded,,430/8,Begumganj,,,DF9WLL8MT5WLP3,,,,VLG-024,Govindpur Khurd,,
parcel,PCL-0751,,2.07,,,23.431626,78.745381,,,,Raisen,,,,,,,,,,,,"{""type"": ""Polygon"", ""coordinates"": [[[78.7460427, 23.4317351], [78.7456095, 23.4322254], [78.7450768, 23.4320986], [78.7447815, 23.4317378], [78.7449593, 23.4312235], [78.745367, 23.4310425], [78.7459928, 23.4312868], [78.7460427, 23.4317351]]]}",,,,Residential,,,,,,,,,OWN-0227,PCL-0751,,,PRJ-006,Raisen 400kV Transmission Line,,,,,,,,possessed,,858/9,Silwani,,,XEN82RXLU4EVJ5,,,,VLG-034,Suryanagar,,
parcel,PCL-0752,,0.16,,,23.656033,78.271064,,,,Raisen,,,,,,,,,,,,"{""type"": ""Polygon"", ""coordinates"": [[[78.2709206, 23.6561503], [78.2709234, 23.6559483], [78.2711375, 23.6558388], [78.2712395, 23.6560132], [78.2711516, 23.6562043], [78.2709206, 23.6561503]]]}",,,,Agricultural,,,,,,,,,OWN-0618,PCL-0752,,,PRJ-006,Raisen 400kV Transmission Line,,,,,,,,objections,,915/4,Begumganj,,,PCUGE8F2DRNQDZ,,,,VLG-022,Mohanpur,,
parcel,PCL-0753,,0.35,,,23.420537,78.746532,,,,Raisen,,,,,,,,,,,,"{""type"": ""Polygon"", ""coordinates"": [[[78.7466434, 23.4202262], [78.7468701, 23.4204516], [78.7467224, 23.4206879], [78.7465716, 23.420844], [78.7463759, 23.4207329], [78.7462992, 23.4204806], [78.7463445, 23.4203094], [78.7466434, 23.4202262]]]}",,,,Agricultural,,,,,,,,,OWN-0424,PCL-0753,,,PRJ-006,Raisen 400kV Transmission Line,,,,,,,,compensation_paid,,511/8,Silwani,,,77R4X72VYYVXDP,,,,VLG-034,Suryanagar,,
parcel,PCL-0754,,0.42,,,23.522727,78.207148,,,,Raisen,,,,,,,,,,,,"{""type"": ""Polygon"", ""coordinates"": [[[78.2072303, 23.5230885], [78.2069944, 23.5229287], [78.2068537, 23.5226777], [78.2070407, 23.522471], [78.2074245, 23.5225079], [78.2074198, 23.5228051], [78.2072303, 23.5230885]]]}",,,,Agricultural,,,,,,,,,OWN-0194,PCL-0754,,,PRJ-006,Raisen 400kV Transmission Line,,,,,,,,compensation_paid,,669/2,Begumganj,,,PZEVWXB7BK2SB5,,,,VLG-028,Suryanagar Buzurg,,
parcel,PCL-0755,,2.41,,,23.418417,78.195908,,,,Raisen,,,,,,,,,,,,"{""type"": ""Polygon"", ""coordinates"": [[[78.1964195, 23.4188231], [78.1958261, 23.4191143], [78.195263, 23.4188927], [78.1948443, 23.4183379], [78.1956014, 23.4174688], [78.1962367, 23.4178141], [78.1968407, 23.4183655], [78.1964195, 23.4188231]]]}",,,,Barren,,,,,,,,,OWN-0593,PCL-0755,,,PRJ-006,Raisen 400kV Transmission Line,,,,,,,,awarded,,465/4,Begumganj,,,DMUD5W8LYLCLQZ,,,,VLG-023,Narmadapur,,
parcel,PCL-0756,,0.7,,,23.50902,78.383799,,,,Raisen,,,,,,,,,,,,"{""type"": ""Polygon"", ""coordinates"": [[[78.3833497, 23.5088909], [78.3837302, 23.5085757], [78.3841126, 23.5086553], [78.384245, 23.5091949], [78.3838383, 23.5095208], [78.3835534, 23.5092542], [78.3833497, 23.5088909]]]}",,,,Agricultural,,,,,,,,,OWN-0342,PCL-0756,,,PRJ-006,Raisen 400kV Transmission Line,,,,,,,,compensation_paid,,640/2,Begumganj,,,TW3UV5SWKRABSE,,,,VLG-021,Ratangarh Buzurg,,
parcel,PCL-0757,,0.98,,,23.664472,78.27277,,,,Raisen,,,,,,,,,,,,"{""type"": ""Polygon"", ""coordinates"": [[[78.2722703, 23.6643959], [78.2723968, 23.6639645], [78.2730282, 23.6640283], [78.2732908, 23.6643271], [78.2732592, 23.6648336], [78.2728841, 23.6650152], [78.2722827, 23.6649091], [78.2722703, 23.6643959]]]}",,,,Agricultural,,,,,,,,,OWN-0631,PCL-0757,,,PRJ-006,Raisen 400kV Transmission Line,,,,,,,,compensation_paid,,696/4,Begumganj,,,59KXCJBDVE78C9,,,,VLG-022,Mohanpur,,
parcel,PCL-0758,,2.13,,,23.427379,78.742536,,,,Raisen,,,,,,,,,,,,"{""type"": ""Polygon"", ""coordinates"": [[[78.7419629, 23.4277709], [78.7419472, 23.4268226], [78.7427734, 23.4265922], [78.7435148, 23.4273266], [78.7427379, 23.4280195], [78.7419629, 23.4277709]]]}",,,,Agricultural,,,,,,,,,OWN-0354,PCL-0758,,,PRJ-006,Raisen 400kV Transmission Line,,,,,,,,notified,,296/3,Silwani,,,NJ39XFYD53EYY7,,,,VLG-034,Suryanagar,,
parcel,PCL-0759,,1.04,,,23.385597,78.52753,,,,Raisen,,,,,,,,,,,,"{""type"": ""Polygon"", ""coordinates"": [[[78.527969, 23.3850767], [78.5281537, 23.3859174], [78.5274857, 23.3860887], [78.5270101, 23.3856775], [78.5272989, 23.3852861], [78.527969, 23.3850767]]]}",,,,Agricultural,,,,,,,,,OWN-0380,PCL-0759,,,PRJ-006,Raisen 400kV Transmission Line,,,,,,,,awarded,,322/2,Silwani,,,4HEQPX4NMJSZEK,,,,VLG-031,Jaypur Khurd,,
parcel,PCL-0760,,1.86,,,23.600762,78.34403,,,,Raisen,,,,,,,,,,,,"{""type"": ""Polygon"", ""coordinates"": [[[78.3435207, 23.6002166], [78.3446181, 23.6001136], [78.3448603, 23.6009799], [78.3439694, 23.6014815], [78.3433112, 23.6010023], [78.3435207, 23.6002166]]]}",,,,Agricultural,,,,,,,,,OWN-0520,PCL-0760,,,PRJ-006,Raisen 400kV Transmission Line,,,,,,,,awarded,,643/7,Begumganj,,,NF5QDYL9DSP2MM,,,,VLG-024,Govindpur Khurd,,
parcel,PCL-0761,,1.73,,,23.355849,78.581611,,,,Raisen,,,,,,,,,,,,"{""type"": ""Polygon"", ""coordinates"": [[[78.5823265, 23.3557793], [78.5818931, 23.3566291], [78.5811154, 23.3561024], [78.5808624, 23.3553607], [78.5818445, 23.3553817], [78.5823265, 23.3557793]]]}",,,,Mixed Use,,,,,,,,,OWN-0436,PCL-0761,,,PRJ-006,Raisen 400kV Transmission Line,,,,,,,,possessed,,250/8,Silwani,,,BZYQ2A4KMNA4NY,,,,VLG-035,Krishnapur Buzurg,,
parcel,PCL-0762,,0.7,,,23.244667,78.667151,,,,Raisen,,,,,,,,,,,,"{""type"": ""Polygon"", ""coordinates"": [[[78.6668415, 23.2448614], [78.666772, 23.2445179], [78.666987, 23.2441951], [78.6676195, 23.2444037], [78.6675026, 23.2448185], [78.6671838, 23.2450822], [78.6668415, 23.2448614]]]}",,,,Agricultural,,,,,,,,,OWN-0131,PCL-0762,,,PRJ-006,Raisen 400kV Transmission Line,,,,,,,,proposed,,316/9,Silwani,,,M6V2PWJQX4FHKA,,,,VLG-040,Devipura Buzurg,,
parcel,PCL-0763,,2.93,,,23.365431,78.580286,,,,Raisen,,,,,,,,,,,,"{""type"": ""Polygon"", ""coordinates"": [[[78.5800392, 23.3645909], [78.5811197, 23.3646497], [78.5812634, 23.3654214], [78.5810518, 23.3660551], [78.5801335, 23.366072], [78.5794705, 23.3660057], [78.5792394, 23.3651716], [78.5800392, 23.3645909]]]}",,,,Barren,,,,,,,,,OWN-0618,PCL-0763,,,PRJ-006,Raisen 400kV Transmission Line,,,,,,,,awarded,,31/4,Silwani,,,3523Q3V8MERL4W,,,,VLG-035,Krishnapur Buzurg,,
parcel,PCL-0764,,0.91,,,23.512058,78.201493,,,,Raisen,,,,,,,,,,,,"{""type"": ""Polygon"", ""coordinates"": [[[78.2010721, 23.5121411], [78.2012064, 23.5117264], [78.2017031, 23.5115178], [78.2018816, 23.5118605], [78.2018894, 23.5122295], [78.2016041, 23.512575], [78.2012763, 23.5124235], [78.2010721, 23.5121411]]]}",,,,Residential,,,,,,,,,OWN-0459,PCL-0764,,,PRJ-006,Raisen 400kV Transmission Line,,,,,,,,objections,,976/6,Begumganj,,,46GXDRDZ37D7EJ,,,,VLG-028,Suryanagar Buzurg,,
parcel,PCL-0765,,2.34,,,23.356392,78.586036,,,,Raisen,,,,,,,,,,,,"{""type"": ""Polygon"", ""coordinates"": [[[78.5858586, 23.3569587], [78.5851516, 23.3567931], [78.5853021, 23.3560031], [78.585849, 23.3554589], [78.5868188, 23.3557682], [78.5866968, 23.3563258], [78.5864986, 23.3570099], [78.5858586, 23.3569587]]]}",,,,Residential,,,,,,,,,OWN-0589,PCL-0765,,,PRJ-006,Raisen 400kV Transmission Line,,,,,,,,objections,,92/4,Silwani,,,3F4Y64YJLJ2GWT,,,,VLG-035,Krishnapur Buzurg,,
parcel,PCL-0766,,2.03,,,23.521078,78.376068,,,,Raisen,,,,,,,,,,,,"{""type"": ""Polygon"", ""coordinates"": [[[78.3754428, 23.5208253], [78.3761826, 23.520491], [78.3769883, 23.5209841], [78.3763851, 23.5216588], [78.3754718, 23.5217254], [78.3754428, 23.5208253]]]}",,,,Barren,,,,,,,,,OWN-0405,PCL-0766,,,PRJ-006,Raisen 400kV Transmission Line,,,,,,,,objections,,79/4,Begumganj,,,5XXBCFZY36NKPZ,,,,VLG-021,Ratangarh Buzurg,,
parcel,PCL-0767,,0.65,,,23.426238,78.209879,,,,Raisen,,,,,,,,,,,,"{""type"": ""Polygon"", ""coordinates"": [[[78.2099007, 23.4257982], [78.2102108, 23.4260075], [78.2102435, 23.4263936], [78.2099928, 23.4265212], [78.2096044, 23.4265696], [78.2094531, 23.4261834], [78.2096044, 23.4260305], [78.2099007, 23.4257982]]]}",,,,Agricultural,,,,,,,,,OWN-0229,PCL-0767,,,PRJ-006,Raisen 400kV Transmission Line,,,,,,,,possessed,,949/4,Begumganj,,,GELA5385Q6LBN6,,,,VLG-023,Narmadapur,,
parcel,PCL-0768,,2.35,,,23.432456,78.743945,,,,Raisen,,,,,,,,,,,,"{""type"": ""Polygon"", ""coordinates"": [[[78.7434146, 23.4330397], [78.7430377, 23.4324246], [78.7435466, 23.4318177], [78.7445641, 23.4319325], [78.7449579, 23.4325527], [78.7442964, 23.433119], [78.7434146, 23.4330397]]]}",,,,Barren,,,,,,,,,OWN-0326,PCL-0768,,,PRJ-006,Raisen 400kV Transmission Line,,,,,,,,awarded,,267/7,Silwani,,,6NRE3SAXT59RDY,,,,VLG-034,Suryanagar,,
parcel,PCL-0769,,1.34,,,23.522549,78.20351,,,,Raisen,,,,,,,,,,,,"{""type"": ""Polygon"", ""coordinates"": [[[78.2038076, 23.5232367], [78.2030242, 23.5228906], [78.2030472, 23.5223592], [78.2033111, 23.5219925], [78.203857, 23.5222475], [78.2040833, 23.5226142], [78.2038076, 23.5232367]]]}",,,,Agricultural,,,,,,,,,OWN-0015,PCL-0769,,,PRJ-006,Raisen 400kV Transmission Line,,,,,,,,proposed,,870/2,Begumganj,,,U2HW7ACBEDC6PW,,,,VLG-028,Suryanagar Buzurg,,
parcel,PCL-0770,,1.38,,,23.602429,78.356222,,,,Raisen,,,,,,,,,,,,"{""type"": ""Polygon"", ""coordinates"": [[[78.3560593, 23.6017347], [78.3566864, 23.6021559], [78.3569728, 23.6027317], [78.3562876, 23.6029465], [78.355731, 23.6028564], [78.3555799, 23.6022312], [78.3560593, 23.6017347]]]}",,,,Agricultural,,,,,,,,,OWN-0537,PCL-0770,,,PRJ-006,Raisen 400kV Transmission Line,,,,,,,,disputed_litigation,,225/3,Begumganj,,,GNAYUJSMYEGFCN,,,,VLG-024,Govindpur Khurd,,
parcel,PCL-0771,,0.97,,,23.516557,78.38884,,,,Raisen,,,,,,,,,,,,"{""type"": ""Polygon"", ""coordinates"": [[[78.3884609, 23.5160804], [78.3891547, 23.5161678], [78.3894231, 23.5168039], [78.3888925, 23.5171056], [78.3884104, 23.5166165], [78.3884609, 23.5160804]]]}",,,,Barren,,,,,,,,,OWN-0459,PCL-0771,,,PRJ-006,Raisen 400kV Transmission Line,,,,,,,,awarded,,696/7,Begumganj,,,725C2LWENVBP8P,,,,VLG-021,Ratangarh Buzurg,,
parcel,PCL-0772,,0.93,,,23.247288,78.665958,,,,Raisen,,,,,,,,,,,,"{""type"": ""Polygon"", ""coordinates"": [[[78.665462, 23.2472056], [78.665804, 23.2467478], [78.666486, 23.2470865], [78.6663307, 23.2477518], [78.6657254, 23.247628], [78.665462, 23.2472056]]]}",,,,Agricultural,,,,,,,,,OWN-0249,PCL-0772,,,PRJ-006,Raisen 400kV Transmission Line,,,,,,,,compensation_paid,,523/3,Silwani,,,A8HYVFWHQQGE84,,,,VLG-040,Devipura Buzurg,,
parcel,PCL-0773,,1.37,,,23.214292,78.714307,,,,Raisen,,,,,,,,,,,,"{""type"": ""Polygon"", ""coordinates"": [[[78.7149894, 23.2145019], [78.7142676, 23.2149395], [78.7138775, 23.214551], [78.7137823, 23.2141506], [78.7143548, 23.2136907], [78.7148755, 23.2140532], [78.7149894, 23.2145019]]]}",,,,Residential,,,,,,,,,OWN-0277,PCL-0773,,,PRJ-006,Raisen 400kV Transmission Line,,,,,,,,compensation_paid,,35/6,Silwani,,,MRAP4A2698HLT8,,,,VLG-039,Lakshmipur Kalan,,
parcel,PCL-0774,,1.2,,,23.664543,78.276043,,,,Raisen,,,,,,,,,,,,"{""type"": ""Polygon"", ""coordinates"": [[[78.2762972, 23.6650725], [78.2754754, 23.6650033], [78.2756643, 23.6642896], [78.2762204, 23.6640719], [78.2767367, 23.6644894], [78.2762972, 23.6650725]]]}",,,,Agricultural,,,,,,,,,OWN-0308,PCL-0774,,,PRJ-006,Raisen 400kV Transmission Line,,,,,,,,objections,,996/5,Begumganj,,,KWJ4DHZGGHW58R,,,,VLG-022,Mohanpur,,
parcel,PCL-0775,,2.61,,,23.516244,78.202629,,,,Raisen,,,,,,,,,,,,"{""type"": ""Polygon"", ""coordinates"": [[[78.2025695, 23.5156403], [78.2033994, 23.5156989], [78.2035523, 23.516733], [78.2027152, 23.5172759], [78.2018881, 23.5167049], [78.2019895, 23.5160407], [78.2025695, 23.5156403]]]}",,,,Agricultural,,,,,,,,,OWN-0266,PCL-0775,,,PRJ-006,Raisen 400kV Transmission Line,,,,,,,,awarded,,445/6,Begumganj,,,DM9W5DRVY2NRPK,,,,VLG-028,Suryanagar Buzurg,,
parcel,PCL-0776,,1.91,,,23.418736,78.750684,,,,Raisen,,,,,,,,,,,,"{""type"": ""Polygon"", ""coordinates"": [[[78.7500427, 23.4189561], [78.7502418, 23.418246], [78.7508479, 23.4180398], [78.7512849, 23.4186568], [78.7513124, 23.419164], [78.750475, 23.4192874], [78.7500427, 23.4189561]]]}",,,,Agricultural,,,,,,,,,OWN-0276,PCL-0776,,,PRJ-006,Raisen 400kV Transmission Line,,,,,,,,notified,,694/3,Silwani,,,7F2H2L27S84MP8,,,,VLG-034,Suryanagar,,
parcel,PCL-0777,,2.09,,,23.321157,78.500475,,,,Raisen,,,,,,,,,,,,"{""type"": ""Polygon"", ""coordinates"": [[[78.499573, 23.3208461], [78.5002708, 23.3204373], [78.5012444, 23.3206265], [78.5012801, 23.3215848], [78.5007103, 23.3219526], [78.4999386, 23.321433], [78.499573, 23.3208461]]]}",,,,Barren,,,,,,,,,OWN-0180,PCL-0777,,,PRJ-006,Raisen 400kV Transmission Line,,,,,,,,compensation_paid,,956/4,Silwani,,,JA3MYRSGZTXZTE,,,,VLG-033,Mohanpur Kalan,,
parcel,PCL-0778,,0.58,,,23.515781,78.385151,,,,Raisen,,,,,,,,,,,,"{""type"": ""Polygon"", ""coordinates"": [[[78.3854053, 23.5159518], [78.3850992, 23.5161433], [78.3846512, 23.5159012], [78.3849812, 23.5155127], [78.3854344, 23.5155496], [78.3854053, 23.5159518]]]}",,,,Agricultural,,,,,,,,,OWN-0628,PCL-0778,,,PRJ-006,Raisen 400kV Transmission Line,,,,,,,,objections,,10/5,Begumganj,,,62Z6G55JFNKZD4,,,,VLG-021,Ratangarh Buzurg,,
parcel,PCL-0779,,1.67,,,23.356872,78.596207,,,,Raisen,,,,,,,,,,,,"{""type"": ""Polygon"", ""coordinates"": [[[78.5968536, 23.3566554], [78.5968357, 23.3573036], [78.5958697, 23.3576288], [78.5957186, 23.3570418], [78.5956962, 23.3564906], [78.5963877, 23.3562307], [78.5968536, 23.3566554]]]}",,,,Agricultural,,,,,,,,,OWN-0656,PCL-0779,,,PRJ-006,Raisen 400kV Transmission Line,,,,,,,,compensation_paid,,297/7,Silwani,,,7P3PE3NRBU2CG8,,,,VLG-035,Krishnapur Buzurg,,
parcel,PCL-0780,,1.24,,,23.382958,78.528522,,,,Raisen,,,,,,,,,,,,"{""type"": ""Polygon"", ""coordinates"": [[[78.5286658, 23.3836329], [78.5281127, 23.383149], [78.528215, 23.3825498], [78.5289055, 23.3825165], [78.5291624, 23.3831069], [78.5286658, 23.3836329]]]}",,,,Agricultural,,,,,,,,,OWN-0246,PCL-0780,,,PRJ-006,Raisen 400kV Transmission Line,,,,,,,,objections,,261/4,Silwani,,,CQGDG24R25MKTZ,,,,VLG-031,Jaypur Khurd,,
parcel,PCL-0781,,0.31,,,23.425123,78.748295,,,,Raisen,,,,,,,,,,,,"{""type"": ""Polygon"", ""coordinates"": [[[78.7479303, 23.4251727], [78.7481062, 23.4249735], [78.7483548, 23.4249154], [78.7486204, 23.4250712], [78.748521, 23.4253208], [78.7482701, 23.4253861], [78.7479303, 23.4251727]]]}",,,,Agricultural,,,,,,,,,OWN-0425,PCL-0781,,,PRJ-006,Raisen 400kV Transmission Line,,,,,,,,possessed,,766/1,Silwani,,,DM2AU4BG6SXNG2,,,,VLG-034,Suryanagar,,
parcel,PCL-0782,,0.9,,,23.423231,78.752071,,,,Raisen,,,,,,,,,,,,"{""type"": ""Polygon"", ""coordinates"": [[[78.7516, 23.4232475], [78.7516341, 23.4227894], [78.7521923, 23.422862], [78.7524527, 23.4229652], [78.7526279, 23.4235289], [78.752294, 23.4237822], [78.7517128, 23.4236088], [78.7516, 23.4232475]]]}",,,,Mixed Use,,,,,,,,,OWN-0261,PCL-0782,,,PRJ-006,Raisen 400kV Transmission Line,,,,,,,,objections,,868/1,Silwani,,,7EEA7LZBLRBYB5,,,,VLG-034,Suryanagar,,
parcel,PCL-0783,,0.37,,,23.240522,78.663702,,,,Raisen,,,,,,,,,,,,"{""type"": ""Polygon"", ""coordinates"": [[[78.6635444, 23.2402493], [78.6638658, 23.2402618], [78.6639795, 23.2406448], [78.6636695, 23.2407531], [78.6633217, 23.24061], [78.6635444, 23.2402493]]]}",,,,Agricultural,,,,,,,,,OWN-0170,PCL-0783,,,PRJ-006,Raisen 400kV Transmission Line,,,,,,,,awarded,,300/3,Silwani,,,LAMEYMDYJH63AH,,,,VLG-040,Devipura Buzurg,,
parcel,PCL-0784,,1.86,,,23.614283,78.345774,,,,Raisen,,,,,,,,,,,,"{""type"": ""Polygon"", ""coordinates"": [[[78.3458065, 23.6136974], [78.3463853, 23.6140516], [78.3462, 23.6146299], [78.3456461, 23.6148832], [78.3450516, 23.6147566], [78.3452843, 23.6139431], [78.3458065, 23.6136974]]]}",,,,Agricultural,,,,,,,,,OWN-0173,PCL-0784,,,PRJ-006,Raisen 400kV Transmission Line,,,,,,,,proposed,,499/5,Begumganj,,,3KRQUUDQ83YSPT,,,,VLG-024,Govindpur Khurd,,
parcel,PCL-0785,,2.22,,,23.363722,78.59357,,,,Raisen,,,,,,,,,,,,"{""type"": ""Polygon"", ""coordinates"": [[[78.5937359, 23.3644717], [78.5927885, 23.364251], [78.5928829, 23.3633794], [78.5936795, 23.363133], [78.5943993, 23.3637192], [78.5937359, 23.3644717]]]}",,,,Barren,,,,,,,,,OWN-0341,PCL-0785,,,PRJ-006,Raisen 400kV Transmission Line,,,,,,,,compensation_paid,,998/1,Silwani,,,T9GXBWHJP79LGD,,,,VLG-035,Krishnapur Buzurg,,
parcel,PCL-0786,,1.5,,,23.30402,78.722437,,,,Raisen,,,,,,,,,,,,"{""type"": ""Polygon"", ""coordinates"": [[[78.7225658, 23.3044771], [78.7219271, 23.3046359], [78.7219598, 23.3039169], [78.7220749, 23.3036001], [78.7226539, 23.3033668], [78.7229949, 23.3038396], [78.7229184, 23.3044029], [78.7225658, 23.3044771]]]}",,,,Mixed Use,,,,,,,,,OWN-0499,PCL-0786,,,PRJ-006,Raisen 400kV Transmission Line,,,,,,,,compensation_paid,,773/4,Silwani,,,8UT232A6JQ32DU,,,,VLG-036,Vijaynagar,,
parcel,PCL-0787,,0.4,,,23.418206,78.735194,,,,Raisen,,,,,,,,,,,,"{""type"": ""Polygon"", ""coordinates"": [[[78.7352948, 23.4184582], [78.7349332, 23.4183782], [78.7348855, 23.4179635], [78.7353131, 23.4178885], [78.7355029, 23.4181718], [78.7352948, 23.4184582]]]}",,,,Mixed Use,,,,,,,,,OWN-0374,PCL-0787,,,PRJ-006,Raisen 400kV Transmission Line,,,,,,,,awarded,,120/7,Silwani,,,BJ3X86ZJ54UDPG,,,,VLG-034,Suryanagar,,
parcel,PCL-0788,,1.26,,,23.312528,78.503621,,,,Raisen,,,,,,,,,,,,"{""type"": ""Polygon"", ""coordinates"": [[[78.5035629, 23.3129558], [78.5030331, 23.3126938], [78.503417, 23.3121086], [78.5041856, 23.3120411], [78.5042519, 23.3127029], [78.5035629, 23.3129558]]]}",,,,Agricultural,,,,,,,,,OWN-0640,PCL-0788,,,PRJ-006,Raisen 400kV Transmission Line,,,,,,,,proposed,,782/6,Silwani,,,RZJ3CYNM7RUBFF,,,,VLG-033,Mohanpur Kalan,,
parcel,PCL-0789,,2.45,,,23.518853,78.38427,,,,Raisen,,,,,,,,,,,,"{""type"": ""Polygon"", ""coordinates"": [[[78.3851102, 23.5186842], [78.3848009, 23.5195644], [78.3839565, 23.5193656], [78.3831867, 23.5188984], [78.3834659, 23.5181662], [78.3845089, 23.5182932], [78.3851102, 23.5186842]]]}",,,,Agricultural,,,,,,,,,OWN-0399,PCL-0789,,,PRJ-006,Raisen 400kV Transmission Line,,,,,,,,objections,,881/6,Begumganj,,,86Q2GCNSBX8P3G,,,,VLG-021,Ratangarh Buzurg,,
parcel,PCL-0790,,2.61,,,23.52191,78.20167,,,,Raisen,,,,,,,,,,,,"{""type"": ""Polygon"", ""coordinates"": [[[78.2014241, 23.5212124], [78.2020213, 23.52127], [78.2024962, 23.5216337], [78.202213, 23.5223488], [78.2018308, 23.5228017], [78.2009527, 23.5224032], [78.2006595, 23.5216691], [78.2014241, 23.5212124]]]}",,,,Barren,,,,,,,,,OWN-0435,PCL-0790,,,PRJ-006,Raisen 400kV Transmission Line,,,,,,,,compensation_paid,,976/2,Begumganj,,,2W7MQ4RVEHCSX6,,,,VLG-028,Suryanagar Buzurg,,
parcel,PCL-0791,,1.32,,,23.376429,78.529243,,,,Raisen,,,,,,,,,,,,"{""type"": ""Polygon"", ""coordinates"": [[[78.5286679, 23.3768011], [78.5288335, 23.3761979], [78.5295255, 23.3757859], [78.5297402, 23.3763998], [78.5294476, 23.3770683], [78.5286679, 23.3768011]]]}",,,,Residential,,,,,,,,,OWN-0547,PCL-0791,,,PRJ-006,Raisen 400kV Transmission Line,,,,,,,,awarded,,522/6,Silwani,,,LSE3BUGYXZN7QD,,,,VLG-031,Jaypur Khurd,,
parcel,PCL-0792,,0.91,,,23.418034,78.203688,,,,Raisen,,,,,,,,,,,,"{""type"": ""Polygon"", ""coordinates"": [[[78.2031944, 23.4179702], [78.2036198, 23.4175565], [78.2041928, 23.4177347], [78.2039593, 23.4183688], [78.2033465, 23.4185192], [78.2031944, 23.4179702]]]}",,,,Mixed Use,,,,,,,,,OWN-0313,PCL-0792,,,PRJ-006,Raisen 400kV Transmission Line,,,,,,,,notified,,3/1,Begumganj,,,DTC6Z4CKRHD5VC,,,,VLG-023,Narmadapur,,
parcel,PCL-0793,,2.98,,,23.42075,78.204226,,,,Raisen,,,,,,,,,,,,"{""type"": ""Polygon"", ""coordinates"": [[[78.2040571, 23.4198585], [78.2048991, 23.420255], [78.2049674, 23.4209365], [78.2046075, 23.4216804], [78.2039251, 23.4216262], [78.2031468, 23.4210444], [78.2032977, 23.4201045], [78.2040571, 23.4198585]]]}",,,,Barren,,,,,,,,,OWN-0658,PCL-0793,,,PRJ-006,Raisen 400kV Transmission Line,,,,,,,,objections,,942/8,Begumganj,,,N44WT6Z7R8EDWN,,,,VLG-023,Narmadapur,,
parcel,PCL-0794,,2.12,,,23.386188,78.519053,,,,Raisen,,,,,,,,,,,,"{""type"": ""Polygon"", ""coordinates"": [[[78.519333, 23.3854988], [78.5197684, 23.3860844], [78.5192038, 23.3867022], [78.5184008, 23.3866028], [78.5184004, 23.3856269], [78.519333, 23.3854988]]]}",,,,Mixed Use,,,,,,,,,OWN-0162,PCL-0794,,,PRJ-006,Raisen 400kV Transmission Line,,,,,,,,notified,,359/7,Silwani,,,DCUHNG4397YK8A,,,,VLG-031,Jaypur Khurd,,
parcel,PCL-0795,,2.97,,,23.315057,78.650515,,,,Raisen,,,,,,,,,,,,"{""type"": ""Polygon"", ""coordinates"": [[[78.6504189, 23.3142183], [78.6512879, 23.3142203], [78.6516644, 23.3150137], [78.6508561, 23.3157015], [78.6502, 23.3157009], [78.6493765, 23.3153152], [78.6498782, 23.3146177], [78.6504189, 23.3142183]]]}",,,,Agricultural,,,,,,,,,OWN-0104,PCL-0795,,,PRJ-006,Raisen 400kV Transmission Line,,,,,,,,awarded,,499/7,Silwani,,,73JL6CKYVRE3QE,,,,VLG-032,Ratangarh Kalan,,
parcel,PCL-0796,,1.0,,,23.52313,78.208738,,,,Raisen,,,,,,,,,,,,"{""type"": ""Polygon"", ""coordinates"": [[[78.2085573, 23.5235433], [78.2080719, 23.5229209], [78.2086771, 23.5224891], [78.2091277, 23.5229039], [78.2090634, 23.5235008], [78.2085573, 23.5235433]]]}",,,,Mixed Use,,,,,,,,,OWN-0328,PCL-0796,,,PRJ-006,Raisen 400kV Transmission Line,,,,,,,,possessed,,728/6,Begumganj,,,CM3ERSB8QFJKD5,,,,VLG-028,Suryanagar Buzurg,,
parcel,PCL-0797,,1.36,,,23.241371,78.671256,,,,Raisen,,,,,,,,,,,,"{""type"": ""Polygon"", ""coordinates"": [[[78.6709802, 23.241784], [78.6704429, 23.2413459], [78.6710298, 23.2406905], [78.6717921, 23.2412134], [78.671792, 23.241806], [78.6709802, 23.241784]]]}",,,,Mixed Use,,,,,,,,,OWN-0513,PCL-0797,,,PRJ-006,Raisen 400kV Transmission Line,,,,,,,,possessed,,764/7,Silwani,,,E7AZERCX6QMHQ2,,,,VLG-040,Devipura Buzurg,,
parcel,PCL-0798,,1.72,,,23.362366,78.596702,,,,Raisen,,,,,,,,,,,,"{""type"": ""Polygon"", ""coordinates"": [[[78.5965463, 23.3629666], [78.5960755, 23.362521], [78.5962845, 23.3620732], [78.5969921, 23.3616905], [78.5972261, 23.3623362], [78.5970288, 23.3628117], [78.5965463, 23.3629666]]]}",,,,Agricultural,,,,,,,,,OWN-0037,PCL-0798,,,PRJ-006,Raisen 400kV Transmission Line,,,,,,,,possessed,,576/7,Silwani,,,9TUFJNX5MW3K3R,,,,VLG-035,Krishnapur Buzurg,,
parcel,PCL-0799,,0.17,,,23.601706,78.349597,,,,Raisen,,,,,,,,,,,,"{""type"": ""Polygon"", ""coordinates"": [[[78.3494781, 23.6018821], [78.349358, 23.6017019], [78.3494431, 23.6015225], [78.3496262, 23.6014559], [78.3498213, 23.6015583], [78.3497954, 23.6017607], [78.3497221, 23.6019454], [78.3494781, 23.6018821]]]}",,,,Agricultural,,,,,,,,,OWN-0203,PCL-0799,,,PRJ-006,Raisen 400kV Transmission Line,,,,,,,,awarded,,274/5,Begumganj,,,XBE95LHNT4F3T2,,,,VLG-024,Govindpur Khurd,,
parcel,PCL-0800,,0.53,,,23.215485,78.71872,,,,Raisen,,,,,,,,,,,,"{""type"": ""Polygon"", ""coordinates"": [[[78.718689, 23.2157752], [78.7184105, 23.2156304], [78.7184083, 23.2152691], [78.7187497, 23.2151146], [78.7189905, 23.2153891], [78.7191237, 23.2156557], [78.718689, 23.2157752]]]}",,,,Barren,,,,,,,,,OWN-0454,PCL-0800,,,PRJ-006,Raisen 400kV Transmission Line,,,,,,,,notified,,75/9,Silwani,,,TCSR6VHJ3H9RAA,,,,VLG-039,Lakshmipur Kalan,,
parcel,PCL-0801,,0.15,,,23.364839,78.589298,,,,Raisen,,,,,,,,,,,,"{""type"": ""Polygon"", ""coordinates"": [[[78.5894495, 23.3646772], [78.5894512, 23.3648775], [78.5893993, 23.3649475], [78.5892451, 23.365053], [78.5890607, 23.3649627], [78.5890929, 23.3647196], [78.5892825, 23.3645997], [78.5894495, 23.3646772]]]}",,,,Agricultural,,,,,,,,,OWN-0227,PCL-0801,,,PRJ-006,Raisen 400kV Transmission Line,,,,,,,,objections,,350/9,Silwani,,,5CMGREG44V4BJE,,,,VLG-035,Krishnapur Buzurg,,
parcel,PCL-0802,,2.73,,,23.42991,78.752042,,,,Raisen,,,,,,,,,,,,"{""type"": ""Polygon"", ""coordinates"": [[[78.7527719, 23.4305613], [78.7516715, 23.430596], [78.7512947, 23.430002], [78.7516746, 23.4293816], [78.7524183, 23.4292688], [78.7529766, 23.4297912], [78.7527719, 23.4305613]]]}",,,,Mixed Use,,,,,,,,,OWN-0599,PCL-0802,,,PRJ-006,Raisen 400kV Transmission Line,,,,,,,,possessed,,924/6,Silwani,,,EM2AKARQFS5Z4Y,,,,VLG-034,Suryanagar,,
parcel,PCL-0803,,2.71,,,23.381428,78.514919,,,,Raisen,,,,,,,,,,,,"{""type"": ""Polygon"", ""coordinates"": [[[78.5140065, 23.3813704], [78.5144797, 23.3809694], [78.5154955, 23.38071], [78.5157266, 23.3814768], [78.5153143, 23.382216], [78.5144963, 23.3820543], [78.5140065, 23.3813704]]]}",,,,Agricultural,,,,,,,,,OWN-0278,PCL-0803,,,PRJ-006,Raisen 400kV Transmission Line,,,,,,,,proposed,,361/1,Silwani,,,2KWNJJQB8KT92S,,,,VLG-031,Jaypur Khurd,,
parcel,PCL-0804,,1.3,,,23.661132,78.28577,,,,Raisen,,,,,,,,,,,,"{""type"": ""Polygon"", ""coordinates"": [[[78.2852287, 23.6615801], [78.2852026, 23.6611109], [78.2853792, 23.6606763], [78.2858253, 23.6606137], [78.2863747, 23.6608949], [78.2864933, 23.6614332], [78.2858712, 23.6616591], [78.2852287, 23.6615801]]]}",,,,Mixed Use,,,,,,,,,OWN-0286,PCL-0804,,,PRJ-006,Raisen 400kV Transmission Line,,,,,,,,compensation_paid,,861/3,Begumganj,,,8YHMA52Z2NMZ4K,,,,VLG-022,Mohanpur,,
parcel,PCL-0805,,2.1,,,23.605381,78.345291,,,,Raisen,,,,,,,,,,,,"{""type"": ""Polygon"", ""coordinates"": [[[78.3459614, 23.6056454], [78.3450753, 23.605925], [78.3444021, 23.6055543], [78.344939, 23.6044978], [78.3460153, 23.6049521], [78.3459614, 23.6056454]]]}",,,,Residential,,,,,,,,,OWN-0575,PCL-0805,,,PRJ-006,Raisen 400kV Transmission Line,,,,,,,,awarded,,841/1,Begumganj,,,LJBF79FB4JUZBJ,,,,VLG-024,Govindpur Khurd,,
parcel,PCL-0806,,2.02,,,23.603006,78.352924,,,,Raisen,,,,,,,,,,,,"{""type"": ""Polygon"", ""coordinates"": [[[78.3530791, 23.6023915], [78.3538587, 23.6030295], [78.3532678, 23.6035376], [78.3523843, 23.603658], [78.3522993, 23.6027813], [78.3530791, 23.6023915]]]}",,,,Agricultural,,,,,,,,,OWN-0542,PCL-0806,,,PRJ-006,Raisen 400kV Transmission Line,,,,,,,,compensation_paid,,442/7,Begumganj,,,7D559S88JDGFDU,,,,VLG-024,Govindpur Khurd,,
parcel,PCL-0807,,0.77,,,23.5208,78.205728,,,,Raisen,,,,,,,,,,,,"{""type"": ""Polygon"", ""coordinates"": [[[78.2059533, 23.5210717], [78.2055284, 23.5211966], [78.2052284, 23.5209243], [78.2053872, 23.5205919], [78.2057808, 23.5202959], [78.2060017, 23.5205509], [78.206137, 23.5208342], [78.2059533, 23.5210717]]]}",,,,Residential,,,,,,,,,OWN-0138,PCL-0807,,,PRJ-006,Raisen 400kV Transmission Line,,,,,,,,awarded,,271/3,Begumganj,,,Z986M77SZ6XDLG,,,,VLG-028,Suryanagar Buzurg,,
parcel,PCL-0808,,1.61,,,23.414321,78.211116,,,,Raisen,,,,,,,,,,,,"{""type"": ""Polygon"", ""coordinates"": [[[78.2116709, 23.4140558], [78.2114239, 23.4147869], [78.2107765, 23.4148966], [78.2104768, 23.4141695], [78.2111178, 23.4136819], [78.2116709, 23.4140558]]]}",,,,Agricultural,,,,,,,,,OWN-0305,PCL-0808,,,PRJ-006,Raisen 400kV Transmission Line,,,,,,,,possessed,,181/1,Begumganj,,,U7XRZV68D2RMXR,,,,VLG-023,Narmadapur,,
parcel,PCL-0809,,1.95,,,23.6317,78.439765,,,,Raisen,,,,,,,,,,,,"{""type"": ""Polygon"", ""coordinates"": [[[78.4395938, 23.6323574], [78.4389324, 23.6317655], [78.4393604, 23.6311972], [78.4401011, 23.631087], [78.4405976, 23.6315766], [78.4404843, 23.6323176], [78.4395938, 23.6323574]]]}",,,,Agricultural,,,,,,,,,OWN-0445,PCL-0809,,,PRJ-006,Raisen 400kV Transmission Line,,,,,,,,awarded,,221/7,Begumganj,,,FQWUWJEHX6MQXD,,,,VLG-026,Sonpur Buzurg,,
parcel,PCL-0810,,0.91,,,23.515096,78.37942,,,,Raisen,,,,,,,,,,,,"{""type"": ""Polygon"", ""coordinates"": [[[78.3797374, 23.515483], [78.3792103, 23.5155034], [78.3789547, 23.5151241], [78.379078, 23.5145795], [78.3796838, 23.514622], [78.3800009, 23.5150106], [78.3797374, 23.515483]]]}",,,,Agricultural,,,,,,,,,OWN-0647,PCL-0810,,,PRJ-006,Raisen 400kV Transmission Line,,,,,,,,awarded,,158/3,Begumganj,,,BCHBBGSM44D3MW,,,,VLG-021,Ratangarh Buzurg,,
parcel,PCL-0811,,1.52,,,23.202415,78.716719,,,,Raisen,,,,,,,,,,,,"{""type"": ""Polygon"", ""coordinates"": [[[78.7168586, 23.2017806], [78.7171537, 23.2021416], [78.7174047, 23.2026828], [78.7168914, 23.2030789], [78.7164331, 23.2030635], [78.7160967, 23.2024557], [78.7161694, 23.201841], [78.7168586, 23.2017806]]]}",,,,Residential,,,,,,,,,OWN-0675,PCL-0811,,,PRJ-006,Raisen 400kV Transmission Line,,,,,,,,notified,,179/8,Silwani,,,U35YJVNCYH7H7K,,,,VLG-039,Lakshmipur Kalan,,
parcel,PCL-0812,,0.29,,,23.214655,78.717887,,,,Raisen,,,,,,,,,,,,"{""type"": ""Polygon"", ""coordinates"": [[[78.7179197, 23.2148998], [78.7176545, 23.2148163], [78.7175749, 23.2145646], [78.7178179, 23.214435], [78.7181586, 23.2144606], [78.718231, 23.214692], [78.7179197, 23.2148998]]]}",,,,Barren,,,,,,,,,OWN-0545,PCL-0812,,,PRJ-006,Raisen 400kV Transmission Line,,,,,,,,compensation_paid,,875/8,Silwani,,,WDPEAV6FSA88EM,,,,VLG-039,Lakshmipur Kalan,,
parcel,PCL-0813,,2.87,,,23.311618,78.72462,,,,Raisen,,,,,,,,,,,,"{""type"": ""Polygon"", ""coordinates"": [[[78.7239498, 23.3111976], [78.7245011, 23.3105785], [78.7254512, 23.3111243], [78.7256309, 23.3117632], [78.7251664, 23.3124825], [78.7240908, 23.3124672], [78.7236037, 23.311913], [78.7239498, 23.3111976]]]}",,,,Mixed Use,,,,,,,,,OWN-0236,PCL-0813,,,PRJ-006,Raisen 400kV Transmission Line,,,,,,,,notified,,378/7,Silwani,,,5RDPKYN2ZKZW62,,,,VLG-036,Vijaynagar,,
parcel,PCL-0814,,1.03,,,23.320769,78.494594,,,,Raisen,,,,,,,,,,,,"{""type"": ""Polygon"", ""coordinates"": [[[78.4946083, 23.3203482], [78.4951791, 23.3206186], [78.4949564, 23.3211462], [78.4942192, 23.3213125], [78.4939983, 23.3206235], [78.4946083, 23.3203482]]]}",,,,Barren,,,,,,,,,OWN-0188,PCL-0814,,,PRJ-006,Raisen 400kV Transmission Line,,,,,,,,possessed,,697/7,Silwani,,,FSP3RG3M6X3VSQ,,,,VLG-033,Mohanpur Kalan,,
parcel,PCL-0815,,2.31,,,23.352828,78.590497,,,,Raisen,,,,,,,,,,,,"{""type"": ""Polygon"", ""coordinates"": [[[78.5910181, 23.3519698], [78.5910934, 23.3527022], [78.5909721, 23.3532983], [78.5905252, 23.3537816], [78.5899372, 23.353092], [78.5897675, 23.3525577], [78.5900875, 23.3521507], [78.5910181, 23.3519698]]]}",,,,Mixed Use,,,,,,,,,OWN-0664,PCL-0815,,,PRJ-006,Raisen 400kV Transmission Line,,,,,,,,possessed,,57/5,Silwani,,,GFPZN8R4ZL8LW3,,,,VLG-035,Krishnapur Buzurg,,
parcel,PCL-0816,,1.46,,,23.242568,78.65526,,,,Raisen,,,,,,,,,,,,"{""type"": ""Polygon"", ""coordinates"": [[[78.654869, 23.2422909], [78.6551327, 23.2420784], [78.6557842, 23.2421341], [78.6559537, 23.2426787], [78.6556303, 23.2429887], [78.6549506, 23.243289], [78.6547826, 23.2426393], [78.654869, 23.2422909]]]}",,,,Agricultural,,,,,,,,,OWN-0588,PCL-0816,,,PRJ-006,Raisen 400kV Transmission Line,,,,,,,,compensation_paid,,254/4,Silwani,,,GPJ3N8S4BLER5U,,,,VLG-040,Devipura Buzurg,,
parcel,PCL-0817,,1.55,,,23.202864,78.707877,,,,Raisen,,,,,,,,,,,,"{""type"": ""Polygon"", ""coordinates"": [[[78.708437, 23.2028387], [78.7082818, 23.2033172], [78.7077245, 23.2034256], [78.7074241, 23.2031113], [78.7070617, 23.2025742], [78.7076478, 23.2022472], [78.7081523, 23.2023956], [78.708437, 23.2028387]]]}",,,,Barren,,,,,,,,,OWN-0133,PCL-0817,,,PRJ-006,Raisen 400kV Transmission Line,,,,,,,,objections,,708/9,Silwani,,,W9B5NAKKMQRYK6,,,,VLG-039,Lakshmipur Kalan,,
parcel,PCL-0818,,1.54,,,23.521666,78.382255,,,,Raisen,,,,,,,,,,,,"{""type"": ""Polygon"", ""coordinates"": [[[78.3824884, 23.5211086], [78.3827984, 23.5215667], [78.3826527, 23.5220937], [78.3820148, 23.5221663], [78.3816457, 23.5218205], [78.3816727, 23.5212229], [78.3824884, 23.5211086]]]}",,,,Barren,,,,,,,,,OWN-0252,PCL-0818,,,PRJ-006,Raisen 400kV Transmission Line,,,,,,,,possessed,,106/1,Begumganj,,,HYDD8W3VYBXHAW,,,,VLG-021,Ratangarh Buzurg,,
parcel,PCL-0819,,0.42,,,23.306789,78.727245,,,,Raisen,,,,,,,,,,,,"{""type"": ""Polygon"", ""coordinates"": [[[78.7274023, 23.3064958], [78.7275527, 23.3067756], [78.7275402, 23.3070017], [78.7272466, 23.3071748], [78.7268691, 23.3070144], [78.7268291, 23.3067134], [78.7271407, 23.3065143], [78.7274023, 23.3064958]]]}",,,,Barren,,,,,,,,,OWN-0249,PCL-0819,,,PRJ-006,Raisen 400kV Transmission Line,,,,,,,,compensation_paid,,959/4,Silwani,,,QV66T4QN8KK5LH,,,,VLG-036,Vijaynagar,,
parcel,PCL-0820,,1.1,,,23.31359,78.63819,,,,Raisen,,,,,,,,,,,,"{""type"": ""Polygon"", ""coordinates"": [[[78.6377254, 23.3134302], [78.6382616, 23.313198], [78.6386385, 23.3135254], [78.6385272, 23.313954], [78.6378798, 23.3139488], [78.6377254, 23.3134302]]]}",,,,Mixed Use,,,,,,,,,OWN-0427,PCL-0820,,,PRJ-006,Raisen 400kV Transmission Line,,,,,,,,notified,,28/8,Silwani,,,5LETY96R42BWHF,,,,VLG-032,Ratangarh Kalan,,
parcel,PCL-0821,,0.96,,,23.415051,78.212873,,,,Raisen,,,,,,,,,,,,"{""type"": ""Polygon"", ""coordinates"": [[[78.2124693, 23.4154398], [78.2123364, 23.4149474], [78.2127552, 23.4145647], [78.2132812, 23.4146529], [78.2134898, 23.4152504], [78.2130287, 23.415452], [78.2124693, 23.4154398]]]}",,,,Agricultural,,,,,,,,,OWN-0627,PCL-0821,,,PRJ-006,Raisen 400kV Transmission Line,,,,,,,,compensation_paid,,549/5,Begumganj,,,SS2E5RWMX8S888,,,,VLG-023,Narmadapur,,
parcel,PCL-0822,,1.37,,,23.307381,78.497187,,,,Raisen,,,,,,,,,,,,"{""type"": ""Polygon"", ""coordinates"": [[[78.4971058, 23.3079255], [78.4967309, 23.3075486], [78.4965821, 23.3070767], [78.4970784, 23.30671], [78.497604, 23.3069414], [78.4978618, 23.3073082], [78.4976765, 23.3079291], [78.4971058, 23.3079255]]]}",,,,Agricultural,,,,,,,,,OWN-0192,PCL-0822,,,PRJ-006,Raisen 400kV Transmission Line,,,,,,,,notified,,834/1,Silwani,,,BDWAWUYH6Q2WZU,,,,VLG-033,Mohanpur Kalan,,
parcel,PCL-0823,,2.22,,,23.204298,78.707588,,,,Raisen,,,,,,,,,,,,"{""type"": ""Polygon"", ""coordinates"": [[[78.7081445, 23.2039908], [78.7083865, 23.2048384], [78.7076418, 23.2048967], [78.7069467, 23.2045679], [78.7071213, 23.203927], [78.7077601, 23.2036002], [78.7081445, 23.2039908]]]}",,,,Barren,,,,,,,,,OWN-0381,PCL-0823,,,PRJ-006,Raisen 400kV Transmission Line,,,,,,,,notified,,899/4,Silwani,,,Z8WB3LMH3A99W8,,,,VLG-039,Lakshmipur Kalan,,
parcel,PCL-0824,,2.59,,,23.627305,78.439696,,,,Raisen,,,,,,,,,,,,"{""type"": ""Polygon"", ""coordinates"": [[[78.4407982, 23.6271923], [78.4403051, 23.6279537], [78.439394, 23.6279347], [78.4387988, 23.6273461], [78.4391351, 23.6267088], [78.4399411, 23.6267492], [78.4407982, 23.6271923]]]}",,,,Agricultural,,,,,,,,,OWN-0584,PCL-0824,,,PRJ-006,Raisen 400kV Transmission Line,,,,,,,,awarded,,511/9,Begumganj,,,WXADUTZC6J3LBF,,,,VLG-026,Sonpur Buzurg,,
parcel,PCL-0825,,1.88,,,23.247891,78.666689,,,,Raisen,,,,,,,,,,,,"{""type"": ""Polygon"", ""coordinates"": [[[78.6661161, 23.2483542], [78.6661068, 23.2475213], [78.66683, 23.2471602], [78.667543, 23.2479613], [78.6668713, 23.2484123], [78.6661161, 23.2483542]]]}",,,,Agricultural,,,,,,,,,OWN-0328,PCL-0825,,,PRJ-006,Raisen 400kV Transmission Line,,,,,,,,awarded,,209/9,Silwani,,,6LTWF7CVA9XWNA,,,,VLG-040,Devipura Buzurg,,
parcel,PCL-0826,,2.25,,,23.315224,78.500373,,,,Raisen,,,,,,,,,,,,"{""type"": ""Polygon"", ""coordinates"": [[[78.4995943, 23.3156073], [78.4997213, 23.3145854], [78.5009922, 23.3144485], [78.5013223, 23.3153847], [78.5003383, 23.3159447], [78.4995943, 23.3156073]]]}",,,,Residential,,,,,,,,,OWN-0187,PCL-0826,,,PRJ-006,Raisen 400kV Transmission Line,,,,,,,,objections,,67/3,Silwani,,,GW2R6BM8XQ6KHU,,,,VLG-033,Mohanpur Kalan,,
parcel,PCL-0827,,0.59,,,23.514865,78.37714,,,,Raisen,,,,,,,,,,,,"{""type"": ""Polygon"", ""coordinates"": [[[78.3771091, 23.5152367], [78.3768964, 23.5150469], [78.3768208, 23.514652], [78.3770779, 23.5144997], [78.3775536, 23.514569], [78.377616, 23.515032], [78.3771091, 23.5152367]]]}",,,,Barren,,,,,,,,,OWN-0529,PCL-0827,,,PRJ-006,Raisen 400kV Transmission Line,,,,,,,,compensation_paid,,952/2,Begumganj,,,56LN35X4C388ZY,,,,VLG-021,Ratangarh Buzurg,,
parcel,PCL-0828,,1.4,,,23.215453,78.710691,,,,Raisen,,,,,,,,,,,,"{""type"": ""Polygon"", ""coordinates"": [[[78.710482, 23.2159569], [78.709999, 23.215571], [78.7102965, 23.2149834], [78.7108737, 23.2149292], [78.7111288, 23.2152644], [78.711271, 23.2159202], [78.710482, 23.2159569]]]}",,,,Barren,,,,,,,,,OWN-0667,PCL-0828,,,PRJ-006,Raisen 400kV Transmission Line,,,,,,,,compensation_paid,,630/9,Silwani,,,EBWW6KPX9UZ8KC,,,,VLG-039,Lakshmipur Kalan,,
parcel,PCL-0829,,0.54,,,23.296678,78.733921,,,,Raisen,,,,,,,,,,,,"{""type"": ""Polygon"", ""coordinates"": [[[78.7342897, 23.2968147], [78.7338413, 23.2970986], [78.7336384, 23.296813], [78.7335595, 23.2964982], [78.7338657, 23.2962526], [78.7342081, 23.2965671], [78.7342897, 23.2968147]]]}",,,,Residential,,,,,,,,,OWN-0645,PCL-0829,,,PRJ-006,Raisen 400kV Transmission Line,,,,,,,,compensation_paid,,392/7,Silwani,,,FQUBT6YCCCVXVC,,,,VLG-036,Vijaynagar,,
parcel,PCL-0830,,1.8,,,23.516529,78.203608,,,,Raisen,,,,,,,,,,,,"{""type"": ""Polygon"", ""coordinates"": [[[78.2041973, 23.5160097], [78.2042458, 23.5167799], [78.2037593, 23.5171199], [78.2031531, 23.5170351], [78.2028025, 23.5163767], [78.2034957, 23.5157323], [78.2041973, 23.5160097]]]}",,,,Agricultural,,,,,,,,,OWN-0695,PCL-0830,,,PRJ-006,Raisen 400kV Transmission Line,,,,,,,,possessed,,231/7,Begumganj,,,PP3U9JLVZWG9CQ,,,,VLG-028,Suryanagar Buzurg,,
parcel,PCL-0831,,0.29,,,23.205473,78.719833,,,,Raisen,,,,,,,,,,,,"{""type"": ""Polygon"", ""coordinates"": [[[78.7196518, 23.2052293], [78.7199877, 23.2052201], [78.7201103, 23.2054277], [78.7200869, 23.2056604], [78.7198833, 23.2056705], [78.7196639, 23.2056702], [78.7194683, 23.2054089], [78.7196518, 23.2052293]]]}",,,,Mixed Use,,,,,,,,,OWN-0280,PCL-0831,,,PRJ-006,Raisen 400kV Transmission Line,,,,,,,,awarded,,719/9,Silwani,,,49LWGVA2H6D6PE,,,,VLG-039,Lakshmipur Kalan,,
parcel,PCL-0832,,0.14,,,23.367461,78.590619,,,,Raisen,,,,,,,,,,,,"{""type"": ""Polygon"", ""coordinates"": [[[78.590873, 23.3674541], [78.5908089, 23.3676133], [78.5905667, 23.3676585], [78.590408, 23.3675132], [78.5904902, 23.3673062], [78.5906642, 23.3673199], [78.590873, 23.3674541]]]}",,,,Barren,,,,,,,,,OWN-0268,PCL-0832,,,PRJ-006,Raisen 400kV Transmission Line,,,,,,,,notified,,950/7,Silwani,,,2KZ6QHKYQ4GJ63,,,,VLG-035,Krishnapur Buzurg,,
parcel,PCL-0833,,1.41,,,23.522825,78.204351,,,,Raisen,,,,,,,,,,,,"{""type"": ""Polygon"", ""coordinates"": [[[78.2038948, 23.5233672], [78.2037646, 23.5228177], [78.2040138, 23.5225037], [78.2043882, 23.5222027], [78.2050315, 23.522514], [78.2051195, 23.5230435], [78.2044447, 23.5232805], [78.2038948, 23.5233672]]]}",,,,Agricultural,,,,,,,,,OWN-0508,PCL-0833,,,PRJ-006,Raisen 400kV Transmission Line,,,,,,,,objections,,97/7,Begumganj,,,CTM2FSS6F4XCSS,,,,VLG-028,Suryanagar Buzurg,,
parcel,PCL-0834,,0.64,,,23.216335,78.711002,,,,Raisen,,,,,,,,,,,,"{""type"": ""Polygon"", ""coordinates"": [[[78.710838, 23.216048], [78.7111926, 23.2159911], [78.7114762, 23.2161957], [78.7112985, 23.2164868], [78.7110293, 23.2167566], [78.7105879, 23.2166299], [78.7104996, 23.2162143], [78.710838, 23.216048]]]}",,,,Residential,,,,,,,,,OWN-0261,PCL-0834,,,PRJ-006,Raisen 400kV Transmission Line,,,,,,,,awarded,,610/9,Silwani,,,95JBNN6R3WLVM8,,,,VLG-039,Lakshmipur Kalan,,
parcel,PCL-0835,,0.11,,,23.60323,78.356987,,,,Raisen,,,,,,,,,,,,"{""type"": ""Polygon"", ""coordinates"": [[[78.3571488, 23.603365], [78.3569574, 23.6033483], [78.3568315, 23.6033502], [78.3568384, 23.6032019], [78.356909, 23.6030933], [78.3570771, 23.6030775], [78.3572083, 23.6031757], [78.3571488, 23.603365]]]}",,,,Agricultural,,,,,,,,,OWN-0091,PCL-0835,,,PRJ-006,Raisen 400kV Transmission Line,,,,,,,,compensation_paid,,213/9,Begumganj,,,SHZYEAYTJZK8XA,,,,VLG-024,Govindpur Khurd,,
parcel,PCL-0836,,2.72,,,23.59968,78.351723,,,,Raisen,,,,,,,,,,,,"{""type"": ""Polygon"", ""coordinates"": [[[78.3512798, 23.5991312], [78.3518916, 23.5990228], [78.3525478, 23.5994692], [78.3521808, 23.600132], [78.3512832, 23.600495], [78.3508182, 23.5998675], [78.3512798, 23.5991312]]]}",,,,Barren,,,,,,,,,OWN-0255,PCL-0836,,,PRJ-006,Raisen 400kV Transmission Line,,,,,,,,proposed,,156/7,Begumganj,,,8L6RRK4J6656U5,,,,VLG-024,Govindpur Khurd,,
parcel,PCL-0837,,2.74,,,23.214579,78.720367,,,,Raisen,,,,,,,,,,,,"{""type"": ""Polygon"", ""coordinates"": [[[78.7197553, 23.2140306], [78.7206913, 23.2137246], [78.7210691, 23.2142127], [78.7214015, 23.2150519], [78.7206983, 23.2154141], [78.7200249, 23.2151345], [78.7195348, 23.2146409], [78.7197553, 23.2140306]]]}",,,,Agricultural,,,,,,,,,OWN-0161,PCL-0837,,,PRJ-006,Raisen 400kV Transmission Line,,,,,,,,possessed,,888/7,Silwani,,,4SAXQ356PMCNE3,,,,VLG-039,Lakshmipur Kalan,,
parcel,PCL-0838,,2.16,,,23.376379,78.516442,,,,Raisen,,,,,,,,,,,,"{""type"": ""Polygon"", ""coordinates"": [[[78.5158277, 23.3760311], [78.5166324, 23.3756318], [78.517052, 23.3761246], [78.5170919, 23.3766822], [78.5161912, 23.3772793], [78.5156768, 23.3766427], [78.5158277, 23.3760311]]]}",,,,Residential,,,,,,,,,OWN-0413,PCL-0838,,,PRJ-006,Raisen 400kV Transmission Line,,,,,,,,proposed,,287/9,Silwani,,,ALR5JDHQZNEHYT,,,,VLG-031,Jaypur Khurd,,
parcel,PCL-0839,,1.73,,,23.306615,78.50399,,,,Raisen,,,,,,,,,,,,"{""type"": ""Polygon"", ""coordinates"": [[[78.5039173, 23.3074135], [78.5035066, 23.3068695], [78.50328, 23.3062068], [78.5038555, 23.3059904], [78.5046331, 23.3061577], [78.5045671, 23.3068697], [78.5039173, 23.3074135]]]}",,,,Agricultural,,,,,,,,,OWN-0145,PCL-0839,,,PRJ-006,Raisen 400kV Transmission Line,,,,,,,,proposed,,421/3,Silwani,,,KV9JKXGK5GRXC4,,,,VLG-033,Mohanpur Kalan,,
parcel,PCL-0840,,0.28,,,23.307001,78.640087,,,,Raisen,,,,,,,,,,,,"{""type"": ""Polygon"", ""coordinates"": [[[78.6402816, 23.3068009], [78.6403602, 23.3070313], [78.6402195, 23.307303], [78.6399584, 23.3072518], [78.639774, 23.3069692], [78.6398913, 23.3067161], [78.6402816, 23.3068009]]]}",,,,Barren,,,,,,,,,OWN-0429,PCL-0840,,,PRJ-006,Raisen 400kV Transmission Line,,,,,,,,awarded,,956/6,Silwani,,,DP4F3LHUC6Q8ND,,,,VLG-032,Ratangarh Kalan,,
parcel,PCL-0841,,2.92,,,23.620498,78.438574,,,,Raisen,,,,,,,,,,,,"{""type"": ""Polygon"", ""coordinates"": [[[78.4379391, 23.6202607], [78.4388119, 23.619834], [78.4394354, 23.6205056], [78.4389258, 23.6213875], [78.4378685, 23.6212734], [78.4379391, 23.6202607]]]}",,,,Barren,,,,,,,,,OWN-0648,PCL-0841,,,PRJ-006,Raisen 400kV Transmission Line,,,,,,,,awarded,,182/5,Begumganj,,,9UW6LEQL7QHXMK,,,,VLG-026,Sonpur Buzurg,,
parcel,PCL-0842,,2.5,,,23.420598,78.198704,,,,Raisen,,,,,,,,,,,,"{""type"": ""Polygon"", ""coordinates"": [[[78.1984833, 23.4199029], [78.1989257, 23.4199176], [78.1996512, 23.420456], [78.1995455, 23.4212397], [78.1985834, 23.4213868], [78.1980415, 23.42096], [78.1978615, 23.4203787], [78.1984833, 23.4199029]]]}",,,,Residential,,,,,,,,,OWN-0319,PCL-0842,,,PRJ-006,Raisen 400kV Transmission Line,,,,,,,,objections,,370/5,Begumganj,,,7DD8MT5P34R8YZ,,,,VLG-023,Narmadapur,,
parcel,PCL-0843,,1.16,,,23.629408,78.437415,,,,Raisen,,,,,,,,,,,,"{""type"": ""Polygon"", ""coordinates"": [[[78.4368887, 23.629263], [78.4371416, 23.6288406], [78.4379984, 23.6289723], [78.4378395, 23.6295357], [78.4376155, 23.6299032], [78.4370144, 23.629864], [78.4368887, 23.629263]]]}",,,,Agricultural,,,,,,,,,OWN-0233,PCL-0843,,,PRJ-006,Raisen 400kV Transmission Line,,,,,,,,proposed,,785/6,Begumganj,,,AUNPRHZ44SBHDF,,,,VLG-026,Sonpur Buzurg,,
parcel,PCL-0844,,0.19,,,23.609631,78.358487,,,,Raisen,,,,,,,,,,,,"{""type"": ""Polygon"", ""coordinates"": [[[78.3583953, 23.6098926], [78.3582902, 23.6096214], [78.3584906, 23.6094651], [78.3586539, 23.6095597], [78.3586402, 23.6097637], [78.3583953, 23.6098926]]]}",,,,Agricultural,,,,,,,,,OWN-0409,PCL-0844,,,PRJ-006,Raisen 400kV Transmission Line,,,,,,,,compensation_paid,,858/4,Begumganj,,,QH2GUDKNGAE8F6,,,,VLG-024,Govindpur Khurd,,
parcel,PCL-0845,,2.4,,,23.514735,78.380854,,,,Raisen,,,,,,,,,,,,"{""type"": ""Polygon"", ""coordinates"": [[[78.3808923, 23.5153476], [78.380126, 23.5152063], [78.3802032, 23.5146989], [78.3806639, 23.5141917], [78.381381, 23.5139778], [78.3818011, 23.5144827], [78.3813727, 23.5152032], [78.3808923, 23.5153476]]]}",,,,Mixed Use,,,,,,,,,OWN-0428,PCL-0845,,,PRJ-006,Raisen 400kV Transmission Line,,,,,,,,objections,,232/6,Begumganj,,,ZF85RZMSHRBKM2,,,,VLG-021,Ratangarh Buzurg,,
parcel,PCL-0846,,0.26,,,23.317755,78.642291,,,,Raisen,,,,,,,,,,,,"{""type"": ""Polygon"", ""coordinates"": [[[78.6424556, 23.3180436], [78.6421151, 23.3179469], [78.6420931, 23.317676], [78.6423004, 23.3175628], [78.6425656, 23.3177017], [78.6424556, 23.3180436]]]}",,,,Agricultural,,,,,,,,,OWN-0132,PCL-0846,,,PRJ-006,Raisen 400kV Transmission Line,,,,,,,,notified,,731/8,Silwani,,,9YL3HW7H3RG8GW,,,,VLG-032,Ratangarh Kalan,,
parcel,PCL-0847,,0.29,,,23.310003,78.637858,,,,Raisen,,,,,,,,,,,,"{""type"": ""Polygon"", ""coordinates"": [[[78.6377607, 23.3102305], [78.6375946, 23.3100259], [78.6377635, 23.3097908], [78.6381774, 23.3098321], [78.6381691, 23.3101836], [78.6377607, 23.3102305]]]}",,,,Mixed Use,,,,,,,,,OWN-0271,PCL-0847,,,PRJ-006,Raisen 400kV Transmission Line,,,,,,,,awarded,,95/1,Silwani,,,43WVWDY8ANSAHF,,,,VLG-032,Ratangarh Kalan,,
parcel,PCL-0848,,2.66,,,23.599149,78.344417,,,,Raisen,,,,,,,,,,,,"{""type"": ""Polygon"", ""coordinates"": [[[78.344518, 23.5997899], [78.3436594, 23.5995546], [78.343575, 23.5985259], [78.3447823, 23.5983818], [78.3451029, 23.5992466], [78.344518, 23.5997899]]]}",,,,Residential,,,,,,,,,OWN-0251,PCL-0848,,,PRJ-006,Raisen 400kV Transmission Line,,,,,,,,notified,,988/6,Begumganj,,,82Y5SABEEWUJ3D,,,,VLG-024,Govindpur Khurd,,
parcel,PCL-0849,,1.37,,,23.354201,78.594669,,,,Raisen,,,,,,,,,,,,"{""type"": ""Polygon"", ""coordinates"": [[[78.5951801, 23.3544249], [78.5947622, 23.3548514], [78.5941053, 23.3545895], [78.5942757, 23.3539316], [78.5945257, 23.3534943], [78.5953214, 23.3538046], [78.5951801, 23.3544249]]]}",,,,Barren,,,,,,,,,OWN-0447,PCL-0849,,,PRJ-006,Raisen 400kV Transmission Line,,,,,,,,compensation_paid,,148/5,Silwani,,,KJQD5UJEF5S3DQ,,,,VLG-035,Krishnapur Buzurg,,
parcel,PCL-0850,,2.85,,,23.416924,78.206188,,,,Raisen,,,,,,,,,,,,"{""type"": ""Polygon"", ""coordinates"": [[[78.2059802, 23.4162197], [78.2067895, 23.4163203], [78.2068857, 23.4168326], [78.2066936, 23.4175179], [78.2061413, 23.4176295], [78.2055164, 23.4171701], [78.2051309, 23.4165745], [78.2059802, 23.4162197]]]}",,,,Mixed Use,,,,,,,,,OWN-0323,PCL-0850,,,PRJ-006,Raisen 400kV Transmission Line,,,,,,,,awarded,,10/7,Begumganj,,,CWUGGP8GQU5RGA,,,,VLG-023,Narmadapur,,
parcel,PCL-0851,,1.84,,,23.519139,78.213375,,,,Raisen,,,,,,,,,,,,"{""type"": ""Polygon"", ""coordinates"": [[[78.2125673, 23.5193958], [78.2127406, 23.5188724], [78.2130643, 23.518388], [78.2139742, 23.51846], [78.2142038, 23.5190775], [78.2139799, 23.5197504], [78.2132795, 23.519737], [78.2125673, 23.5193958]]]}",,,,Agricultural,,,,,,,,,OWN-0511,PCL-0851,,,PRJ-006,Raisen 400kV Transmission Line,,,,,,,,objections,,247/4,Begumganj,,,TQZ8R58CG5ZKZR,,,,VLG-028,Suryanagar Buzurg,,
parcel,PCL-0852,,2.45,,,23.628849,78.44951,,,,Raisen,,,,,,,,,,,,"{""type"": ""Polygon"", ""coordinates"": [[[78.450407, 23.6292717], [78.4497069, 23.6293992], [78.4489479, 23.6291986], [78.4487181, 23.6286663], [78.4493496, 23.6280927], [78.4502664, 23.6282762], [78.450407, 23.6292717]]]}",,,,Residential,,,,,,,,,OWN-0579,PCL-0852,,,PRJ-006,Raisen 400kV Transmission Line,,,,,,,,objections,,22/6,Begumganj,,,YCY8KET6K23D3P,,,,VLG-026,Sonpur Buzurg,,
parcel,PCL-0853,,1.86,,,23.511871,78.391375,,,,Raisen,,,,,,,,,,,,"{""type"": ""Polygon"", ""coordinates"": [[[78.392065, 23.5115099], [78.391765, 23.5122367], [78.3911962, 23.5126317], [78.3905074, 23.5120647], [78.3909318, 23.5114769], [78.3914902, 23.5111311], [78.392065, 23.5115099]]]}",,,,Agricultural,,,,,,,,,OWN-0027,PCL-0853,,,PRJ-006,Raisen 400kV Transmission Line,,,,,,,,possessed,,523/9,Begumganj,,,D3NFHKH7XJKLPR,,,,VLG-021,Ratangarh Buzurg,,
parcel,PCL-0854,,1.06,,,23.652521,78.278593,,,,Raisen,,,,,,,,,,,,"{""type"": ""Polygon"", ""coordinates"": [[[78.2788392, 23.6521459], [78.2792765, 23.6526996], [78.278603, 23.6529331], [78.278129, 23.6528043], [78.2780205, 23.6521242], [78.2788392, 23.6521459]]]}",,,,Agricultural,,,,,,,,,OWN-0286,PCL-0854,,,PRJ-006,Raisen 400kV Transmission Line,,,,,,,,proposed,,811/3,Begumganj,,,99NKNW9Q9SMGVK,,,,VLG-022,Mohanpur,,
parcel,PCL-0855,,0.83,,,23.516818,78.376262,,,,Raisen,,,,,,,,,,,,"{""type"": ""Polygon"", ""coordinates"": [[[78.37625, 23.5172814], [78.3757996, 23.5171117], [78.3758627, 23.5166092], [78.3763897, 23.5163277], [78.3766467, 23.5167154], [78.3766897, 23.5171851], [78.37625, 23.5172814]]]}",,,,Agricultural,,,,,,,,,OWN-0657,PCL-0855,,,PRJ-006,Raisen 400kV Transmission Line,,,,,,,,notified,,827/1,Begumganj,,,ZY99Q3UM9P7Y7K,,,,VLG-021,Ratangarh Buzurg,,
parcel,PCL-0856,,2.19,,,23.524344,78.203069,,,,Raisen,,,,,,,,,,,,"{""type"": ""Polygon"", ""coordinates"": [[[78.2036127, 23.524747], [78.202764, 23.5251122], [78.2023877, 23.5242038], [78.2029161, 23.5237767], [78.2036731, 23.524068], [78.2036127, 23.524747]]]}",,,,Agricultural,,,,,,,,,OWN-0693,PCL-0856,,,PRJ-006,Raisen 400kV Transmission Line,,,,,,,,possessed,,46/3,Begumganj,,,S3TUGLPJJMQLC8,,,,VLG-028,Suryanagar Buzurg,,
parcel,PCL-0857,,2.28,,,23.522715,78.216946,,,,Raisen,,,,,,,,,,,,"{""type"": ""Polygon"", ""coordinates"": [[[78.2178024, 23.5231093], [78.2170334, 23.5233496], [78.2163955, 23.5230311], [78.2159555, 23.5223674], [78.2169588, 23.5219231], [78.2175937, 23.5222188], [78.2178024, 23.5231093]]]}",,,,Mixed Use,,,,,,,,,OWN-0174,PCL-0857,,,PRJ-006,Raisen 400kV Transmission Line,,,,,,,,awarded,,127/4,Begumganj,,,H5MJ2DAP6EZGQE,,,,VLG-028,Suryanagar Buzurg,,
parcel,PCL-0858,,1.68,,,23.361478,78.584982,,,,Raisen,,,,,,,,,,,,"{""type"": ""Polygon"", ""coordinates"": [[[78.5852241, 23.3608438], [78.5856401, 23.3611091], [78.5855425, 23.3618484], [78.5850634, 23.3620309], [78.5846671, 23.3619516], [78.5844449, 23.3615249], [78.5845564, 23.3610615], [78.5852241, 23.3608438]]]}",,,,Barren,,,,,,,,,OWN-0376,PCL-0858,,,PRJ-006,Raisen 400kV Transmission Line,,,,,,,,notified,,321/5,Silwani,,,B69AAWQYWJPSGH,,,,VLG-035,Krishnapur Buzurg,,
parcel,PCL-0859,,2.04,,,23.305542,78.731631,,,,Raisen,,,,,,,,,,,,"{""type"": ""Polygon"", ""coordinates"": [[[78.7315946, 23.3060861], [78.7309141, 23.3060261], [78.7308521, 23.3054521], [78.7312219, 23.3048983], [78.7317882, 23.3048992], [78.732313, 23.3053206], [78.7324879, 23.3060249], [78.7315946, 23.3060861]]]}",,,,Agricultural,,,,,,,,,OWN-0302,PCL-0859,,,PRJ-006,Raisen 400kV Transmission Line,,,,,,,,objections,,103/6,Silwani,,,RPC6B2449D3PQF,,,,VLG-036,Vijaynagar,,
parcel,PCL-0860,,2.39,,,23.514179,78.376868,,,,Raisen,,,,,,,,,,,,"{""type"": ""Polygon"", ""coordinates"": [[[78.3777539, 23.5143135], [78.3771342, 23.5147934], [78.376168, 23.5146205], [78.3760902, 23.5135778], [78.3770097, 23.5136045], [78.3777539, 23.5143135]]]}",,,,Mixed Use,,,,,,,,,OWN-0638,PCL-0860,,,PRJ-006,Raisen 400kV Transmission Line,,,,,,,,awarded,,80/8,Begumganj,,,AP9PB4GJDAUZJC,,,,VLG-021,Ratangarh Buzurg,,
parcel,PCL-0861,,2.44,,,23.663697,78.276918,,,,Raisen,,,,,,,,,,,,"{""type"": ""Polygon"", ""coordinates"": [[[78.2776633, 23.6635331], [78.2775822, 23.6644685], [78.2767055, 23.6644], [78.2761412, 23.6637421], [78.2763124, 23.6628776], [78.27733, 23.6629631], [78.2776633, 23.6635331]]]}",,,,Agricultural,,,,,,,,,OWN-0344,PCL-0861,,,PRJ-006,Raisen 400kV Transmission Line,,,,,,,,awarded,,734/4,Begumganj,,,26HJB6LCY8BQWW,,,,VLG-022,Mohanpur,,
parcel,PCL-0862,,0.39,,,23.521779,78.211974,,,,Raisen,,,,,,,,,,,,"{""type"": ""Polygon"", ""coordinates"": [[[78.2115711, 23.5216426], [78.2118649, 23.521512], [78.2122249, 23.5215119], [78.2123314, 23.5219266], [78.2120522, 23.5221378], [78.2117142, 23.5219733], [78.2115711, 23.5216426]]]}",,,,Residential,,,,,,,,,OWN-0190,PCL-0862,,,PRJ-006,Raisen 400kV Transmission Line,,,,,,,,disputed_litigation,,35/6,Begumganj,,,SDZFZW48TAMDH3,,,,VLG-028,Suryanagar Buzurg,,
parcel,PCL-0863,,2.42,,,23.246387,78.664767,,,,Raisen,,,,,,,,,,,,"{""type"": ""Polygon"", ""coordinates"": [[[78.6653699, 23.2466156], [78.6647228, 23.2473358], [78.6638839, 23.246888], [78.6641246, 23.245782], [78.6651086, 23.2456021], [78.6653699, 23.2466156]]]}",,,,Agricultural,,,,,,,,,OWN-0074,PCL-0863,,,PRJ-006,Raisen 400kV Transmission Line,,,,,,,,proposed,,864/5,Silwani,,,T5YVSADACUCBU4,,,,VLG-040,Devipura Buzurg,,
parcel,PCL-0864,,1.14,,,23.358025,78.591205,,,,Raisen,,,,,,,,,,,,"{""type"": ""Polygon"", ""coordinates"": [[[78.5909041, 23.3585969], [78.5906632, 23.3580646], [78.5908385, 23.3574221], [78.5917068, 23.3576842], [78.5916201, 23.3583639], [78.5909041, 23.3585969]]]}",,,,Agricultural,,,,,,,,,OWN-0455,PCL-0864,,,PRJ-006,Raisen 400kV Transmission Line,,,,,,,,notified,,433/1,Silwani,,,FNC8XFFHLG2YMZ,,,,VLG-035,Krishnapur Buzurg,,
parcel,PCL-0865,,2.06,,,23.514142,78.207806,,,,Raisen,,,,,,,,,,,,"{""type"": ""Polygon"", ""coordinates"": [[[78.2075806, 23.5150245], [78.2068626, 23.514115], [78.207678, 23.51331], [78.208478, 23.5136619], [78.2083829, 23.5146292], [78.2075806, 23.5150245]]]}",,,,Agricultural,,,,,,,,,OWN-0678,PCL-0865,,,PRJ-006,Raisen 400kV Transmission Line,,,,,,,,compensation_paid,,397/4,Begumganj,,,GCQLRH738DLZV2,,,,VLG-028,Suryanagar Buzurg,,
parcel,PCL-0866,,1.58,,,23.603177,78.359087,,,,Raisen,,,,,,,,,,,,"{""type"": ""Polygon"", ""coordinates"": [[[78.3583466, 23.6035962], [78.3582996, 23.6028784], [78.3587926, 23.6025287], [78.3594307, 23.6025573], [78.359777, 23.6030802], [78.359584, 23.6037954], [78.358854, 23.6038885], [78.3583466, 23.6035962]]]}",,,,Barren,,,,,,,,,OWN-0648,PCL-0866,,,PRJ-006,Raisen 400kV Transmission Line,,,,,,,,possessed,,131/5,Begumganj,,,T9L7WFTVVBAV2X,,,,VLG-024,Govindpur Khurd,,
parcel,PCL-0867,,2.7,,,23.432191,78.739211,,,,Raisen,,,,,,,,,,,,"{""type"": ""Polygon"", ""coordinates"": [[[78.7396705, 23.432941], [78.7388413, 23.4329529], [78.7382905, 23.4325022], [78.7385339, 23.4318393], [78.7390297, 23.4313086], [78.7398635, 23.4316686], [78.7401549, 23.4321807], [78.7396705, 23.432941]]]}",,,,Mixed Use,,,,,,,,,OWN-0464,PCL-0867,,,PRJ-006,Raisen 400kV Transmission Line,,,,,,,,possessed,,544/1,Silwani,,,WRTKYHG7H5J6V6,,,,VLG-034,Suryanagar,,
parcel,PCL-0868,,1.43,,,23.42667,78.203148,,,,Raisen,,,,,,,,,,,,"{""type"": ""Polygon"", ""coordinates"": [[[78.2028943, 23.4262532], [78.2035795, 23.4262732], [78.2036374, 23.4269368], [78.2029988, 23.427315], [78.2026308, 23.426675], [78.2028943, 23.4262532]]]}",,,,Mixed Use,,,,,,,,,OWN-0594,PCL-0868,,,PRJ-006,Raisen 400kV Transmission Line,,,,,,,,objections,,509/1,Begumganj,,,Y46WHBZ5P49CVT,,,,VLG-023,Narmadapur,,
parcel,PCL-0869,,2.9,,,23.252817,78.670315,,,,Raisen,,,,,,,,,,,,"{""type"": ""Polygon"", ""coordinates"": [[[78.6713794, 23.253141], [78.6706819, 23.2538307], [78.6698176, 23.2534706], [78.669676, 23.2525877], [78.6699333, 23.2520981], [78.6709302, 23.2520906], [78.6713794, 23.253141]]]}",,,,Residential,,,,,,,,,OWN-0636,PCL-0869,,,PRJ-006,Raisen 400kV Transmission Line,,,,,,,,proposed,,709/9,Silwani,,,W7WJZ2P9STTYXX,,,,VLG-040,Devipura Buzurg,,
parcel,PCL-0870,,2.0,,,23.629438,78.444003,,,,Raisen,,,,,,,,,,,,"{""type"": ""Polygon"", ""coordinates"": [[[78.4434393, 23.629835], [78.4433799, 23.6292904], [78.4437398, 23.6285597], [78.4443125, 23.6287509], [78.4446514, 23.6293345], [78.4446264, 23.6298365], [78.4439173, 23.6302444], [78.4434393, 23.629835]]]}",,,,Residential,,,,,,,,,OWN-0641,PCL-0870,,,PRJ-006,Raisen 400kV Transmission Line,,,,,,,,notified,,724/3,Begumganj,,,82W9DTL53BR45B,,,,VLG-026,Sonpur Buzurg,,
parcel,PCL-0871,,2.36,,,23.664457,78.277695,,,,Raisen,,,,,,,,,,,,"{""type"": ""Polygon"", ""coordinates"": [[[78.2767616, 23.6641862], [78.2775906, 23.6635507], [78.2783055, 23.6638007], [78.2787588, 23.6645536], [78.2778776, 23.6651717], [78.2772269, 23.6650297], [78.2767616, 23.6641862]]]}",,,,Residential,,,,,,,,,OWN-0479,PCL-0871,,,PRJ-006,Raisen 400kV Transmission Line,,,,,,,,awarded,,698/9,Begumganj,,,SJT9G4UEH2N5XB,,,,VLG-022,Mohanpur,,
parcel,PCL-0872,,2.43,,,23.239583,78.660221,,,,Raisen,,,,,,,,,,,,"{""type"": ""Polygon"", ""coordinates"": [[[78.6608427, 23.2400262], [78.6599228, 23.2403382], [78.6593566, 23.2395928], [78.6598734, 23.2388709], [78.6608328, 23.2390129], [78.6608427, 23.2400262]]]}",,,,Residential,,,,,,,,,OWN-0316,PCL-0872,,,PRJ-006,Raisen 400kV Transmission Line,,,,,,,,notified,,845/1,Silwani,,,KP8VQM5MTUGAF2,,,,VLG-040,Devipura Buzurg,,
parcel,PCL-0873,,1.95,,,23.517129,78.391655,,,,Raisen,,,,,,,,,,,,"{""type"": ""Polygon"", ""coordinates"": [[[78.3910106, 23.5165246], [78.3920153, 23.5166117], [78.3926207, 23.5173026], [78.391669, 23.5178577], [78.3907222, 23.5172795], [78.3910106, 23.5165246]]]}",,,,Barren,,,,,,,,,OWN-0366,PCL-0873,,,PRJ-006,Raisen 400kV Transmission Line,,,,,,,,notified,,605/6,Begumganj,,,GFKBNQDZ255SKP,,,,VLG-021,Ratangarh Buzurg,,
parcel,PCL-0874,,2.5,,,23.419858,78.744902,,,,Raisen,,,,,,,,,,,,"{""type"": ""Polygon"", ""coordinates"": [[[78.7441896, 23.4204935], [78.7438953, 23.4195481], [78.7446272, 23.4191932], [78.7454431, 23.4191076], [78.7458366, 23.4199098], [78.7451561, 23.4205424], [78.7441896, 23.4204935]]]}",,,,Agricultural,,,,,,,,,OWN-0010,PCL-0874,,,PRJ-006,Raisen 400kV Transmission Line,,,,,,,,compensation_paid,,836/3,Silwani,,,68JF7PE3LYCXYN,,,,VLG-034,Suryanagar,,
parcel,PCL-0875,,1.39,,,23.603175,78.35354,,,,Raisen,,,,,,,,,,,,"{""type"": ""Polygon"", ""coordinates"": [[[78.3530895, 23.6026533], [78.3535902, 23.6025908], [78.3541167, 23.6028561], [78.3542168, 23.603421], [78.3536786, 23.6036698], [78.3531266, 23.6037069], [78.352973, 23.6031924], [78.3530895, 23.6026533]]]}",,,,Residential,,,,,,,,,OWN-0176,PCL-0875,,,PRJ-006,Raisen 400kV Transmission Line,,,,,,,,awarded,,876/9,Begumganj,,,56L98S92FDUB62,,,,VLG-024,Govindpur Khurd,,
parcel,PCL-0876,,2.59,,,23.357898,78.583141,,,,Raisen,,,,,,,,,,,,"{""type"": ""Polygon"", ""coordinates"": [[[78.5838361, 23.3576927], [78.5836609, 23.358313], [78.5832217, 23.3585815], [78.5826154, 23.3582717], [78.5824908, 23.3578907], [78.5824916, 23.3570989], [78.5834033, 23.3573113], [78.5838361, 23.3576927]]]}",,,,Agricultural,,,,,,,,,OWN-0610,PCL-0876,,,PRJ-006,Raisen 400kV Transmission Line,,,,,,,,proposed,,795/5,Silwani,,,RR7DM5Z6GU3QYW,,,,VLG-035,Krishnapur Buzurg,,
parcel,PCL-0877,,1.79,,,23.320345,78.641513,,,,Raisen,,,,,,,,,,,,"{""type"": ""Polygon"", ""coordinates"": [[[78.6421812, 23.3207947], [78.6416284, 23.3209639], [78.6411083, 23.320782], [78.6406592, 23.3202007], [78.6410298, 23.3197373], [78.6417988, 23.3196314], [78.6423096, 23.3201745], [78.6421812, 23.3207947]]]}",,,,Residential,,,,,,,,,OWN-0196,PCL-0877,,,PRJ-006,Raisen 400kV Transmission Line,,,,,,,,notified,,95/8,Silwani,,,Z4B9QAMG6P7PR8,,,,VLG-032,Ratangarh Kalan,,
parcel,PCL-0878,,0.23,,,23.630106,78.451964,,,,Raisen,,,,,,,,,,,,"{""type"": ""Polygon"", ""coordinates"": [[[78.4518554, 23.6298742], [78.4520891, 23.6299596], [78.4522058, 23.6302221], [78.4519026, 23.6304004], [78.4516853, 23.6302038], [78.4518554, 23.6298742]]]}",,,,Barren,,,,,,,,,OWN-0016,PCL-0878,,,PRJ-006,Raisen 400kV Transmission Line,,,,,,,,possessed,,1/7,Begumganj,,,EP2XT53DLWFTRX,,,,VLG-026,Sonpur Buzurg,,
parcel,PCL-0879,,0.22,,,23.382259,78.517681,,,,Raisen,,,,,,,,,,,,"{""type"": ""Polygon"", ""coordinates"": [[[78.5177852, 23.3821125], [78.5179929, 23.3823444], [78.5177169, 23.3824386], [78.517487, 23.3823577], [78.5175218, 23.3821443], [78.5177852, 23.3821125]]]}",,,,Mixed Use,,,,,,,,,OWN-0626,PCL-0879,,,PRJ-006,Raisen 400kV Transmission Line,,,,,,,,possessed,,991/7,Silwani,,,DK83NT9954DWSX,,,,VLG-031,Jaypur Khurd,,
parcel,PCL-0880,,1.02,,,23.663847,78.27619,,,,Raisen,,,,,,,,,,,,"{""type"": ""Polygon"", ""coordinates"": [[[78.2764125, 23.6642402], [78.2758304, 23.6642718], [78.2756084, 23.6636108], [78.2763076, 23.663271], [78.2768298, 23.6638282], [78.2764125, 23.6642402]]]}",,,,Agricultural,,,,,,,,,OWN-0265,PCL-0880,,,PRJ-006,Raisen 400kV Transmission Line,,,,,,,,disputed_litigation,,901/2,Begumganj,,,L99GHVG2DZBE9X,,,,VLG-022,Mohanpur,,
parcel,PCL-0881,,0.22,,,23.244692,78.657182,,,,Raisen,,,,,,,,,,,,"{""type"": ""Polygon"", ""coordinates"": [[[78.6569193, 23.244852], [78.6568898, 23.2446734], [78.6570404, 23.2445259], [78.6573346, 23.2444608], [78.6574917, 23.2446185], [78.6574083, 23.2448653], [78.6572023, 23.2449463], [78.6569193, 23.244852]]]}",,,,Agricultural,,,,,,,,,OWN-0063,PCL-0881,,,PRJ-006,Raisen 400kV Transmission Line,,,,,,,,awarded,,717/6,Silwani,,,CEXHQ64M4S6CUK,,,,VLG-040,Devipura Buzurg,,
parcel,PCL-0882,,1.29,,,23.313913,78.644918,,,,Raisen,,,,,,,,,,,,"{""type"": ""Polygon"", ""coordinates"": [[[78.6451302, 23.3142812], [78.6445414, 23.3144364], [78.644259, 23.3140696], [78.6444648, 23.3134996], [78.645198, 23.3135017], [78.6455278, 23.3138262], [78.6451302, 23.3142812]]]}",,,,Agricultural,,,,,,,,,OWN-0232,PCL-0882,,,PRJ-006,Raisen 400kV Transmission Line,,,,,,,,compensation_paid,,611/8,Silwani,,,34GDWSH7FWCB95,,,,VLG-032,Ratangarh Kalan,,
parcel,PCL-0883,,2.09,,,23.311374,78.650328,,,,Raisen,,,,,,,,,,,,"{""type"": ""Polygon"", ""coordinates"": [[[78.6501931, 23.3108587], [78.6512234, 23.311003], [78.6508236, 23.3117667], [78.6501072, 23.3120214], [78.6497086, 23.3113456], [78.6501931, 23.3108587]]]}",,,,Agricultural,,,,,,,,,OWN-0495,PCL-0883,,,PRJ-006,Raisen 400kV Transmission Line,,,,,,,,compensation_paid,,494/1,Silwani,,,559JFLMQVHSPAK,,,,VLG-032,Ratangarh Kalan,,
parcel,PCL-0884,,0.56,,,23.212726,78.723156,,,,Raisen,,,,,,,,,,,,"{""type"": ""Polygon"", ""coordinates"": [[[78.7227684, 23.2127941], [78.7228485, 23.2123545], [78.7231813, 23.2123072], [78.7235735, 23.2125621], [78.7236013, 23.2128161], [78.723355, 23.2130805], [78.7228488, 23.2130692], [78.7227684, 23.2127941]]]}",,,,Agricultural,,,,,,,,,OWN-0644,PCL-0884,,,PRJ-006,Raisen 400kV Transmission Line,,,,,,,,compensation_paid,,900/7,Silwani,,,BFMLX3JDP4GACK,,,,VLG-039,Lakshmipur Kalan,,
parcel,PCL-0885,,2.49,,,23.237868,78.65486,,,,Raisen,,,,,,,,,,,,"{""type"": ""Polygon"", ""coordinates"": [[[78.6552635, 23.2373998], [78.6557888, 23.2381463], [78.6550615, 23.2385194], [78.6543266, 23.2384043], [78.6538265, 23.2376654], [78.6545931, 23.2372865], [78.6552635, 23.2373998]]]}",,,,Agricultural,,,,,,,,,OWN-0388,PCL-0885,,,PRJ-006,Raisen 400kV Transmission Line,,,,,,,,awarded,,772/2,Silwani,,,54K3Y3N2DJZR29,,,,VLG-040,Devipura Buzurg,,
parcel,PCL-0886,,2.45,,,23.653181,78.280937,,,,Raisen,,,,,,,,,,,,"{""type"": ""Polygon"", ""coordinates"": [[[78.2801474, 23.6538902], [78.2801639, 23.6529547], [78.280545, 23.6524178], [78.281637, 23.6524335], [78.2819203, 23.6534366], [78.2811609, 23.6541128], [78.2801474, 23.6538902]]]}",,,,Agricultural,,,,,,,,,OWN-0100,PCL-0886,,,PRJ-006,Raisen 400kV Transmission Line,,,,,,,,awarded,,837/9,Begumganj,,,NUHDDA52WUURQB,,,,VLG-022,Mohanpur,,
parcel,PCL-0887,,1.35,,,23.429627,78.739044,,,,Raisen,,,,,,,,,,,,"{""type"": ""Polygon"", ""coordinates"": [[[78.7387909, 23.4290734], [78.7395878, 23.4290836], [78.7395193, 23.429627], [78.7395695, 23.4301452], [78.738863, 23.4301816], [78.7386168, 23.429794], [78.738318, 23.4293649], [78.7387909, 23.4290734]]]}",,,,Agricultural,,,,,,,,,OWN-0651,PCL-0887,,,PRJ-006,Raisen 400kV Transmission Line,,,,,,,,possessed,,851/6,Silwani,,,RDS8AJ9BL75SZH,,,,VLG-034,Suryanagar,,
parcel,PCL-0888,,2.09,,,23.301597,78.73087,,,,Raisen,,,,,,,,,,,,"{""type"": ""Polygon"", ""coordinates"": [[[78.7311272, 23.3010713], [78.7318002, 23.301288], [78.7315859, 23.3019123], [78.7310265, 23.3021935], [78.7302451, 23.3022173], [78.7302174, 23.3015527], [78.7304007, 23.3010652], [78.7311272, 23.3010713]]]}",,,,Agricultural,,,,,,,,,OWN-0514,PCL-0888,,,PRJ-006,Raisen 400kV Transmission Line,,,,,,,,awarded,,334/1,Silwani,,,6LYWQMAZJZEWZD,,,,VLG-036,Vijaynagar,,
parcel,PCL-0889,,1.06,,,23.306395,78.498861,,,,Raisen,,,,,,,,,,,,"{""type"": ""Polygon"", ""coordinates"": [[[78.4982437, 23.306205], [78.4988217, 23.3060169], [78.4992046, 23.306093], [78.4994405, 23.3066582], [78.4990451, 23.3068979], [78.4984609, 23.3067705], [78.4982437, 23.306205]]]}",,,,Agricultural,,,,,,,,,OWN-0095,PCL-0889,,,PRJ-006,Raisen 400kV Transmission Line,,,,,,,,objections,,842/5,Silwani,,,GJBA9SCTZEX5PP,,,,VLG-033,Mohanpur Kalan,,
parcel,PCL-0890,,1.28,,,23.249425,78.665181,,,,Raisen,,,,,,,,,,,,"{""type"": ""Polygon"", ""coordinates"": [[[78.6646159, 23.2491237], [78.6650851, 23.2488547], [78.6656271, 23.2491784], [78.6656413, 23.2496093], [78.6653157, 23.2500996], [78.6647098, 23.2497361], [78.6646159, 23.2491237]]]}",,,,Barren,,,,,,,,,OWN-0423,PCL-0890,,,PRJ-006,Raisen 400kV Transmission Line,,,,,,,,proposed,,204/7,Silwani,,,C6FKVHP8PVFJWE,,,,VLG-040,Devipura Buzurg,,
parcel,PCL-0891,,2.69,,,23.309735,78.501264,,,,Raisen,,,,,,,,,,,,"{""type"": ""Polygon"", ""coordinates"": [[[78.5005183, 23.3101429], [78.5007878, 23.3092019], [78.5018548, 23.3088731], [78.5022041, 23.3100559], [78.5013565, 23.3106981], [78.5005183, 23.3101429]]]}",,,,Agricultural,,,,,,,,,OWN-0431,PCL-0891,,,PRJ-006,Raisen 400kV Transmission Line,,,,,,,,objections,,566/2,Silwani,,,ZCWGU2QG684QRC,,,,VLG-033,Mohanpur Kalan,,
parcel,PCL-0892,,0.12,,,23.318426,78.497149,,,,Raisen,,,,,,,,,,,,"{""type"": ""Polygon"", ""coordinates"": [[[78.4972355, 23.3182668], [78.4972956, 23.3184495], [78.4971776, 23.3185502], [78.497039, 23.3185064], [78.4970023, 23.3182905], [78.4972355, 23.3182668]]]}",,,,Agricultural,,,,,,,,,OWN-0265,PCL-0892,,,PRJ-006,Raisen 400kV Transmission Line,,,,,,,,awarded,,6/1,Silwani,,,VR525V7C9K2CL7,,,,VLG-033,Mohanpur Kalan,,
parcel,PCL-0893,,2.23,,,23.252138,78.664847,,,,Raisen,,,,,,,,,,,,"{""type"": ""Polygon"", ""coordinates"": [[[78.664325, 23.2525489], [78.6644148, 23.2516523], [78.6650517, 23.2513805], [78.665879, 23.2522257], [78.6651756, 23.2530057], [78.664325, 23.2525489]]]}",,,,Mixed Use,,,,,,,,,OWN-0472,PCL-0893,,,PRJ-006,Raisen 400kV Transmission Line,,,,,,,,proposed,,31/2,Silwani,,,LU79D7ZG3JGA4N,,,,VLG-040,Devipura Buzurg,,
parcel,PCL-0894,,1.63,,,23.23955,78.671521,,,,Raisen,,,,,,,,,,,,"{""type"": ""Polygon"", ""coordinates"": [[[78.6711778, 23.2389659], [78.6716698, 23.2391001], [78.6722928, 23.2392109], [78.6722551, 23.2398836], [78.6716026, 23.2402008], [78.6710923, 23.2398952], [78.6708925, 23.2395052], [78.6711778, 23.2389659]]]}",,,,Agricultural,,,,,,,,,OWN-0379,PCL-0894,,,PRJ-006,Raisen 400kV Transmission Line,,,,,,,,possessed,,176/9,Silwani,,,T2WB5E6JLUG76A,,,,VLG-040,Devipura Buzurg,,
parcel,PCL-0895,,0.22,,,23.309179,78.636094,,,,Raisen,,,,,,,,,,,,"{""type"": ""Polygon"", ""coordinates"": [[[78.636057, 23.3088884], [78.6362788, 23.308972], [78.6363574, 23.3091748], [78.6362511, 23.3093804], [78.6359638, 23.3094295], [78.6358047, 23.3093115], [78.6358908, 23.3090943], [78.636057, 23.3088884]]]}",,,,Agricultural,,,,,,,,,OWN-0326,PCL-0895,,,PRJ-006,Raisen 400kV Transmission Line,,,,,,,,possessed,,553/7,Silwani,,,7J2DMGPEB554VD,,,,VLG-032,Ratangarh Kalan,,
parcel,PCL-0896,,1.86,,,23.626236,78.447314,,,,Raisen,,,,,,,,,,,,"{""type"": ""Polygon"", ""coordinates"": [[[78.4475642, 23.6268871], [78.446613, 23.6267512], [78.4465732, 23.6260619], [78.4472936, 23.6254895], [78.447994, 23.6256508], [78.4478824, 23.6263747], [78.4475642, 23.6268871]]]}",,,,Mixed Use,,,,,,,,,OWN-0539,PCL-0896,,,PRJ-006,Raisen 400kV Transmission Line,,,,,,,,objections,,541/8,Begumganj,,,BUFXW9GR6NEULH,,,,VLG-026,Sonpur Buzurg,,
parcel,PCL-0897,,1.08,,,23.620329,78.454448,,,,Raisen,,,,,,,,,,,,"{""type"": ""Polygon"", ""coordinates"": [[[78.4541049, 23.6200016], [78.4543867, 23.6199204], [78.4548474, 23.6201104], [78.4551184, 23.6203892], [78.4547984, 23.6208754], [78.4542269, 23.6207939], [78.4539788, 23.6205197], [78.4541049, 23.6200016]]]}",,,,Mixed Use,,,,,,,,,OWN-0452,PCL-0897,,,PRJ-006,Raisen 400kV Transmission Line,,,,,,,,proposed,,534/5,Begumganj,,,3SAHX66U42JH9W,,,,VLG-026,Sonpur Buzurg,,
parcel,PCL-0898,,1.93,,,23.20623,78.711968,,,,Raisen,,,,,,,,,,,,"{""type"": ""Polygon"", ""coordinates"": [[[78.7125326, 23.2068618], [78.7117336, 23.2067642], [78.7111749, 23.2063921], [78.711693, 23.2057181], [78.7123718, 23.2056696], [78.7125366, 23.2061954], [78.7125326, 23.2068618]]]}",,,,Residential,,,,,,,,,OWN-0102,PCL-0898,,,PRJ-006,Raisen 400kV Transmission Line,,,,,,,,compensation_paid,,322/5,Silwani,,,GQL6Q4PRJN2JKY,,,,VLG-039,Lakshmipur Kalan,,
parcel,PCL-0899,,1.33,,,23.42331,78.743904,,,,Raisen,,,,,,,,,,,,"{""type"": ""Polygon"", ""coordinates"": [[[78.7434937, 23.4235544], [78.7433215, 23.4231728], [78.7436832, 23.4227127], [78.7442204, 23.4226509], [78.7445809, 23.4231797], [78.7443569, 23.4236244], [78.7437934, 23.4237723], [78.7434937, 23.4235544]]]}",,,,Barren,,,,,,,,,OWN-0238,PCL-0899,,,PRJ-006,Raisen 400kV Transmission Line,,,,,,,,notified,,642/6,Silwani,,,A3CDEK54U2C5EU,,,,VLG-034,Suryanagar,,
parcel,PCL-0900,,0.21,,,23.412654,78.211641,,,,Raisen,,,,,,,,,,,,"{""type"": ""Polygon"", ""coordinates"": [[[78.2114474, 23.4125356], [78.2117475, 23.4123905], [78.2119559, 23.4126295], [78.2116799, 23.4128501], [78.2114675, 23.4128181], [78.2114474, 23.4125356]]]}",,,,Agricultural,,,,,,,,,OWN-0276,PCL-0900,,,PRJ-006,Raisen 400kV Transmission Line,,,,,,,,awarded,,875/7,Begumganj,,,J9VLAWMJX7ND9N,,,,VLG-023,Narmadapur,,
parcel,PCL-0901,,1.29,,,23.319024,78.641985,,,,Raisen,,,,,,,,,,,,"{""type"": ""Polygon"", ""coordinates"": [[[78.641302, 23.3188302], [78.6418326, 23.3184546], [78.6425935, 23.3186797], [78.6424574, 23.3191512], [78.6420311, 23.3195051], [78.6415811, 23.3192102], [78.641302, 23.3188302]]]}",,,,Residential,,,,,,,,,OWN-0035,PCL-0901,,,PRJ-006,Raisen 400kV Transmission Line,,,,,,,,notified,,974/1,Silwani,,,4TMK74SRVV4XJ5,,,,VLG-032,Ratangarh Kalan,,
parcel,PCL-0902,,2.75,,,23.621134,78.438188,,,,Raisen,,,,,,,,,,,,"{""type"": ""Polygon"", ""coordinates"": [[[78.4378411, 23.6219984], [78.4374969, 23.621249], [78.4378704, 23.62052], [78.4388735, 23.6205245], [78.439101, 23.621568], [78.4378411, 23.6219984]]]}",,,,Agricultural,,,,,,,,,OWN-0563,PCL-0902,,,PRJ-006,Raisen 400kV Transmission Line,,,,,,,,possessed,,551/8,Begumganj,,,XY9WMDSEYWLLQD,,,,VLG-026,Sonpur Buzurg,,
litigation_case,LAQ-8021/2025,,,LAQ-8021/2025,Notification validity challenge,,,MP High Court (Jabalpur Bench),,,,,,,,,,,,2026-08-21,,,,,,,,,,,,,,,,,PCL-0030,,,,,,,,,,,,stayed,,,,,,,,,,,,,
litigation_case,LAQ-5626/2025,,,LAQ-5626/2025,Compensation quantum dispute,,,"District Court, Raisen",,,,,,,,,,,,2026-01-30,,,,,,,,,,,,,,,,,PCL-0195,,,,,,,,,,,,hearing_scheduled,,,,,,,,,,,,,
litigation_case,LAQ-3121/2025,,,LAQ-3121/2025,Boundary demarcation dispute,,,MP High Court (Jabalpur Bench),,,,,,,,,,,,2026-07-23,,,,,,,,,,,,,,,,,PCL-0212,,,,,,,,,,,,hearing_scheduled,,,,,,,,,,,,,
litigation_case,LAQ-5488/2025,,,LAQ-5488/2025,Succession dispute,,,"District Court, Narmadapuram",,,,,,,,,,,,2026-05-05,,,,,,,,,,,,,,,,,PCL-0333,,,,,,,,,,,,stayed,,,,,,,,,,,,,
litigation_case,LAQ-9354/2025,,,LAQ-9354/2025,Title/ownership dispute,,,"District Court, Raisen",,,,,,,,,,,,2026-08-05,,,,,,,,,,,,,,,,,PCL-0334,,,,,,,,,,,,pending,,,,,,,,,,,,,
litigation_case,LAQ-1166/2025,,,LAQ-1166/2025,Notification validity challenge,,,MP High Court (Jabalpur Bench),,,,,,,,,,,,2026-04-19,,,,,,,,,,,,,,,,,PCL-0339,,,,,,,,,,,,stayed,,,,,,,,,,,,,
litigation_case,LAQ-2220/2025,,,LAQ-2220/2025,Compensation quantum dispute,,,MP High Court (Jabalpur Bench),,,,,,,,,,,,2025-09-17,,,,,,,,,,,,,,,,,PCL-0360,,,,,,,,,,,,stayed,,,,,,,,,,,,,
litigation_case,LAQ-8246/2025,,,LAQ-8246/2025,Succession dispute,,,"District Court, Raisen",,,,,,,,,,,,2026-01-28,,,,,,,,,,,,,,,,,PCL-0397,,,,,,,,,,,,pending,,,,,,,,,,,,,
litigation_case,LAQ-9320/2025,,,LAQ-9320/2025,Title/ownership dispute,,,MP High Court (Jabalpur Bench),,,,,,,,,,,,2026-06-24,,,,,,,,,,,,,,,,,PCL-0405,,,,,,,,,,,,pending,,,,,,,,,,,,,
litigation_case,LAQ-2081/2025,,,LAQ-2081/2025,Notification validity challenge,,,"District Court, Raisen",,,,,,,,,,,,2026-07-23,,,,,,,,,,,,,,,,,PCL-0418,,,,,,,,,,,,pending,,,,,,,,,,,,,
litigation_case,LAQ-2984/2025,,,LAQ-2984/2025,Title/ownership dispute,,,"District Court, Narmadapuram",,,,,,,,,,,,2026-05-16,,,,,,,,,,,,,,,,,PCL-0427,,,,,,,,,,,,hearing_scheduled,,,,,,,,,,,,,
litigation_case,LAQ-6824/2025,,,LAQ-6824/2025,Succession dispute,,,MP High Court (Jabalpur Bench),,,,,,,,,,,,2026-02-26,,,,,,,,,,,,,,,,,PCL-0453,,,,,,,,,,,,hearing_scheduled,,,,,,,,,,,,,
litigation_case,LAQ-1824/2025,,,LAQ-1824/2025,Title/ownership dispute,,,MP High Court (Jabalpur Bench),,,,,,,,,,,,2026-01-24,,,,,,,,,,,,,,,,,PCL-0508,,,,,,,,,,,,stayed,,,,,,,,,,,,,
litigation_case,LAQ-2170/2025,,,LAQ-2170/2025,Compensation quantum dispute,,,MP High Court (Jabalpur Bench),,,,,,,,,,,,2026-02-23,,,,,,,,,,,,,,,,,PCL-0587,,,,,,,,,,,,hearing_scheduled,,,,,,,,,,,,,
litigation_case,LAQ-8693/2025,,,LAQ-8693/2025,Succession dispute,,,MP High Court (Jabalpur Bench),,,,,,,,,,,,2026-06-21,,,,,,,,,,,,,,,,,PCL-0672,,,,,,,,,,,,pending,,,,,,,,,,,,,
litigation_case,LAQ-6925/2025,,,LAQ-6925/2025,Succession dispute,,,"District Court, Narmadapuram",,,,,,,,,,,,2026-01-12,,,,,,,,,,,,,,,,,PCL-0673,,,,,,,,,,,,hearing_scheduled,,,,,,,,,,,,,
litigation_case,LAQ-6746/2025,,,LAQ-6746/2025,Notification validity challenge,,,"District Court, Narmadapuram",,,,,,,,,,,,2026-02-27,,,,,,,,,,,,,,,,,PCL-0729,,,,,,,,,,,,stayed,,,,,,,,,,,,,
litigation_case,LAQ-3414/2025,,,LAQ-3414/2025,Title/ownership dispute,,,"District Court, Narmadapuram",,,,,,,,,,,,2026-01-25,,,,,,,,,,,,,,,,,PCL-0770,,,,,,,,,,,,hearing_scheduled,,,,,,,,,,,,,
litigation_case,LAQ-5509/2025,,,LAQ-5509/2025,Compensation quantum dispute,,,MP High Court (Jabalpur Bench),,,,,,,,,,,,2026-04-28,,,,,,,,,,,,,,,,,PCL-0862,,,,,,,,,,,,pending,,,,,,,,,,,,,
litigation_case,LAQ-9423/2025,,,LAQ-9423/2025,Compensation quantum dispute,,,MP High Court (Jabalpur Bench),,,,,,,,,,,,2026-04-01,,,,,,,,,,,,,,,,,PCL-0880,,,,,,,,,,,,pending,,,,,,,,,,,,,
parcel_project_overlap,OVL-001,,,,,,,,,,,,,,,,,,,,,,,,,,,,,,,,,Parcel boundary intersects both projects' alignments (synthetic overlap case).,PRJ-006,,PCL-0073,,PRJ-001,,,,,,,,,,,,,,,,,,,,,,,
parcel_project_overlap,OVL-002,,,,,,,,,,,,,,,,,,,,,,,,,,,,,,,,,Parcel boundary intersects both projects' alignments (synthetic overlap case).,PRJ-003,,PCL-0752,,PRJ-006,,,,,,,,,,,,,,,,,,,,,,,
parcel_project_overlap,OVL-003,,,,,,,,,,,,,,,,,,,,,,,,,,,,,,,,,Parcel boundary intersects both projects' alignments (synthetic overlap case).,PRJ-003,,PCL-0246,,PRJ-002,,,,,,,,,,,,,,,,,,,,,,,
parcel_project_overlap,OVL-004,,,,,,,,,,,,,,,,,,,,,,,,,,,,,,,,,Parcel boundary intersects both projects' alignments (synthetic overlap case).,PRJ-003,,PCL-0606,,PRJ-004,,,,,,,,,,,,,,,,,,,,,,,
parcel_project_overlap,OVL-005,,,,,,,,,,,,,,,,,,,,,,,,,,,,,,,,,Parcel boundary intersects both projects' alignments (synthetic overlap case).,PRJ-005,,PCL-0337,,PRJ-002,,,,,,,,,,,,,,,,,,,,,,,
project_stage_history,STG-001,,,,,,,,,,,,,,,2025-10-04,,,,,,,,,,,,,,,,,,,,,,,,PRJ-001,,,,,30,proposal,2025-09-01,,completed,,,,,,,,,,,,,
project_stage_history,STG-002,,,,,,,,,,,,,,,2025-11-08,,,,,,,,,,,,,,,,,,,,,,,,PRJ-001,,,,,30,scrutiny,2025-10-04,,completed,,,,,,,,,,,,,
project_stage_history,STG-003,,,,,,,,,,,,,,,2025-12-08,,,,,,,,,,,,,,,,,,,,,,,,PRJ-001,,,,,30,sia_appraisal,2025-11-08,,completed,,,,,,,,,,,,,
project_stage_history,STG-004,,,,,,,,,,,,,,,2025-12-26,,,,,,,,,,,,,,,,,,,,,,,,PRJ-001,,,,,45,preliminary_notification,2025-12-08,,completed,,,,,,,,,,,,,
project_stage_history,STG-005,,,,,,,,,,,,,,,2026-01-15,,,,,,,,,,,,,,,,,,,,,,,,PRJ-001,,,,,30,objections,2025-12-26,,completed,,,,,,,,,,,,,
project_stage_history,STG-006,,,,,,,,,,,,,,,2026-02-13,,,,,,,,,,,,,,,,,,,,,,,,PRJ-001,,,,,30,final_declaration,2026-01-15,,completed,,,,,,,,,,,,,
project_stage_history,STG-007,,,,,,,,,,,,,,,2026-02-23,,,,,,,,,,,,,,,,,,,,,,,,PRJ-001,,,,,45,award,2026-02-13,,completed,,,,,,,,,,,,,
project_stage_history,STG-008,,,,,,,,,,,,,,,,,,,,,,,,,,,,,,,,,,,,,,,PRJ-001,,,,,30,compensation,2026-02-23,,in_progress,,,,,,,,,,,,,
project_stage_history,STG-009,,,,,,,,,,,,,,,2025-10-03,,,,,,,,,,,,,,,,,,,,,,,,PRJ-002,,,,,30,proposal,2025-09-01,,completed,,,,,,,,,,,,,
project_stage_history,STG-010,,,,,,,,,,,,,,,2025-11-05,,,,,,,,,,,,,,,,,,,,,,,,PRJ-002,,,,,30,scrutiny,2025-10-03,,completed,,,,,,,,,,,,,
project_stage_history,STG-011,,,,,,,,,,,,,,,2025-11-18,,,,,,,,,,,,,,,,,,,,,,,,PRJ-002,,,,,30,sia_appraisal,2025-11-05,,completed,,,,,,,,,,,,,
project_stage_history,STG-012,,,,,,,,,,,,,,,2025-12-02,,,,,,,,,,,,,,,,,,,,,,,,PRJ-002,,,,,45,preliminary_notification,2025-11-18,,completed,,,,,,,,,,,,,
project_stage_history,STG-013,,,,,,,,,,,,,,,,,,,,,,,,,,,,,,,,,,,,,,,PRJ-002,,,,,30,objections,2026-08-05,,in_progress,,,,,,,,,,,,,
project_stage_history,STG-014,,,,,,,,,,,,,,,2025-09-13,,,,,,,,,,,,,,,,,,,,,,,,PRJ-003,,,,,30,proposal,2025-09-01,,completed,,,,,,,,,,,,,
project_stage_history,STG-015,,,,,,,,,,,,,,,2025-11-30,,,,,,,,,,,,,,,,,,,,,,,,PRJ-003,,,,,30,scrutiny,2025-09-13,,completed,,,,,,,,,,,,,
project_stage_history,STG-016,,,,,,,,,,,,,,,2026-01-04,,,,,,,,,,,,,,,,,,,,,,,,PRJ-003,,,,,30,sia_appraisal,2025-11-30,,completed,,,,,,,,,,,,,
project_stage_history,STG-017,,,,,,,,,,,,,,,2026-01-16,,,,,,,,,,,,,,,,,,,,,,,,PRJ-003,,,,,45,preliminary_notification,2026-01-04,,completed,,,,,,,,,,,,,
project_stage_history,STG-018,,,,,,,,,,,,,,,,,,,,,,,,,,,,,,,,,,,,,,,PRJ-003,,,,,30,objections,2026-06-03,,in_progress,,,,,,,,,,,,,
project_stage_history,STG-019,,,,,,,,,,,,,,,2025-10-01,,,,,,,,,,,,,,,,,,,,,,,,PRJ-004,,,,,30,proposal,2025-09-01,,completed,,,,,,,,,,,,,
project_stage_history,STG-020,,,,,,,,,,,,,,,2025-10-15,,,,,,,,,,,,,,,,,,,,,,,,PRJ-004,,,,,30,scrutiny,2025-10-01,,completed,,,,,,,,,,,,,
project_stage_history,STG-021,,,,,,,,,,,,,,,2025-10-28,,,,,,,,,,,,,,,,,,,,,,,,PRJ-004,,,,,30,sia_appraisal,2025-10-15,,completed,,,,,,,,,,,,,
project_stage_history,STG-022,,,,,,,,,,,,,,,2025-11-28,,,,,,,,,,,,,,,,,,,,,,,,PRJ-004,,,,,45,preliminary_notification,2025-10-28,,completed,,,,,,,,,,,,,
project_stage_history,STG-023,,,,,,,,,,,,,,,2025-12-24,,,,,,,,,,,,,,,,,,,,,,,,PRJ-004,,,,,30,objections,2025-11-28,,completed,,,,,,,,,,,,,
project_stage_history,STG-024,,,,,,,,,,,,,,,,,,,,,,,,,,,,,,,,,,,,,,,PRJ-004,,,,,30,final_declaration,2025-12-24,,in_progress,,,,,,,,,,,,,
project_stage_history,STG-025,,,,,,,,,,,,,,,2025-09-19,,,,,,,,,,,,,,,,,,,,,,,,PRJ-005,,,,,30,proposal,2025-09-01,,completed,,,,,,,,,,,,,
project_stage_history,STG-026,,,,,,,,,,,,,,,2025-12-22,,,,,,,,,,,,,,,,,,,,,,,,PRJ-005,,,,,30,scrutiny,2025-09-19,,completed,,,,,,,,,,,,,
project_stage_history,STG-027,,,,,,,,,,,,,,,2026-01-18,,,,,,,,,,,,,,,,,,,,,,,,PRJ-005,,,,,30,sia_appraisal,2025-12-22,,completed,,,,,,,,,,,,,
project_stage_history,STG-028,,,,,,,,,,,,,,,2026-02-13,,,,,,,,,,,,,,,,,,,,,,,,PRJ-005,,,,,45,preliminary_notification,2026-01-18,,completed,,,,,,,,,,,,,
project_stage_history,STG-029,,,,,,,,,,,,,,,2026-05-03,,,,,,,,,,,,,,,,,,,,,,,,PRJ-005,,,,,30,objections,2026-02-13,,completed,,,,,,,,,,,,,
project_stage_history,STG-030,,,,,,,,,,,,,,,,,,,,,,,,,,,,,,,,,,,,,,,PRJ-005,,,,,30,final_declaration,2026-06-03,,in_progress,,,,,,,,,,,,,
project_stage_history,STG-031,,,,,,,,,,,,,,,2025-10-01,,,,,,,,,,,,,,,,,,,,,,,,PRJ-006,,,,,30,proposal,2025-09-01,,completed,,,,,,,,,,,,,
project_stage_history,STG-032,,,,,,,,,,,,,,,2025-10-25,,,,,,,,,,,,,,,,,,,,,,,,PRJ-006,,,,,30,scrutiny,2025-10-01,,completed,,,,,,,,,,,,,
project_stage_history,STG-033,,,,,,,,,,,,,,,2025-11-05,,,,,,,,,,,,,,,,,,,,,,,,PRJ-006,,,,,30,sia_appraisal,2025-10-25,,completed,,,,,,,,,,,,,
project_stage_history,STG-034,,,,,,,,,,,,,,,2025-11-30,,,,,,,,,,,,,,,,,,,,,,,,PRJ-006,,,,,45,preliminary_notification,2025-11-05,,completed,,,,,,,,,,,,,
project_stage_history,STG-035,,,,,,,,,,,,,,,2025-12-11,,,,,,,,,,,,,,,,,,,,,,,,PRJ-006,,,,,30,objections,2025-11-30,,completed,,,,,,,,,,,,,
project_stage_history,STG-036,,,,,,,,,,,,,,,2026-01-01,,,,,,,,,,,,,,,,,,,,,,,,PRJ-006,,,,,30,final_declaration,2025-12-11,,completed,,,,,,,,,,,,,
project_stage_history,STG-037,,,,,,,,,,,,,,,,,,,,,,,,,,,,,,,,,,,,,,,PRJ-006,,,,,45,award,2026-01-01,,in_progress,,,,,,,,,,,,,
candidate_alignment,ALN-1,ALN-1,,,,,,,,,,,,,,,,,,,,,"{""type"": ""LineString"", ""coordinates"": [[77.920185, 22.821448], [77.930385, 22.837902], [77.941686, 22.851923], [77.953541, 22.868611], [77.972858, 22.882657], [77.991593, 22.899795]]}",,,"Alignment A (shorter, more parcels)",,,,,,,,,,,,,,PRJ-001,,,,,,,,,,,,,,,,,,,,,,
candidate_alignment,ALN-2,ALN-2,,,,,,,,,,,,,,,,,,,,,"{""type"": ""LineString"", ""coordinates"": [[77.894453, 22.829971], [77.879923, 22.844245], [77.862233, 22.854278], [77.851708, 22.870342], [77.841307, 22.887729], [77.821319, 22.902863]]}",,,"Alignment B (longer, avoids forest)",,,,,,,,,,,,,,PRJ-001,,,,,,,,,,,,,,,,,,,,,,
rr_family,RRF-0001,,,,,,,,,,,,,,,,False,False,RRF-0001,,,,,,,,,,,,,7,,,,OWN-0464,PCL-0867,,,PRJ-006,,,pending,,,,,,,50000,,,,,,,,,,,False,False
rr_family,RRF-0002,,,,,,,,,,,,,,,,False,False,RRF-0002,,,,,,,,,,,,,3,,,,OWN-0618,PCL-0752,,,PRJ-006,,,pending,,,,,,,42000,,,,,,,,,,,False,False
rr_family,RRF-0003,,,,,,,,,,,,,,,,False,True,RRF-0003,,,,,,,,,,,,,7,,,,OWN-0111,PCL-0286,,,PRJ-002,,,pending,,,,,,,42000,,,,,,,,,,,False,True
rr_family,RRF-0004,,,,,,,,,,,,,,,,True,False,RRF-0004,,,,,,,,,,,,,2,,,,OWN-0119,PCL-0518,,,PRJ-004,,,completed,,,,,,,50000,,,,,,,,,,,False,True
rr_family,RRF-0005,,,,,,,,,,,,,,,,True,True,RRF-0005,,,,,,,,,,,,,4,,,,OWN-0360,PCL-0707,,,PRJ-005,,,completed,,,,,,,42000,,,,,,,,,,,True,True
rr_family,RRF-0006,,,,,,,,,,,,,,,,False,True,RRF-0006,,,,,,,,,,,,,6,,,,OWN-0209,PCL-0608,,,PRJ-004,,,completed,,,,,,,50000,,,,,,,,,,,False,False
rr_family,RRF-0007,,,,,,,,,,,,,,,,False,True,RRF-0007,,,,,,,,,,,,,7,,,,OWN-0273,PCL-0587,,,PRJ-004,,,in_progress,,,,,,,36000,,,,,,,,,,,False,False
rr_family,RRF-0008,,,,,,,,,,,,,,,,True,False,RRF-0008,,,,,,,,,,,,,2,,,,OWN-0439,PCL-0582,,,PRJ-004,,,in_progress,,,,,,,42000,,,,,,,,,,,False,False
rr_family,RRF-0009,,,,,,,,,,,,,,,,False,True,RRF-0009,,,,,,,,,,,,,5,,,,OWN-0180,PCL-0777,,,PRJ-006,,,in_progress,,,,,,,50000,,,,,,,,,,,False,False
rr_family,RRF-0010,,,,,,,,,,,,,,,,False,True,RRF-0010,,,,,,,,,,,,,7,,,,OWN-0322,PCL-0387,,,PRJ-003,,,in_progress,,,,,,,50000,,,,,,,,,,,False,False
rr_family,RRF-0011,,,,,,,,,,,,,,,,True,True,RRF-0011,,,,,,,,,,,,,2,,,,OWN-0246,PCL-0196,,,PRJ-002,,,in_progress,,,,,,,0,,,,,,,,,,,True,True
rr_family,RRF-0012,,,,,,,,,,,,,,,,False,False,RRF-0012,,,,,,,,,,,,,4,,,,OWN-0252,PCL-0818,,,PRJ-006,,,pending,,,,,,,36000,,,,,,,,,,,True,True
rr_family,RRF-0013,,,,,,,,,,,,,,,,False,False,RRF-0013,,,,,,,,,,,,,2,,,,OWN-0459,PCL-0764,,,PRJ-006,,,in_progress,,,,,,,50000,,,,,,,,,,,False,False
rr_family,RRF-0014,,,,,,,,,,,,,,,,False,True,RRF-0014,,,,,,,,,,,,,5,,,,OWN-0408,PCL-0232,,,PRJ-002,,,in_progress,,,,,,,0,,,,,,,,,,,True,False
rr_family,RRF-0015,,,,,,,,,,,,,,,,False,True,RRF-0015,,,,,,,,,,,,,4,,,,OWN-0137,PCL-0728,,,PRJ-005,,,pending,,,,,,,50000,,,,,,,,,,,True,False
rr_family,RRF-0016,,,,,,,,,,,,,,,,True,True,RRF-0016,,,,,,,,,,,,,3,,,,OWN-0588,PCL-0690,,,PRJ-005,,,pending,,,,,,,50000,,,,,,,,,,,False,False
rr_family,RRF-0017,,,,,,,,,,,,,,,,True,False,RRF-0017,,,,,,,,,,,,,2,,,,OWN-0543,PCL-0729,,,PRJ-005,,,pending,,,,,,,50000,,,,,,,,,,,False,True
rr_family,RRF-0018,,,,,,,,,,,,,,,,False,False,RRF-0018,,,,,,,,,,,,,5,,,,OWN-0519,PCL-0511,,,PRJ-004,,,pending,,,,,,,42000,,,,,,,,,,,False,True
rr_family,RRF-0019,,,,,,,,,,,,,,,,False,False,RRF-0019,,,,,,,,,,,,,7,,,,OWN-0676,PCL-0236,,,PRJ-002,,,completed,,,,,,,50000,,,,,,,,,,,True,True
rr_family,RRF-0020,,,,,,,,,,,,,,,,False,True,RRF-0020,,,,,,,,,,,,,2,,,,OWN-0344,PCL-0457,,,PRJ-003,,,completed,,,,,,,50000,,,,,,,,,,,False,False
rr_family,RRF-0021,,,,,,,,,,,,,,,,False,False,RRF-0021,,,,,,,,,,,,,5,,,,OWN-0625,PCL-0664,,,PRJ-005,,,completed,,,,,,,42000,,,,,,,,,,,True,False
rr_family,RRF-0022,,,,,,,,,,,,,,,,False,False,RRF-0022,,,,,,,,,,,,,3,,,,OWN-0239,PCL-0135,,,PRJ-001,,,pending,,,,,,,36000,,,,,,,,,,,False,False
rr_family,RRF-0023,,,,,,,,,,,,,,,,False,True,RRF-0023,,,,,,,,,,,,,6,,,,OWN-0191,PCL-0610,,,PRJ-004,,,in_progress,,,,,,,50000,,,,,,,,,,,False,False
rr_family,RRF-0024,,,,,,,,,,,,,,,,False,False,RRF-0024,,,,,,,,,,,,,4,,,,OWN-0431,PCL-0355,,,PRJ-003,,,completed,,,,,,,50000,,,,,,,,,,,True,False
rr_family,RRF-0025,,,,,,,,,,,,,,,,True,False,RRF-0025,,,,,,,,,,,,,4,,,,OWN-0564,PCL-0424,,,PRJ-003,,,pending,,,,,,,36000,,,,,,,,,,,False,False
rr_family,RRF-0026,,,,,,,,,,,,,,,,True,False,RRF-0026,,,,,,,,,,,,,6,,,,OWN-0432,PCL-0329,,,PRJ-002,,,in_progress,,,,,,,42000,,,,,,,,,,,False,False
rr_family,RRF-0027,,,,,,,,,,,,,,,,False,True,RRF-0027,,,,,,,,,,,,,4,,,,OWN-0092,PCL-0319,,,PRJ-002,,,in_progress,,,,,,,36000,,,,,,,,,,,False,False
rr_family,RRF-0028,,,,,,,,,,,,,,,,True,False,RRF-0028,,,,,,,,,,,,,7,,,,OWN-0274,PCL-0134,,,PRJ-001,,,completed,,,,,,,42000,,,,,,,,,,,False,False
rr_family,RRF-0029,,,,,,,,,,,,,,,,False,True,RRF-0029,,,,,,,,,,,,,2,,,,OWN-0104,PCL-0795,,,PRJ-006,,,in_progress,,,,,,,36000,,,,,,,,,,,False,False
rr_family,RRF-0030,,,,,,,,,,,,,,,,False,False,RRF-0030,,,,,,,,,,,,,6,,,,OWN-0102,PCL-0687,,,PRJ-005,,,in_progress,,,,,,,0,,,,,,,,,,,False,False
rr_family,RRF-0031,,,,,,,,,,,,,,,,True,True,RRF-0031,,,,,,,,,,,,,4,,,,OWN-0373,PCL-0641,,,PRJ-005,,,in_progress,,,,,,,36000,,,,,,,,,,,False,False
rr_family,RRF-0032,,,,,,,,,,,,,,,,True,True,RRF-0032,,,,,,,,,,,,,6,,,,OWN-0399,PCL-0789,,,PRJ-006,,,in_progress,,,,,,,0,,,,,,,,,,,False,False
rr_family,RRF-0033,,,,,,,,,,,,,,,,True,True,RRF-0033,,,,,,,,,,,,,6,,,,OWN-0289,PCL-0267,,,PRJ-002,,,in_progress,,,,,,,0,,,,,,,,,,,True,False
rr_family,RRF-0034,,,,,,,,,,,,,,,,False,True,RRF-0034,,,,,,,,,,,,,2,,,,OWN-0121,PCL-0597,,,PRJ-004,,,in_progress,,,,,,,0,,,,,,,,,,,False,False
rr_family,RRF-0035,,,,,,,,,,,,,,,,False,True,RRF-0035,,,,,,,,,,,,,6,,,,OWN-0599,PCL-0427,,,PRJ-003,,,in_progress,,,,,,,0,,,,,,,,,,,False,False
rr_family,RRF-0036,,,,,,,,,,,,,,,,True,True,RRF-0036,,,,,,,,,,,,,6,,,,OWN-0468,PCL-0533,,,PRJ-004,,,pending,,,,,,,0,,,,,,,,,,,True,False
rr_family,RRF-0037,,,,,,,,,,,,,,,,False,False,RRF-0037,,,,,,,,,,,,,5,,,,OWN-0161,PCL-0837,,,PRJ-006,,,pending,,,,,,,0,,,,,,,,,,,False,False
rr_family,RRF-0038,,,,,,,,,,,,,,,,True,False,RRF-0038,,,,,,,,,,,,,5,,,,OWN-0254,PCL-0667,,,PRJ-005,,,pending,,,,,,,50000,,,,,,,,,,,False,False
rr_family,RRF-0039,,,,,,,,,,,,,,,,False,False,RRF-0039,,,,,,,,,,,,,4,,,,OWN-0172,PCL-0185,,,PRJ-002,,,completed,,,,,,,50000,,,,,,,,,,,False,False
rr_family,RRF-0040,,,,,,,,,,,,,,,,False,False,RRF-0040,,,,,,,,,,,,,5,,,,OWN-0218,PCL-0620,,,PRJ-004,,,in_progress,,,,,,,42000,,,,,,,,,,,True,False
rr_family,RRF-0041,,,,,,,,,,,,,,,,False,True,RRF-0041,,,,,,,,,,,,,5,,,,OWN-0658,PCL-0200,,,PRJ-002,,,in_progress,,,,,,,42000,,,,,,,,,,,False,False
rr_family,RRF-0042,,,,,,,,,,,,,,,,False,True,RRF-0042,,,,,,,,,,,,,7,,,,OWN-0694,PCL-0470,,,PRJ-003,,,completed,,,,,,,50000,,,,,,,,,,,False,False
rr_family,RRF-0043,,,,,,,,,,,,,,,,False,True,RRF-0043,,,,,,,,,,,,,7,,,,OWN-0099,PCL-0177,,,PRJ-002,,,pending,,,,,,,42000,,,,,,,,,,,False,False
rr_family,RRF-0044,,,,,,,,,,,,,,,,False,True,RRF-0044,,,,,,,,,,,,,2,,,,OWN-0268,PCL-0709,,,PRJ-005,,,pending,,,,,,,50000,,,,,,,,,,,True,True
rr_family,RRF-0045,,,,,,,,,,,,,,,,False,True,RRF-0045,,,,,,,,,,,,,6,,,,OWN-0259,PCL-0020,,,PRJ-001,,,in_progress,,,,,,,42000,,,,,,,,,,,False,False
rr_family,RRF-0046,,,,,,,,,,,,,,,,True,False,RRF-0046,,,,,,,,,,,,,4,,,,OWN-0412,PCL-0125,,,PRJ-001,,,in_progress,,,,,,,42000,,,,,,,,,,,False,False
rr_family,RRF-0047,,,,,,,,,,,,,,,,True,False,RRF-0047,,,,,,,,,,,,,3,,,,OWN-0129,PCL-0494,,,PRJ-003,,,pending,,,,,,,0,,,,,,,,,,,False,False
rr_family,RRF-0048,,,,,,,,,,,,,,,,True,True,RRF-0048,,,,,,,,,,,,,5,,,,OWN-0568,PCL-0414,,,PRJ-003,,,in_progress,,,,,,,36000,,,,,,,,,,,True,False
rr_family,RRF-0049,,,,,,,,,,,,,,,,True,False,RRF-0049,,,,,,,,,,,,,7,,,,OWN-0416,PCL-0129,,,PRJ-001,,,in_progress,,,,,,,42000,,,,,,,,,,,False,False
rr_family,RRF-0050,,,,,,,,,,,,,,,,False,True,RRF-0050,,,,,,,,,,,,,6,,,,OWN-0548,PCL-0372,,,PRJ-003,,,in_progress,,,,,,,42000,,,,,,,,,,,False,True
rr_family,RRF-0051,,,,,,,,,,,,,,,,True,True,RRF-0051,,,,,,,,,,,,,4,,,,OWN-0319,PCL-0706,,,PRJ-005,,,pending,,,,,,,36000,,,,,,,,,,,True,False
rr_family,RRF-0052,,,,,,,,,,,,,,,,False,True,RRF-0052,,,,,,,,,,,,,4,,,,OWN-0110,PCL-0677,,,PRJ-005,,,in_progress,,,,,,,0,,,,,,,,,,,True,False
rr_family,RRF-0053,,,,,,,,,,,,,,,,False,True,RRF-0053,,,,,,,,,,,,,6,,,,OWN-0268,PCL-0370,,,PRJ-003,,,in_progress,,,,,,,42000,,,,,,,,,,,False,True
rr_family,RRF-0054,,,,,,,,,,,,,,,,False,True,RRF-0054,,,,,,,,,,,,,5,,,,OWN-0693,PCL-0856,,,PRJ-006,,,completed,,,,,,,36000,,,,,,,,,,,True,False
rr_family,RRF-0055,,,,,,,,,,,,,,,,True,False,RRF-0055,,,,,,,,,,,,,3,,,,OWN-0676,PCL-0566,,,PRJ-004,,,in_progress,,,,,,,36000,,,,,,,,,,,True,False
rr_family,RRF-0056,,,,,,,,,,,,,,,,True,True,RRF-0056,,,,,,,,,,,,,3,,,,OWN-0075,PCL-0336,,,PRJ-002,,,completed,,,,,,,42000,,,,,,,,,,,True,False
rr_family,RRF-0057,,,,,,,,,,,,,,,,True,False,RRF-0057,,,,,,,,,,,,,4,,,,OWN-0151,PCL-0525,,,PRJ-004,,,completed,,,,,,,0,,,,,,,,,,,False,False
rr_family,RRF-0058,,,,,,,,,,,,,,,,False,True,RRF-0058,,,,,,,,,,,,,2,,,,OWN-0197,PCL-0639,,,PRJ-005,,,in_progress,,,,,,,42000,,,,,,,,,,,True,False
rr_family,RRF-0059,,,,,,,,,,,,,,,,True,False,RRF-0059,,,,,,,,,,,,,4,,,,OWN-0606,PCL-0580,,,PRJ-004,,,pending,,,,,,,42000,,,,,,,,,,,False,True
rr_family,RRF-0060,,,,,,,,,,,,,,,,True,True,RRF-0060,,,,,,,,,,,,,3,,,,OWN-0535,PCL-0123,,,PRJ-001,,,completed,,,,,,,42000,,,,,,,,,,,False,False
rr_family,RRF-0061,,,,,,,,,,,,,,,,True,False,RRF-0061,,,,,,,,,,,,,7,,,,OWN-0150,PCL-0423,,,PRJ-003,,,in_progress,,,,,,,50000,,,,,,,,,,,False,False
rr_family,RRF-0062,,,,,,,,,,,,,,,,False,False,RRF-0062,,,,,,,,,,,,,6,,,,OWN-0194,PCL-0754,,,PRJ-006,,,pending,,,,,,,50000,,,,,,,,,,,False,False
rr_family,RRF-0063,,,,,,,,,,,,,,,,False,True,RRF-0063,,,,,,,,,,,,,6,,,,OWN-0506,PCL-0390,,,PRJ-003,,,in_progress,,,,,,,50000,,,,,,,,,,,False,False
rr_family,RRF-0064,,,,,,,,,,,,,,,,False,True,RRF-0064,,,,,,,,,,,,,7,,,,OWN-0678,PCL-0865,,,PRJ-006,,,in_progress,,,,,,,50000,,,,,,,,,,,False,False
rr_family,RRF-0065,,,,,,,,,,,,,,,,True,True,RRF-0065,,,,,,,,,,,,,4,,,,OWN-0524,PCL-0234,,,PRJ-002,,,pending,,,,,,,50000,,,,,,,,,,,False,True
rr_family,RRF-0066,,,,,,,,,,,,,,,,False,False,RRF-0066,,,,,,,,,,,,,4,,,,OWN-0187,PCL-0246,,,PRJ-002,,,completed,,,,,,,42000,,,,,,,,,,,False,False
rr_family,RRF-0067,,,,,,,,,,,,,,,,False,False,RRF-0067,,,,,,,,,,,,,5,,,,OWN-0528,PCL-0089,,,PRJ-001,,,in_progress,,,,,,,50000,,,,,,,,,,,False,False
rr_family,RRF-0068,,,,,,,,,,,,,,,,False,False,RRF-0068,,,,,,,,,,,,,5,,,,OWN-0380,PCL-0759,,,PRJ-006,,,pending,,,,,,,50000,,,,,,,,,,,False,True
rr_family,RRF-0069,,,,,,,,,,,,,,,,True,False,RRF-0069,,,,,,,,,,,,,7,,,,OWN-0591,PCL-0524,,,PRJ-004,,,pending,,,,,,,36000,,,,,,,,,,,False,False
rr_family,RRF-0070,,,,,,,,,,,,,,,,True,False,RRF-0070,,,,,,,,,,,,,7,,,,OWN-0182,PCL-0673,,,PRJ-005,,,in_progress,,,,,,,50000,,,,,,,,,,,False,False
rr_family,RRF-0071,,,,,,,,,,,,,,,,False,False,RRF-0071,,,,,,,,,,,,,3,,,,OWN-0228,PCL-0271,,,PRJ-002,,,in_progress,,,,,,,50000,,,,,,,,,,,False,False
rr_family,RRF-0072,,,,,,,,,,,,,,,,False,False,RRF-0072,,,,,,,,,,,,,3,,,,OWN-0328,PCL-0825,,,PRJ-006,,,in_progress,,,,,,,36000,,,,,,,,,,,False,False
rr_family,RRF-0073,,,,,,,,,,,,,,,,True,True,RRF-0073,,,,,,,,,,,,,7,,,,OWN-0656,PCL-0779,,,PRJ-006,,,in_progress,,,,,,,50000,,,,,,,,,,,True,False
rr_family,RRF-0074,,,,,,,,,,,,,,,,False,True,RRF-0074,,,,,,,,,,,,,3,,,,OWN-0056,PCL-0255,,,PRJ-002,,,pending,,,,,,,50000,,,,,,,,,,,False,False
rr_family,RRF-0075,,,,,,,,,,,,,,,,False,True,RRF-0075,,,,,,,,,,,,,2,,,,OWN-0035,PCL-0901,,,PRJ-006,,,pending,,,,,,,50000,,,,,,,,,,,True,True
rr_family,RRF-0076,,,,,,,,,,,,,,,,True,False,RRF-0076,,,,,,,,,,,,,6,,,,OWN-0458,PCL-0352,,,PRJ-002,,,in_progress,,,,,,,42000,,,,,,,,,,,False,False
rr_family,RRF-0077,,,,,,,,,,,,,,,,True,False,RRF-0077,,,,,,,,,,,,,7,,,,OWN-0379,PCL-0894,,,PRJ-006,,,in_progress,,,,,,,36000,,,,,,,,,,,True,False
rr_family,RRF-0078,,,,,,,,,,,,,,,,False,True,RRF-0078,,,,,,,,,,,,,6,,,,OWN-0544,PCL-0388,,,PRJ-003,,,in_progress,,,,,,,0,,,,,,,,,,,True,True
rr_family,RRF-0079,,,,,,,,,,,,,,,,False,False,RRF-0079,,,,,,,,,,,,,4,,,,OWN-0350,PCL-0451,,,PRJ-003,,,pending,,,,,,,0,,,,,,,,,,,False,False
rr_family,RRF-0080,,,,,,,,,,,,,,,,True,True,RRF-0080,,,,,,,,,,,,,7,,,,OWN-0285,PCL-0080,,,PRJ-001,,,completed,,,,,,,42000,,,,,,,,,,,True,False
rr_family,RRF-0081,,,,,,,,,,,,,,,,True,False,RRF-0081,,,,,,,,,,,,,2,,,,OWN-0603,PCL-0724,,,PRJ-005,,,pending,,,,,,,42000,,,,,,,,,,,False,False
rr_family,RRF-0082,,,,,,,,,,,,,,,,False,True,RRF-0082,,,,,,,,,,,,,6,,,,OWN-0589,PCL-0499,,,PRJ-003,,,completed,,,,,,,0,,,,,,,,,,,True,False
rr_family,RRF-0083,,,,,,,,,,,,,,,,True,False,RRF-0083,,,,,,,,,,,,,2,,,,OWN-0643,PCL-0118,,,PRJ-001,,,in_progress,,,,,,,0,,,,,,,,,,,False,False
rr_family,RRF-0084,,,,,,,,,,,,,,,,True,False,RRF-0084,,,,,,,,,,,,,3,,,,OWN-0576,PCL-0545,,,PRJ-004,,,pending,,,,,,,50000,,,,,,,,,,,False,True
rr_family,RRF-0085,,,,,,,,,,,,,,,,True,False,RRF-0085,,,,,,,,,,,,,6,,,,OWN-0387,PCL-0447,,,PRJ-003,,,in_progress,,,,,,,42000,,,,,,,,,,,False,False
rr_family,RRF-0086,,,,,,,,,,,,,,,,True,False,RRF-0086,,,,,,,,,,,,,2,,,,OWN-0280,PCL-0831,,,PRJ-006,,,completed,,,,,,,50000,,,,,,,,,,,False,False
rr_family,RRF-0087,,,,,,,,,,,,,,,,True,False,RRF-0087,,,,,,,,,,,,,6,,,,OWN-0153,PCL-0740,,,PRJ-005,,,pending,,,,,,,0,,,,,,,,,,,False,False
rr_family,RRF-0088,,,,,,,,,,,,,,,,False,True,RRF-0088,,,,,,,,,,,,,4,,,,OWN-0482,PCL-0065,,,PRJ-001,,,pending,,,,,,,36000,,,,,,,,,,,False,False
rr_family,RRF-0089,,,,,,,,,,,,,,,,True,False,RRF-0089,,,,,,,,,,,,,6,,,,OWN-0096,PCL-0172,,,PRJ-001,,,in_progress,,,,,,,50000,,,,,,,,,,,False,False
rr_family,RRF-0090,,,,,,,,,,,,,,,,True,False,RRF-0090,,,,,,,,,,,,,6,,,,OWN-0488,PCL-0139,,,PRJ-001,,,in_progress,,,,,,,50000,,,,,,,,,,,True,False
rr_family,RRF-0091,,,,,,,,,,,,,,,,False,False,RRF-0091,,,,,,,,,,,,,7,,,,OWN-0193,PCL-0023,,,PRJ-001,,,pending,,,,,,,0,,,,,,,,,,,False,False
rr_family,RRF-0092,,,,,,,,,,,,,,,,True,False,RRF-0092,,,,,,,,,,,,,6,,,,OWN-0454,PCL-0800,,,PRJ-006,,,in_progress,,,,,,,0,,,,,,,,,,,True,False
rr_family,RRF-0093,,,,,,,,,,,,,,,,False,True,RRF-0093,,,,,,,,,,,,,2,,,,OWN-0243,PCL-0056,,,PRJ-001,,,completed,,,,,,,0,,,,,,,,,,,True,False
rr_family,RRF-0094,,,,,,,,,,,,,,,,False,False,RRF-0094,,,,,,,,,,,,,3,,,,OWN-0585,PCL-0207,,,PRJ-002,,,in_progress,,,,,,,50000,,,,,,,,,,,False,True
rr_family,RRF-0095,,,,,,,,,,,,,,,,False,True,RRF-0095,,,,,,,,,,,,,2,,,,OWN-0326,PCL-0895,,,PRJ-006,,,pending,,,,,,,36000,,,,,,,,,,,False,False
rr_family,RRF-0096,,,,,,,,,,,,,,,,True,True,RRF-0096,,,,,,,,,,,,,4,,,,OWN-0383,PCL-0622,,,PRJ-004,,,in_progress,,,,,,,50000,,,,,,,,,,,False,True
rr_family,RRF-0097,,,,,,,,,,,,,,,,False,True,RRF-0097,,,,,,,,,,,,,6,,,,OWN-0435,PCL-0500,,,PRJ-003,,,pending,,,,,,,36000,,,,,,,,,,,False,True
rr_family,RRF-0098,,,,,,,,,,,,,,,,False,True,RRF-0098,,,,,,,,,,,,,2,,,,OWN-0078,PCL-0364,,,PRJ-003,,,in_progress,,,,,,,36000,,,,,,,,,,,False,True
rr_family,RRF-0099,,,,,,,,,,,,,,,,True,True,RRF-0099,,,,,,,,,,,,,7,,,,OWN-0276,PCL-0776,,,PRJ-006,,,pending,,,,,,,0,,,,,,,,,,,True,False
rr_family,RRF-0100,,,,,,,,,,,,,,,,False,True,RRF-0100,,,,,,,,,,,,,2,,,,OWN-0171,PCL-0716,,,PRJ-005,,,in_progress,,,,,,,0,,,,,,,,,,,True,False
rr_family,RRF-0101,,,,,,,,,,,,,,,,True,True,RRF-0101,,,,,,,,,,,,,4,,,,OWN-0258,PCL-0661,,,PRJ-005,,,completed,,,,,,,36000,,,,,,,,,,,True,False
rr_family,RRF-0102,,,,,,,,,,,,,,,,True,False,RRF-0102,,,,,,,,,,,,,3,,,,OWN-0126,PCL-0419,,,PRJ-003,,,in_progress,,,,,,,42000,,,,,,,,,,,True,False
rr_family,RRF-0103,,,,,,,,,,,,,,,,False,True,RRF-0103,,,,,,,,,,,,,6,,,,OWN-0622,PCL-0614,,,PRJ-004,,,in_progress,,,,,,,36000,,,,,,,,,,,True,False
rr_family,RRF-0104,,,,,,,,,,,,,,,,False,True,RRF-0104,,,,,,,,,,,,,4,,,,OWN-0341,PCL-0785,,,PRJ-006,,,completed,,,,,,,36000,,,,,,,,,,,True,False
rr_family,RRF-0105,,,,,,,,,,,,,,,,False,True,RRF-0105,,,,,,,,,,,,,2,,,,OWN-0305,PCL-0808,,,PRJ-006,,,completed,,,,,,,42000,,,,,,,,,,,True,False
rr_family,RRF-0106,,,,,,,,,,,,,,,,True,False,RRF-0106,,,,,,,,,,,,,2,,,,OWN-0601,PCL-0071,,,PRJ-001,,,in_progress,,,,,,,0,,,,,,,,,,,False,False
rr_family,RRF-0107,,,,,,,,,,,,,,,,True,True,RRF-0107,,,,,,,,,,,,,3,,,,OWN-0405,PCL-0006,,,PRJ-001,,,pending,,,,,,,36000,,,,,,,,,,,True,False
rr_family,RRF-0108,,,,,,,,,,,,,,,,True,True,RRF-0108,,,,,,,,,,,,,3,,,,OWN-0440,PCL-0413,,,PRJ-003,,,pending,,,,,,,42000,,,,,,,,,,,False,False
rr_family,RRF-0109,,,,,,,,,,,,,,,,False,False,RRF-0109,,,,,,,,,,,,,6,,,,OWN-0697,PCL-0148,,,PRJ-001,,,in_progress,,,,,,,42000,,,,,,,,,,,False,False
rr_family,RRF-0110,,,,,,,,,,,,,,,,False,True,RRF-0110,,,,,,,,,,,,,5,,,,OWN-0426,PCL-0746,,,PRJ-005,,,completed,,,,,,,42000,,,,,,,,,,,True,True
rr_family,RRF-0111,,,,,,,,,,,,,,,,False,True,RRF-0111,,,,,,,,,,,,,2,,,,OWN-0424,PCL-0153,,,PRJ-001,,,pending,,,,,,,0,,,,,,,,,,,True,False
rr_family,RRF-0112,,,,,,,,,,,,,,,,False,True,RRF-0112,,,,,,,,,,,,,2,,,,OWN-0689,PCL-0384,,,PRJ-003,,,in_progress,,,,,,,50000,,,,,,,,,,,True,False
rr_family,RRF-0113,,,,,,,,,,,,,,,,False,True,RRF-0113,,,,,,,,,,,,,5,,,,OWN-0031,PCL-0270,,,PRJ-002,,,completed,,,,,,,42000,,,,,,,,,,,True,False
rr_family,RRF-0114,,,,,,,,,,,,,,,,True,True,RRF-0114,,,,,,,,,,,,,2,,,,OWN-0069,PCL-0604,,,PRJ-004,,,in_progress,,,,,,,42000,,,,,,,,,,,False,False
rr_family,RRF-0115,,,,,,,,,,,,,,,,True,False,RRF-0115,,,,,,,,,,,,,7,,,,OWN-0651,PCL-0887,,,PRJ-006,,,in_progress,,,,,,,42000,,,,,,,,,,,False,False
rr_family,RRF-0116,,,,,,,,,,,,,,,,True,False,RRF-0116,,,,,,,,,,,,,7,,,,OWN-0460,PCL-0068,,,PRJ-001,,,in_progress,,,,,,,36000,,,,,,,,,,,True,False
rr_family,RRF-0117,,,,,,,,,,,,,,,,False,True,RRF-0117,,,,,,,,,,,,,4,,,,OWN-0436,PCL-0761,,,PRJ-006,,,completed,,,,,,,0,,,,,,,,,,,True,False
rr_family,RRF-0118,,,,,,,,,,,,,,,,False,False,RRF-0118,,,,,,,,,,,,,2,,,,OWN-0599,PCL-0496,,,PRJ-003,,,completed,,,,,,,0,,,,,,,,,,,False,False
rr_family,RRF-0119,,,,,,,,,,,,,,,,True,True,RRF-0119,,,,,,,,,,,,,7,,,,OWN-0529,PCL-0827,,,PRJ-006,,,completed,,,,,,,50000,,,,,,,,,,,False,True
rr_family,RRF-0120,,,,,,,,,,,,,,,,False,True,RRF-0120,,,,,,,,,,,,,4,,,,OWN-0445,PCL-0809,,,PRJ-006,,,in_progress,,,,,,,36000,,,,,,,,,,,False,False
rr_family,RRF-0121,,,,,,,,,,,,,,,,False,False,RRF-0121,,,,,,,,,,,,,7,,,,OWN-0194,PCL-0720,,,PRJ-005,,,in_progress,,,,,,,50000,,,,,,,,,,,False,False
rr_family,RRF-0122,,,,,,,,,,,,,,,,False,True,RRF-0122,,,,,,,,,,,,,7,,,,OWN-0323,PCL-0003,,,PRJ-001,,,in_progress,,,,,,,50000,,,,,,,,,,,False,False
rr_family,RRF-0123,,,,,,,,,,,,,,,,False,False,RRF-0123,,,,,,,,,,,,,4,,,,OWN-0696,PCL-0389,,,PRJ-003,,,pending,,,,,,,50000,,,,,,,,,,,True,False
rr_family,RRF-0124,,,,,,,,,,,,,,,,True,False,RRF-0124,,,,,,,,,,,,,5,,,,OWN-0292,PCL-0257,,,PRJ-002,,,completed,,,,,,,42000,,,,,,,,,,,False,False
rr_family,RRF-0125,,,,,,,,,,,,,,,,True,True,RRF-0125,,,,,,,,,,,,,4,,,,OWN-0692,PCL-0584,,,PRJ-004,,,pending,,,,,,,50000,,,,,,,,,,,False,False
rr_family,RRF-0126,,,,,,,,,,,,,,,,True,False,RRF-0126,,,,,,,,,,,,,5,,,,OWN-0236,PCL-0813,,,PRJ-006,,,in_progress,,,,,,,0,,,,,,,,,,,False,False
rr_family,RRF-0127,,,,,,,,,,,,,,,,False,False,RRF-0127,,,,,,,,,,,,,2,,,,OWN-0389,PCL-0701,,,PRJ-005,,,in_progress,,,,,,,0,,,,,,,,,,,False,False
rr_family,RRF-0128,,,,,,,,,,,,,,,,True,False,RRF-0128,,,,,,,,,,,,,5,,,,OWN-0420,PCL-0250,,,PRJ-002,,,in_progress,,,,,,,50000,,,,,,,,,,,False,False
rr_family,RRF-0129,,,,,,,,,,,,,,,,False,True,RRF-0129,,,,,,,,,,,,,4,,,,OWN-0603,PCL-0206,,,PRJ-002,,,in_progress,,,,,,,36000,,,,,,,,,,,False,False
rr_family,RRF-0130,,,,,,,,,,,,,,,,False,False,RRF-0130,,,,,,,,,,,,,2,,,,OWN-0589,PCL-0652,,,PRJ-005,,,in_progress,,,,,,,36000,,,,,,,,,,,True,False
rr_family,RRF-0131,,,,,,,,,,,,,,,,False,True,RRF-0131,,,,,,,,,,,,,2,,,,OWN-0185,PCL-0550,,,PRJ-004,,,completed,,,,,,,42000,,,,,,,,,,,False,False
rr_family,RRF-0132,,,,,,,,,,,,,,,,True,True,RRF-0132,,,,,,,,,,,,,5,,,,OWN-0113,PCL-0743,,,PRJ-005,,,pending,,,,,,,50000,,,,,,,,,,,True,False
rr_family,RRF-0133,,,,,,,,,,,,,,,,True,True,RRF-0133,,,,,,,,,,,,,3,,,,OWN-0660,PCL-0675,,,PRJ-005,,,pending,,,,,,,36000,,,,,,,,,,,False,True
rr_family,RRF-0134,,,,,,,,,,,,,,,,False,True,RRF-0134,,,,,,,,,,,,,5,,,,OWN-0353,PCL-0203,,,PRJ-002,,,in_progress,,,,,,,0,,,,,,,,,,,True,False
rr_family,RRF-0135,,,,,,,,,,,,,,,,True,True,RRF-0135,,,,,,,,,,,,,4,,,,OWN-0164,PCL-0586,,,PRJ-004,,,in_progress,,,,,,,50000,,,,,,,,,,,False,True
rr_family,RRF-0136,,,,,,,,,,,,,,,,False,True,RRF-0136,,,,,,,,,,,,,2,,,,OWN-0315,PCL-0339,,,PRJ-002,,,pending,,,,,,,36000,,,,,,,,,,,False,False
rr_family,RRF-0137,,,,,,,,,,,,,,,,False,False,RRF-0137,,,,,,,,,,,,,3,,,,OWN-0506,PCL-0453,,,PRJ-003,,,pending,,,,,,,50000,,,,,,,,,,,False,False
rr_family,RRF-0138,,,,,,,,,,,,,,,,False,True,RRF-0138,,,,,,,,,,,,,6,,,,OWN-0205,PCL-0226,,,PRJ-002,,,completed,,,,,,,42000,,,,,,,,,,,True,False
rr_family,RRF-0139,,,,,,,,,,,,,,,,False,False,RRF-0139,,,,,,,,,,,,,2,,,,OWN-0186,PCL-0216,,,PRJ-002,,,completed,,,,,,,42000,,,,,,,,,,,False,True
rr_family,RRF-0140,,,,,,,,,,,,,,,,False,True,RRF-0140,,,,,,,,,,,,,5,,,,OWN-0224,PCL-0463,,,PRJ-003,,,completed,,,,,,,42000,,,,,,,,,,,True,False
rr_family,RRF-0141,,,,,,,,,,,,,,,,True,True,RRF-0141,,,,,,,,,,,,,6,,,,OWN-0067,PCL-0606,,,PRJ-004,,,in_progress,,,,,,,0,,,,,,,,,,,True,False
rr_family,RRF-0142,,,,,,,,,,,,,,,,True,True,RRF-0142,,,,,,,,,,,,,6,,,,OWN-0547,PCL-0791,,,PRJ-006,,,pending,,,,,,,50000,,,,,,,,,,,True,False
rr_family,RRF-0143,,,,,,,,,,,,,,,,True,True,RRF-0143,,,,,,,,,,,,,3,,,,OWN-0215,PCL-0559,,,PRJ-004,,,in_progress,,,,,,,36000,,,,,,,,,,,False,False
rr_family,RRF-0144,,,,,,,,,,,,,,,,False,True,RRF-0144,,,,,,,,,,,,,2,,,,OWN-0463,PCL-0373,,,PRJ-003,,,in_progress,,,,,,,36000,,,,,,,,,,,False,False
rr_family,RRF-0145,,,,,,,,,,,,,,,,False,True,RRF-0145,,,,,,,,,,,,,3,,,,OWN-0063,PCL-0881,,,PRJ-006,,,in_progress,,,,,,,50000,,,,,,,,,,,False,True
rr_family,RRF-0146,,,,,,,,,,,,,,,,False,False,RRF-0146,,,,,,,,,,,,,2,,,,OWN-0099,PCL-0109,,,PRJ-001,,,in_progress,,,,,,,0,,,,,,,,,,,False,True
rr_family,RRF-0147,,,,,,,,,,,,,,,,False,False,RRF-0147,,,,,,,,,,,,,6,,,,OWN-0495,PCL-0096,,,PRJ-001,,,in_progress,,,,,,,42000,,,,,,,,,,,True,False
rr_family,RRF-0148,,,,,,,,,,,,,,,,False,False,RRF-0148,,,,,,,,,,,,,3,,,,OWN-0186,PCL-0410,,,PRJ-003,,,pending,,,,,,,36000,,,,,,,,,,,True,False
rr_family,RRF-0149,,,,,,,,,,,,,,,,False,True,RRF-0149,,,,,,,,,,,,,4,,,,OWN-0140,PCL-0198,,,PRJ-002,,,completed,,,,,,,50000,,,,,,,,,,,True,False
rr_family,RRF-0150,,,,,,,,,,,,,,,,True,False,RRF-0150,,,,,,,,,,,,,7,,,,OWN-0531,PCL-0309,,,PRJ-002,,,pending,,,,,,,0,,,,,,,,,,,False,False
rr_family,RRF-0151,,,,,,,,,,,,,,,,True,True,RRF-0151,,,,,,,,,,,,,2,,,,OWN-0023,PCL-0248,,,PRJ-002,,,completed,,,,,,,42000,,,,,,,,,,,False,False
rr_family,RRF-0152,,,,,,,,,,,,,,,,False,True,RRF-0152,,,,,,,,,,,,,4,,,,OWN-0004,PCL-0633,,,PRJ-004,,,completed,,,,,,,0,,,,,,,,,,,False,False
rr_family,RRF-0153,,,,,,,,,,,,,,,,True,False,RRF-0153,,,,,,,,,,,,,2,,,,OWN-0614,PCL-0578,,,PRJ-004,,,completed,,,,,,,50000,,,,,,,,,,,False,False
rr_family,RRF-0154,,,,,,,,,,,,,,,,False,True,RRF-0154,,,,,,,,,,,,,4,,,,OWN-0499,PCL-0164,,,PRJ-001,,,in_progress,,,,,,,42000,,,,,,,,,,,False,False
rr_family,RRF-0155,,,,,,,,,,,,,,,,False,True,RRF-0155,,,,,,,,,,,,,4,,,,OWN-0489,PCL-0030,,,PRJ-001,,,completed,,,,,,,36000,,,,,,,,,,,False,False
rr_family,RRF-0156,,,,,,,,,,,,,,,,True,False,RRF-0156,,,,,,,,,,,,,3,,,,OWN-0387,PCL-0522,,,PRJ-004,,,in_progress,,,,,,,42000,,,,,,,,,,,True,False
rr_family,RRF-0157,,,,,,,,,,,,,,,,False,False,RRF-0157,,,,,,,,,,,,,7,,,,OWN-0137,PCL-0383,,,PRJ-003,,,in_progress,,,,,,,0,,,,,,,,,,,False,True
rr_family,RRF-0158,,,,,,,,,,,,,,,,True,False,RRF-0158,,,,,,,,,,,,,7,,,,OWN-0381,PCL-0823,,,PRJ-006,,,pending,,,,,,,42000,,,,,,,,,,,False,False
rr_family,RRF-0159,,,,,,,,,,,,,,,,True,False,RRF-0159,,,,,,,,,,,,,2,,,,OWN-0428,PCL-0845,,,PRJ-006,,,in_progress,,,,,,,36000,,,,,,,,,,,False,False
rr_family,RRF-0160,,,,,,,,,,,,,,,,False,True,RRF-0160,,,,,,,,,,,,,5,,,,OWN-0537,PCL-0770,,,PRJ-006,,,completed,,,,,,,0,,,,,,,,,,,False,False
rr_family,RRF-0161,,,,,,,,,,,,,,,,False,False,RRF-0161,,,,,,,,,,,,,7,,,,OWN-0629,PCL-0120,,,PRJ-001,,,pending,,,,,,,50000,,,,,,,,,,,True,False
rr_family,RRF-0162,,,,,,,,,,,,,,,,True,True,RRF-0162,,,,,,,,,,,,,3,,,,OWN-0436,PCL-0366,,,PRJ-003,,,in_progress,,,,,,,42000,,,,,,,,,,,True,False
rr_family,RRF-0163,,,,,,,,,,,,,,,,True,True,RRF-0163,,,,,,,,,,,,,2,,,,OWN-0363,PCL-0354,,,PRJ-003,,,in_progress,,,,,,,42000,,,,,,,,,,,False,False
rr_family,RRF-0164,,,,,,,,,,,,,,,,True,True,RRF-0164,,,,,,,,,,,,,7,,,,OWN-0637,PCL-0298,,,PRJ-002,,,in_progress,,,,,,,50000,,,,,,,,,,,False,False
rr_family,RRF-0165,,,,,,,,,,,,,,,,False,False,RRF-0165,,,,,,,,,,,,,7,,,,OWN-0391,PCL-0713,,,PRJ-005,,,pending,,,,,,,36000,,,,,,,,,,,False,True
rr_family,RRF-0166,,,,,,,,,,,,,,,,False,True,RRF-0166,,,,,,,,,,,,,6,,,,OWN-0316,PCL-0872,,,PRJ-006,,,in_progress,,,,,,,36000,,,,,,,,,,,False,False
rr_family,RRF-0167,,,,,,,,,,,,,,,,False,False,RRF-0167,,,,,,,,,,,,,4,,,,OWN-0292,PCL-0141,,,PRJ-001,,,in_progress,,,,,,,50000,,,,,,,,,,,False,False
rr_family,RRF-0168,,,,,,,,,,,,,,,,True,True,RRF-0168,,,,,,,,,,,,,3,,,,OWN-0660,PCL-0694,,,PRJ-005,,,in_progress,,,,,,,50000,,,,,,,,,,,False,False
rr_family,RRF-0169,,,,,,,,,,,,,,,,False,True,RRF-0169,,,,,,,,,,,,,3,,,,OWN-0185,PCL-0663,,,PRJ-005,,,in_progress,,,,,,,0,,,,,,,,,,,False,False
rr_family,RRF-0170,,,,,,,,,,,,,,,,False,True,RRF-0170,,,,,,,,,,,,,2,,,,OWN-0608,PCL-0441,,,PRJ-003,,,pending,,,,,,,50000,,,,,,,,,,,True,False
rr_family,RRF-0171,,,,,,,,,,,,,,,,False,True,RRF-0171,,,,,,,,,,,,,2,,,,OWN-0694,PCL-0321,,,PRJ-002,,,pending,,,,,,,42000,,,,,,,,,,,False,False
rr_family,RRF-0172,,,,,,,,,,,,,,,,True,True,RRF-0172,,,,,,,,,,,,,7,,,,OWN-0132,PCL-0846,,,PRJ-006,,,in_progress,,,,,,,50000,,,,,,,,,,,False,False
rr_family,RRF-0173,,,,,,,,,,,,,,,,True,True,RRF-0173,,,,,,,,,,,,,5,,,,OWN-0340,PCL-0674,,,PRJ-005,,,pending,,,,,,,50000,,,,,,,,,,,False,False
rr_family,RRF-0174,,,,,,,,,,,,,,,,False,True,RRF-0174,,,,,,,,,,,,,5,,,,OWN-0548,PCL-0452,,,PRJ-003,,,pending,,,,,,,36000,,,,,,,,,,,False,False
rr_family,RRF-0175,,,,,,,,,,,,,,,,True,True,RRF-0175,,,,,,,,,,,,,2,,,,OWN-0244,PCL-0212,,,PRJ-002,,,in_progress,,,,,,,36000,,,,,,,,,,,True,False
rr_family,RRF-0176,,,,,,,,,,,,,,,,True,False,RRF-0176,,,,,,,,,,,,,7,,,,OWN-0358,PCL-0312,,,PRJ-002,,,in_progress,,,,,,,0,,,,,,,,,,,False,False
rr_family,RRF-0177,,,,,,,,,,,,,,,,True,False,RRF-0177,,,,,,,,,,,,,6,,,,OWN-0244,PCL-0244,,,PRJ-002,,,pending,,,,,,,0,,,,,,,,,,,True,False
rr_family,RRF-0178,,,,,,,,,,,,,,,,False,True,RRF-0178,,,,,,,,,,,,,4,,,,OWN-0351,PCL-0649,,,PRJ-005,,,completed,,,,,,,36000,,,,,,,,,,,False,False
rr_family,RRF-0179,,,,,,,,,,,,,,,,False,False,RRF-0179,,,,,,,,,,,,,3,,,,OWN-0593,PCL-0330,,,PRJ-002,,,in_progress,,,,,,,36000,,,,,,,,,,,False,True
rr_family,RRF-0180,,,,,,,,,,,,,,,,True,True,RRF-0180,,,,,,,,,,,,,6,,,,OWN-0164,PCL-0007,,,PRJ-001,,,in_progress,,,,,,,42000,,,,,,,,,,,False,False
grievance,GRV-001,,,,,,,,,,,,,,,,,,,2026-05-11,,,,GRV-001,,,,,,,,,,,,OWN-0660,PCL-0675,,,PRJ-005,,,,,,,,,under_review,,,,,Ownership/title dispute,,,,,,,,
grievance,GRV-002,,,,,,,,,,,,,,,,,,,2025-09-08,,,,GRV-002,,,,,,,,,,,,OWN-0239,PCL-0594,,,PRJ-004,,,,,,,,,resolved,,,,,Ownership/title dispute,,,,,,,,
grievance,GRV-003,,,,,,,,,,,,,,,,,,,2026-03-31,,,,GRV-003,,,,,,,,,,,,OWN-0387,PCL-0190,,,PRJ-002,,,,,,,,,under_review,,,,,Boundary/survey discrepancy,,,,,,,,
grievance,GRV-004,,,,,,,,,,,,,,,,,,,2026-05-19,,,,GRV-004,,,,,,,,,,,,OWN-0041,PCL-0374,,,PRJ-003,,,,,,,,,open,,,,,Ownership/title dispute,,,,,,,,
grievance,GRV-005,,,,,,,,,,,,,,,,,,,2026-02-21,,,,GRV-005,,,,,,,,,,,,OWN-0170,PCL-0705,,,PRJ-005,,,,,,,,,open,,,,,Compensation amount dispute,,,,,,,,
grievance,GRV-006,,,,,,,,,,,,,,,,,,,2026-06-28,,,,GRV-006,,,,,,,,,,,,OWN-0586,PCL-0516,,,PRJ-004,,,,,,,,,open,,,,,Boundary/survey discrepancy,,,,,,,,
grievance,GRV-007,,,,,,,,,,,,,,,,,,,2026-05-05,,,,GRV-007,,,,,,,,,,,,OWN-0279,PCL-0548,,,PRJ-004,,,,,,,,,open,,,,,R&R entitlement not honoured,,,,,,,,
grievance,GRV-008,,,,,,,,,,,,,,,,,,,2026-05-30,,,,GRV-008,,,,,,,,,,,,OWN-0348,PCL-0256,,,PRJ-002,,,,,,,,,under_review,,,,,Boundary/survey discrepancy,,,,,,,,
grievance,GRV-009,,,,,,,,,,,,,,,,,,,2026-07-10,,,,GRV-009,,,,,,,,,,,,OWN-0315,PCL-0035,,,PRJ-001,,,,,,,,,under_review,,,,,R&R entitlement not honoured,,,,,,,,
grievance,GRV-010,,,,,,,,,,,,,,,,,,,2026-07-29,,,,GRV-010,,,,,,,,,,,,OWN-0276,PCL-0180,,,PRJ-002,,,,,,,,,under_review,,,,,Ownership/title dispute,,,,,,,,
grievance,GRV-011,,,,,,,,,,,,,,,,,,,2026-06-18,,,,GRV-011,,,,,,,,,,,,OWN-0191,PCL-0091,,,PRJ-001,,,,,,,,,under_review,,,,,Delay in possession,,,,,,,,
grievance,GRV-012,,,,,,,,,,,,,,,,,,,2026-06-12,,,,GRV-012,,,,,,,,,,,,OWN-0512,PCL-0205,,,PRJ-002,,,,,,,,,under_review,,,,,Compensation amount dispute,,,,,,,,
grievance,GRV-013,,,,,,,,,,,,,,,,,,,2026-04-18,,,,GRV-013,,,,,,,,,,,,OWN-0562,PCL-0408,,,PRJ-003,,,,,,,,,open,,,,,Boundary/survey discrepancy,,,,,,,,
grievance,GRV-014,,,,,,,,,,,,,,,,,,,2026-04-06,,,,GRV-014,,,,,,,,,,,,OWN-0589,PCL-0499,,,PRJ-003,,,,,,,,,under_review,,,,,Notice not received,,,,,,,,
grievance,GRV-015,,,,,,,,,,,,,,,,,,,2026-07-01,,,,GRV-015,,,,,,,,,,,,OWN-0482,PCL-0065,,,PRJ-001,,,,,,,,,under_review,,,,,Boundary/survey discrepancy,,,,,,,,
grievance,GRV-016,,,,,,,,,,,,,,,,,,,2026-04-04,,,,GRV-016,,,,,,,,,,,,OWN-0317,PCL-0418,,,PRJ-003,,,,,,,,,under_review,,,,,Boundary/survey discrepancy,,,,,,,,
grievance,GRV-017,,,,,,,,,,,,,,,,,,,2025-11-29,,,,GRV-017,,,,,,,,,,,,OWN-0656,PCL-0053,,,PRJ-001,,,,,,,,,open,,,,,Boundary/survey discrepancy,,,,,,,,
grievance,GRV-018,,,,,,,,,,,,,,,,,,,2025-11-25,,,,GRV-018,,,,,,,,,,,,OWN-0230,PCL-0668,,,PRJ-005,,,,,,,,,under_review,,,,,R&R entitlement not honoured,,,,,,,,
grievance,GRV-019,,,,,,,,,,,,,,,,,,,2026-04-01,,,,GRV-019,,,,,,,,,,,,OWN-0012,PCL-0245,,,PRJ-002,,,,,,,,,open,,,,,Ownership/title dispute,,,,,,,,
grievance,GRV-020,,,,,,,,,,,,,,,,,,,2025-10-14,,,,GRV-020,,,,,,,,,,,,OWN-0061,PCL-0251,,,PRJ-002,,,,,,,,,under_review,,,,,Delay in possession,,,,,,,,
grievance,GRV-021,,,,,,,,,,,,,,,,,,,2026-08-11,,,,GRV-021,,,,,,,,,,,,OWN-0092,PCL-0319,,,PRJ-002,,,,,,,,,under_review,,,,,R&R entitlement not honoured,,,,,,,,
grievance,GRV-022,,,,,,,,,,,,,,,,,,,2025-09-27,,,,GRV-022,,,,,,,,,,,,OWN-0271,PCL-0075,,,PRJ-001,,,,,,,,,resolved,,,,,Boundary/survey discrepancy,,,,,,,,
grievance,GRV-023,,,,,,,,,,,,,,,,,,,2026-06-10,,,,GRV-023,,,,,,,,,,,,OWN-0583,PCL-0744,,,PRJ-005,,,,,,,,,open,,,,,R&R entitlement not honoured,,,,,,,,
grievance,GRV-024,,,,,,,,,,,,,,,,,,,2026-08-14,,,,GRV-024,,,,,,,,,,,,OWN-0488,PCL-0485,,,PRJ-003,,,,,,,,,under_review,,,,,Compensation amount dispute,,,,,,,,
grievance,GRV-025,,,,,,,,,,,,,,,,,,,2026-05-10,,,,GRV-025,,,,,,,,,,,,OWN-0628,PCL-0778,,,PRJ-006,,,,,,,,,open,,,,,R&R entitlement not honoured,,,,,,,,
grievance,GRV-026,,,,,,,,,,,,,,,,,,,2026-01-20,,,,GRV-026,,,,,,,,,,,,OWN-0500,PCL-0534,,,PRJ-004,,,,,,,,,open,,,,,Compensation amount dispute,,,,,,,,
grievance,GRV-027,,,,,,,,,,,,,,,,,,,2026-06-15,,,,GRV-027,,,,,,,,,,,,OWN-0010,PCL-0466,,,PRJ-003,,,,,,,,,open,,,,,Boundary/survey discrepancy,,,,,,,,
grievance,GRV-028,,,,,,,,,,,,,,,,,,,2026-01-29,,,,GRV-028,,,,,,,,,,,,OWN-0568,PCL-0414,,,PRJ-003,,,,,,,,,resolved,,,,,Notice not received,,,,,,,,
grievance,GRV-029,,,,,,,,,,,,,,,,,,,2025-11-21,,,,GRV-029,,,,,,,,,,,,OWN-0140,PCL-0014,,,PRJ-001,,,,,,,,,open,,,,,Compensation amount dispute,,,,,,,,
grievance,GRV-030,,,,,,,,,,,,,,,,,,,2025-12-13,,,,GRV-030,,,,,,,,,,,,OWN-0457,PCL-0159,,,PRJ-001,,,,,,,,,resolved,,,,,Ownership/title dispute,,,,,,,,
document,DOC-0001,,,,,,,,,,,,Possession_Certificate,DOC-0001,,,,,,,Possession_Certificate_PCL-0132_v1.pdf,,,,,,,,,,,,,,,,PCL-0132,,,PRJ-001,,,,539c2feff7d5239a11d2c692826127b76efc6d1656fc63801fb5e5f762e1198e,,,,,,,,,,,,Landowner,2025-12-18,1,,,,
document,DOC-0002,,,,,,,,,,,,Objection_Reply,DOC-0002,,,,,,,Objection_Reply_PCL-0292_v1.pdf,,,,,,,,,,,,,,,,PCL-0292,,,PRJ-002,,,,210bf3280427fd0f4f89a677623a8d00aba7207f0140fba7143a1c9ebe668add,,,,,,,,,,,,District Collector / CALA,2025-09-06,1,,,,
document,DOC-0003,,,,,,,,,,,,Objection_Reply,DOC-0003,,,,,,,Objection_Reply_PCL-0562_v2.pdf,,,,,,,,,,,,,,,,PCL-0562,,,PRJ-004,,,,0de4cfd1fbf94e6fac5f89884e32bc6a4ae64082f61bca907ff59b45312a028e,,,,,,,,,,,,District Collector / CALA,2026-02-22,2,,,,
document,DOC-0004,,,,,,,,,,,,Possession_Certificate,DOC-0004,,,,,,,Possession_Certificate_PCL-0458_v1.pdf,,,,,,,,,,,,,,,,PCL-0458,,,PRJ-003,,,,5fcba9116258b513c3ab84d5a061502ebc2dc2778845c4cb1ccd5b77224a6332,,,,,,,,,,,,Field Officer,2026-02-09,1,,,,
document,DOC-0005,,,,,,,,,,,,Possession_Certificate,DOC-0005,,,,,,,Possession_Certificate_PCL-0315_v1.pdf,,,,,,,,,,,,,,,,PCL-0315,,,PRJ-002,,,,c59a119b32e504a02afffb550272e1a59987d926cb2f38335b1efe46b4ced3cc,,,,,,,,,,,,Field Officer,2025-10-30,1,,,,
document,DOC-0006,,,,,,,,,,,,Preliminary_Notification,DOC-0006,,,,,,,Preliminary_Notification_PCL-0516_v2.pdf,,,,,,,,,,,,,,,,PCL-0516,,,PRJ-004,,,,f36e052b2addb4c2012a8622a846275a0e55006043867c071dfefc69e2d98cc9,,,,,,,,,,,,District Collector / CALA,2025-09-15,2,,,,
document,DOC-0007,,,,,,,,,,,,Objection_Reply,DOC-0007,,,,,,,Objection_Reply_PCL-0338_v2.pdf,,,,,,,,,,,,,,,,PCL-0338,,,PRJ-002,,,,6b47a755b3c9d3911553b883c8506eb6f44ab8b6dcaa58f8a175c3ca1f4d64ed,,,,,,,,,,,,Landowner,2025-10-30,2,,,,
document,DOC-0008,,,,,,,,,,,,Possession_Certificate,DOC-0008,,,,,,,Possession_Certificate_PCL-0413_v1.pdf,,,,,,,,,,,,,,,,PCL-0413,,,PRJ-003,,,,ed5f1ff3f89fe90a138dbe54b369dba8243d0d9e377e1367f48a69e48b6e8833,,,,,,,,,,,,Field Officer,2025-12-09,1,,,,
document,DOC-0009,,,,,,,,,,,,Preliminary_Notification,DOC-0009,,,,,,,Preliminary_Notification_PCL-0191_v2.pdf,,,,,,,,,,,,,,,,PCL-0191,,,PRJ-002,,,,240f334c1a76dbd947017d9078eb13ccc3edaef9db554d228a35cd63900a9140,,,,,,,,,,,,Landowner,2026-03-27,2,,,,
document,DOC-0010,,,,,,,,,,,,Preliminary_Notification,DOC-0010,,,,,,,Preliminary_Notification_PCL-0220_v1.pdf,,,,,,,,,,,,,,,,PCL-0220,,,PRJ-002,,,,b96b9f9a5afe84e5db1e7386b3552ea5a1707542bead89be612ad210901165e9,,,,,,,,,,,,Field Officer,2026-01-28,1,,,,
document,DOC-0011,,,,,,,,,,,,Objection_Reply,DOC-0011,,,,,,,Objection_Reply_PCL-0836_v1.pdf,,,,,,,,,,,,,,,,PCL-0836,,,PRJ-006,,,,0d97e6ea67cd1e9117e10872c630d3f7f428ed33b485a861205cc95c23fefe86,,,,,,,,,,,,Landowner,2026-07-05,1,,,,
document,DOC-0012,,,,,,,,,,,,Possession_Certificate,DOC-0012,,,,,,,Possession_Certificate_PCL-0460_v1.pdf,,,,,,,,,,,,,,,,PCL-0460,,,PRJ-003,,,,a10ab42f2be4a846385d8253619734ed3ad495673516fc42d21b485be0cb5856,,,,,,,,,,,,District Collector / CALA,2026-01-29,1,,,,
document,DOC-0013,,,,,,,,,,,,Award_Order,DOC-0013,,,,,,,Award_Order_PCL-0558_v1.pdf,,,,,,,,,,,,,,,,PCL-0558,,,PRJ-004,,,,8a0b621444fb75d77f59fb06028125a8a92d0c7e2a024fb7b52777b3c4ac5cf4,,,,,,,,,,,,Landowner,2026-07-15,1,,,,
document,DOC-0014,,,,,,,,,,,,Possession_Certificate,DOC-0014,,,,,,,Possession_Certificate_PCL-0663_v1.pdf,,,,,,,,,,,,,,,,PCL-0663,,,PRJ-005,,,,76876ca7ee321c79aa931dcf17d050b2a7fdc53a8a5c7ad9940fbd6b086a9016,,,,,,,,,,,,Landowner,2026-02-18,1,,,,
document,DOC-0015,,,,,,,,,,,,Ownership_Proof,DOC-0015,,,,,,,Ownership_Proof_PCL-0570_v1.pdf,,,,,,,,,,,,,,,,PCL-0570,,,PRJ-004,,,,c9b3a4cfe4bb039ce9f74b87dd16e4c6f9367eab58d7199353a061aba4ab04a9,,,,,,,,,,,,Field Officer,2026-03-21,1,,,,
document,DOC-0016,,,,,,,,,,,,Ownership_Proof,DOC-0016,,,,,,,Ownership_Proof_PCL-0436_v1.pdf,,,,,,,,,,,,,,,,PCL-0436,,,PRJ-003,,,,114e87d4ebad872d5a5d8ac01101ab3cd1f2626f308c36a6ba2fb3e0f836a218,,,,,,,,,,,,Landowner,2026-06-12,1,,,,
document,DOC-0017,,,,,,,,,,,,Award_Order,DOC-0017,,,,,,,Award_Order_PCL-0720_v1.pdf,,,,,,,,,,,,,,,,PCL-0720,,,PRJ-005,,,,5410f828b9bf8187e185c17b4b41cdb1424e1099a5e828f2a5812f799bde08e8,,,,,,,,,,,,Project Implementing Body,2026-04-02,1,,,,
document,DOC-0018,,,,,,,,,,,,Preliminary_Notification,DOC-0018,,,,,,,Preliminary_Notification_PCL-0072_v1.pdf,,,,,,,,,,,,,,,,PCL-0072,,,PRJ-001,,,,21b715fc0134d35b55a4d65b3ae05efd6d0ce648aeae121b3043ecb647d5eb95,,,,,,,,,,,,Project Implementing Body,2025-12-30,1,,,,
document,DOC-0019,,,,,,,,,,,,Ownership_Proof,DOC-0019,,,,,,,Ownership_Proof_PCL-0492_v1.pdf,,,,,,,,,,,,,,,,PCL-0492,,,PRJ-003,,,,4fba72316bea1383c448f1c14e077b32f2b9808d6bf8a6c855f3402a0feacec3,,,,,,,,,,,,Field Officer,2026-07-09,1,,,,
document,DOC-0020,,,,,,,,,,,,Objection_Reply,DOC-0020,,,,,,,Objection_Reply_PCL-0227_v2.pdf,,,,,,,,,,,,,,,,PCL-0227,,,PRJ-002,,,,7f6079e779d9ddefc21853bd3f54fc8178eafb932999487298da007a3fddfe97,,,,,,,,,,,,Landowner,2026-03-13,2,,,,
document,DOC-0021,,,,,,,,,,,,Objection_Reply,DOC-0021,,,,,,,Objection_Reply_PCL-0823_v1.pdf,,,,,,,,,,,,,,,,PCL-0823,,,PRJ-006,,,,ec4871310ea5968ce02bd7d83fbb275080f86a86c6cf8315befcbee470e662db,,,,,,,,,,,,District Collector / CALA,2026-05-22,1,,,,
document,DOC-0022,,,,,,,,,,,,Possession_Certificate,DOC-0022,,,,,,,Possession_Certificate_PCL-0821_v1.pdf,,,,,,,,,,,,,,,,PCL-0821,,,PRJ-006,,,,b1ebfa5b0c2bed4228b9e954f5d0b7559849b463ee89d9ca45f3ce15d208dd0a,,,,,,,,,,,,District Collector / CALA,2026-01-26,1,,,,
document,DOC-0023,,,,,,,,,,,,Preliminary_Notification,DOC-0023,,,,,,,Preliminary_Notification_PCL-0134_v1.pdf,,,,,,,,,,,,,,,,PCL-0134,,,PRJ-001,,,,e5ac96428f1f9508fecf0eecd6683d36f58fa808701bbd0013cba7d26c77fcc7,,,,,,,,,,,,District Collector / CALA,2025-12-08,1,,,,
document,DOC-0024,,,,,,,,,,,,Possession_Certificate,DOC-0024,,,,,,,Possession_Certificate_PCL-0817_v1.pdf,,,,,,,,,,,,,,,,PCL-0817,,,PRJ-006,,,,5136a100afc75dc3c0f60c2ab7feb2b3c044af9b9d601ac64563ccbc23725fa2,,,,,,,,,,,,Field Officer,2026-05-28,1,,,,
document,DOC-0025,,,,,,,,,,,,Possession_Certificate,DOC-0025,,,,,,,Possession_Certificate_PCL-0463_v1.pdf,,,,,,,,,,,,,,,,PCL-0463,,,PRJ-003,,,,8fedc9f8d040caf5335ccec6864e17389272235e46ac4d7a9c1b4291866f0fe5,,,,,,,,,,,,Field Officer,2025-10-24,1,,,,
document,DOC-0026,,,,,,,,,,,,Award_Order,DOC-0026,,,,,,,Award_Order_PCL-0471_v2.pdf,,,,,,,,,,,,,,,,PCL-0471,,,PRJ-003,,,,d66ba691ad8d8653d5b62ef9e48b566801a6b45829ecfcbfee052ebc7a6a3e69,,,,,,,,,,,,District Collector / CALA,2026-06-16,2,,,,
document,DOC-0027,,,,,,,,,,,,Award_Order,DOC-0027,,,,,,,Award_Order_PCL-0418_v2.pdf,,,,,,,,,,,,,,,,PCL-0418,,,PRJ-003,,,,ddcd04ec820c2fbfefd7746b371eae4a4d94857450897925214f33e370e3c4fc,,,,,,,,,,,,District Collector / CALA,2025-11-24,2,,,,
document,DOC-0028,,,,,,,,,,,,Award_Order,DOC-0028,,,,,,,Award_Order_PCL-0026_v1.pdf,,,,,,,,,,,,,,,,PCL-0026,,,PRJ-001,,,,1a0e9482eaed11c7e600fcf2d5579e25886e88e3bfe5ae0519473fa19e2b01be,,,,,,,,,,,,District Collector / CALA,2026-07-05,1,,,,
document,DOC-0029,,,,,,,,,,,,Objection_Reply,DOC-0029,,,,,,,Objection_Reply_PCL-0721_v1.pdf,,,,,,,,,,,,,,,,PCL-0721,,,PRJ-005,,,,445944615a061555b10eb1706390544ae28b6c2ca812ad63f34f667b7e41f5d7,,,,,,,,,,,,Field Officer,2025-12-20,1,,,,
document,DOC-0030,,,,,,,,,,,,Preliminary_Notification,DOC-0030,,,,,,,Preliminary_Notification_PCL-0426_v1.pdf,,,,,,,,,,,,,,,,PCL-0426,,,PRJ-003,,,,0c461b070bad91990ab11401c1a410202d9a1b771d3817be7f83b4b8de2cf114,,,,,,,,,,,,District Collector / CALA,2025-12-11,1,,,,
document,DOC-0031,,,,,,,,,,,,Compensation_Statement,DOC-0031,,,,,,,Compensation_Statement_PCL-0777_v1.pdf,,,,,,,,,,,,,,,,PCL-0777,,,PRJ-006,,,,028f48f8ea0fde599dcf3e3d019be93b15dceb96e55cd6fa306ab78fb92f096a,,,,,,,,,,,,Field Officer,2026-04-14,1,,,,
document,DOC-0032,,,,,,,,,,,,Survey_Report,DOC-0032,,,,,,,Survey_Report_PCL-0193_v1.pdf,,,,,,,,,,,,,,,,PCL-0193,,,PRJ-002,,,,5d99945bb0ab6904b4e7c4488d009e03a2e6ad2222dce659a14ca4ea23ba4639,,,,,,,,,,,,District Collector / CALA,2026-05-02,1,,,,
document,DOC-0033,,,,,,,,,,,,Award_Order,DOC-0033,,,,,,,Award_Order_PCL-0626_v1.pdf,,,,,,,,,,,,,,,,PCL-0626,,,PRJ-004,,,,595fbbe0c636b3d30dce13439db08e637ba4a91ce33245b50913c751f96d32f9,,,,,,,,,,,,Landowner,2026-03-18,1,,,,
document,DOC-0034,,,,,,,,,,,,Ownership_Proof,DOC-0034,,,,,,,Ownership_Proof_PCL-0666_v2.pdf,,,,,,,,,,,,,,,,PCL-0666,,,PRJ-005,,,,6c02c06f890ae3ce7e8edc379c9f5d788233263a7c499e2ae77c344aafd03531,,,,,,,,,,,,Project Implementing Body,2026-01-06,2,,,,
document,DOC-0035,,,,,,,,,,,,Preliminary_Notification,DOC-0035,,,,,,,Preliminary_Notification_PCL-0704_v2.pdf,,,,,,,,,,,,,,,,PCL-0704,,,PRJ-005,,,,dd05eba4292ab50cd766be6dacc05c10618c645738f9655d27a6d93b0c5a9a61,,,,,,,,,,,,Project Implementing Body,2026-04-03,2,,,,
document,DOC-0036,,,,,,,,,,,,Compensation_Statement,DOC-0036,,,,,,,Compensation_Statement_PCL-0340_v2.pdf,,,,,,,,,,,,,,,,PCL-0340,,,PRJ-002,,,,df47592415563b72cb246a91dffbc498e1085cbdfa7abdd97d5249433f0d88fc,,,,,,,,,,,,Project Implementing Body,2026-04-15,2,,,,
document,DOC-0037,,,,,,,,,,,,Objection_Reply,DOC-0037,,,,,,,Objection_Reply_PCL-0656_v1.pdf,,,,,,,,,,,,,,,,PCL-0656,,,PRJ-005,,,,dc667986f65f6efad02ca9c05893fe3afa09152ddd550be0bf009785192a76a8,,,,,,,,,,,,Field Officer,2025-10-26,1,,,,
document,DOC-0038,,,,,,,,,,,,Ownership_Proof,DOC-0038,,,,,,,Ownership_Proof_PCL-0068_v1.pdf,,,,,,,,,,,,,,,,PCL-0068,,,PRJ-001,,,,386c33e637b6897872d4d252ec4f981e23523a97604cb95c9aea827cf8ea3a33,,,,,,,,,,,,Field Officer,2025-10-21,1,,,,
document,DOC-0039,,,,,,,,,,,,Award_Order,DOC-0039,,,,,,,Award_Order_PCL-0723_v2.pdf,,,,,,,,,,,,,,,,PCL-0723,,,PRJ-005,,,,e37396a945315b97edb8dc9fe21220f0ec7bba2e5e99e631d8eaedf4835283c8,,,,,,,,,,,,Landowner,2026-04-22,2,,,,
document,DOC-0040,,,,,,,,,,,,Possession_Certificate,DOC-0040,,,,,,,Possession_Certificate_PCL-0246_v2.pdf,,,,,,,,,,,,,,,,PCL-0246,,,PRJ-002,,,,f873c86b98c549de5a78f337fb9e2b0eb4fa6a3303069050d0b5febd67d2c598,,,,,,,,,,,,Landowner,2026-07-08,2,,,,
document,DOC-0041,,,,,,,,,,,,Compensation_Statement,DOC-0041,,,,,,,Compensation_Statement_PCL-0876_v1.pdf,,,,,,,,,,,,,,,,PCL-0876,,,PRJ-006,,,,a2d5b6ec89402de36a3fcfda23bb0fb0879b5c5a2dd29118bb6c35a8626ce31b,,,,,,,,,,,,Project Implementing Body,2025-11-07,1,,,,
document,DOC-0042,,,,,,,,,,,,Compensation_Statement,DOC-0042,,,,,,,Compensation_Statement_PCL-0571_v2.pdf,,,,,,,,,,,,,,,,PCL-0571,,,PRJ-004,,,,972d50b70bfb3dcd97c2d22032a89b209daadf889a8cb270bfc1377edb8b1a95,,,,,,,,,,,,Landowner,2025-12-21,2,,,,
document,DOC-0043,,,,,,,,,,,,Possession_Certificate,DOC-0043,,,,,,,Possession_Certificate_PCL-0583_v1.pdf,,,,,,,,,,,,,,,,PCL-0583,,,PRJ-004,,,,70a31ae3c8e1ae3b5b0567cd7bc0392e780728c01f58f4a9030494c72a7e2581,,,,,,,,,,,,Landowner,2026-04-30,1,,,,
document,DOC-0044,,,,,,,,,,,,Compensation_Statement,DOC-0044,,,,,,,Compensation_Statement_PCL-0597_v1.pdf,,,,,,,,,,,,,,,,PCL-0597,,,PRJ-004,,,,0f4bb6f267a566fbce5d9684774a4961095838b41e8643281ad2b38172e5bce4,,,,,,,,,,,,Landowner,2026-06-26,1,,,,
document,DOC-0045,,,,,,,,,,,,Preliminary_Notification,DOC-0045,,,,,,,Preliminary_Notification_PCL-0051_v1.pdf,,,,,,,,,,,,,,,,PCL-0051,,,PRJ-001,,,,779fc2244374ed50af0085623d479b92deaa543c6c569d0da0a1a5315e1ba5e0,,,,,,,,,,,,District Collector / CALA,2026-07-07,1,,,,
document,DOC-0046,,,,,,,,,,,,Compensation_Statement,DOC-0046,,,,,,,Compensation_Statement_PCL-0437_v1.pdf,,,,,,,,,,,,,,,,PCL-0437,,,PRJ-003,,,,522631c1ccfaf5b5e03282a1a5d755fda426b630e7df42990c41a7b7dd3bdfc3,,,,,,,,,,,,Field Officer,2026-08-10,1,,,,
document,DOC-0047,,,,,,,,,,,,Preliminary_Notification,DOC-0047,,,,,,,Preliminary_Notification_PCL-0369_v1.pdf,,,,,,,,,,,,,,,,PCL-0369,,,PRJ-003,,,,1e189cbaa8313b3a835dd0023090d6b9a224da17546c4dfcd9558b3ca8730f75,,,,,,,,,,,,Field Officer,2026-01-31,1,,,,
document,DOC-0048,,,,,,,,,,,,Award_Order,DOC-0048,,,,,,,Award_Order_PCL-0792_v1.pdf,,,,,,,,,,,,,,,,PCL-0792,,,PRJ-006,,,,9a8e7a3158a492cfb93c9b11ee3232501086d5cd3d9eb3e45b6219553d98960e,,,,,,,,,,,,Landowner,2026-06-29,1,,,,
document,DOC-0049,,,,,,,,,,,,Possession_Certificate,DOC-0049,,,,,,,Possession_Certificate_PCL-0486_v2.pdf,,,,,,,,,,,,,,,,PCL-0486,,,PRJ-003,,,,3718e9865b24097b2606420e12674fe6d7be0a12a4be979f52fc295940e108ce,,,,,,,,,,,,Field Officer,2025-11-01,2,,,,
document,DOC-0050,,,,,,,,,,,,Award_Order,DOC-0050,,,,,,,Award_Order_PCL-0299_v2.pdf,,,,,,,,,,,,,,,,PCL-0299,,,PRJ-002,,,,6eb875c57054aa1e668ad4f00faefb36e2624a04d723f74982aaf862765f8187,,,,,,,,,,,,Landowner,2026-05-08,2,,,,
document,DOC-0051,,,,,,,,,,,,Compensation_Statement,DOC-0051,,,,,,,Compensation_Statement_PCL-0077_v2.pdf,,,,,,,,,,,,,,,,PCL-0077,,,PRJ-001,,,,ddea72c453af4f5874e623c4098ab1354c684c5b1994a4fcdd2a19db1f45aa17,,,,,,,,,,,,Landowner,2026-07-06,2,,,,
document,DOC-0052,,,,,,,,,,,,Ownership_Proof,DOC-0052,,,,,,,Ownership_Proof_PCL-0715_v1.pdf,,,,,,,,,,,,,,,,PCL-0715,,,PRJ-005,,,,9327d9ad2e79fb0aca39e4e5309650cc93f574817a9716435b78d863653ecf78,,,,,,,,,,,,Landowner,2026-05-24,1,,,,
document,DOC-0053,,,,,,,,,,,,Possession_Certificate,DOC-0053,,,,,,,Possession_Certificate_PCL-0423_v1.pdf,,,,,,,,,,,,,,,,PCL-0423,,,PRJ-003,,,,9a4720bd6a38d1033b1e7badd30dc3d2e99ac1682b4bf158eff9b5badb0296b8,,,,,,,,,,,,District Collector / CALA,2026-01-31,1,,,,
document,DOC-0054,,,,,,,,,,,,Preliminary_Notification,DOC-0054,,,,,,,Preliminary_Notification_PCL-0608_v1.pdf,,,,,,,,,,,,,,,,PCL-0608,,,PRJ-004,,,,437f5a88e8aad1b29675b0a681d7638de696804ab482776cd231ec13c2632f2a,,,,,,,,,,,,Field Officer,2026-06-27,1,,,,
document,DOC-0055,,,,,,,,,,,,Preliminary_Notification,DOC-0055,,,,,,,Preliminary_Notification_PCL-0900_v1.pdf,,,,,,,,,,,,,,,,PCL-0900,,,PRJ-006,,,,951d110df799a89acd8479e8d0980cd38b9778b3132329fbe74037a4ca8a7191,,,,,,,,,,,,District Collector / CALA,2026-08-18,1,,,,
document,DOC-0056,,,,,,,,,,,,Compensation_Statement,DOC-0056,,,,,,,Compensation_Statement_PCL-0258_v1.pdf,,,,,,,,,,,,,,,,PCL-0258,,,PRJ-002,,,,f3edbff7ba3bdfbe7345c2ad20fd43872bf049c35ed77f69aafa7dd21f2bb796,,,,,,,,,,,,Field Officer,2026-04-27,1,,,,
document,DOC-0057,,,,,,,,,,,,Compensation_Statement,DOC-0057,,,,,,,Compensation_Statement_PCL-0660_v1.pdf,,,,,,,,,,,,,,,,PCL-0660,,,PRJ-005,,,,4269ddfab46f6f34e4303eaefb32f0d58a33790e594a84b823eb861c8810b1e0,,,,,,,,,,,,Landowner,2025-09-28,1,,,,
document,DOC-0058,,,,,,,,,,,,Possession_Certificate,DOC-0058,,,,,,,Possession_Certificate_PCL-0225_v1.pdf,,,,,,,,,,,,,,,,PCL-0225,,,PRJ-002,,,,9c4a7c578e4642fa8844336af4459744323405309e095cf298428c8232425289,,,,,,,,,,,,Field Officer,2026-02-01,1,,,,
document,DOC-0059,,,,,,,,,,,,Compensation_Statement,DOC-0059,,,,,,,Compensation_Statement_PCL-0873_v1.pdf,,,,,,,,,,,,,,,,PCL-0873,,,PRJ-006,,,,ac085783054265695eedd9be8ca9670a934918a7d75245d9dfb7a1713c7d76cc,,,,,,,,,,,,Project Implementing Body,2026-05-04,1,,,,
document,DOC-0060,,,,,,,,,,,,Survey_Report,DOC-0060,,,,,,,Survey_Report_PCL-0415_v2.pdf,,,,,,,,,,,,,,,,PCL-0415,,,PRJ-003,,,,339f7314583ed7baa030a500d6a5ca7fc8e2ee3b1fac910579c19c7aa68ecac6,,,,,,,,,,,,District Collector / CALA,2025-10-02,2,,,,
document,DOC-0061,,,,,,,,,,,,Survey_Report,DOC-0061,,,,,,,Survey_Report_PCL-0726_v1.pdf,,,,,,,,,,,,,,,,PCL-0726,,,PRJ-005,,,,5dea9a2f667db981911f5feaef7eb68cb0098e4adcf7e8b9e5e370ad4fac1eee,,,,,,,,,,,,Field Officer,2026-04-24,1,,,,
document,DOC-0062,,,,,,,,,,,,Ownership_Proof,DOC-0062,,,,,,,Ownership_Proof_PCL-0250_v1.pdf,,,,,,,,,,,,,,,,PCL-0250,,,PRJ-002,,,,70749560959e492f1eb4628db41ead3df774bc0dd584b7935e75ffbadc543671,,,,,,,,,,,,Landowner,2026-01-20,1,,,,
document,DOC-0063,,,,,,,,,,,,Preliminary_Notification,DOC-0063,,,,,,,Preliminary_Notification_PCL-0692_v2.pdf,,,,,,,,,,,,,,,,PCL-0692,,,PRJ-005,,,,20fc9c3c832e6d229cfbaa9368692cde686432e01683af3a71bb2b369c664c1f,,,,,,,,,,,,Field Officer,2025-10-17,2,,,,
document,DOC-0064,,,,,,,,,,,,Ownership_Proof,DOC-0064,,,,,,,Ownership_Proof_PCL-0253_v1.pdf,,,,,,,,,,,,,,,,PCL-0253,,,PRJ-002,,,,3b045fc195c524aa7f46ef93a400878b13754a7ce1215f1c5639db4d5efa2bfd,,,,,,,,,,,,District Collector / CALA,2026-01-08,1,,,,
document,DOC-0065,,,,,,,,,,,,Possession_Certificate,DOC-0065,,,,,,,Possession_Certificate_PCL-0488_v1.pdf,,,,,,,,,,,,,,,,PCL-0488,,,PRJ-003,,,,fe3b3bc051d2d3ebdd9ca5c758d99337a6031b0f2562fa5809815488910f582a,,,,,,,,,,,,Project Implementing Body,2026-04-18,1,,,,
document,DOC-0066,,,,,,,,,,,,Survey_Report,DOC-0066,,,,,,,Survey_Report_PCL-0760_v1.pdf,,,,,,,,,,,,,,,,PCL-0760,,,PRJ-006,,,,3b0e9a6de05955338db3e5425c06dfc48e5e768d4cc524fb75f4f438d5d1d46f,,,,,,,,,,,,District Collector / CALA,2025-12-26,1,,,,
document,DOC-0067,,,,,,,,,,,,Compensation_Statement,DOC-0067,,,,,,,Compensation_Statement_PCL-0381_v2.pdf,,,,,,,,,,,,,,,,PCL-0381,,,PRJ-003,,,,9a372f1da00436153e79ffc6d00386d02c892612eb6a83d9f987ce2bd1367f63,,,,,,,,,,,,District Collector / CALA,2026-08-13,2,,,,
document,DOC-0068,,,,,,,,,,,,Preliminary_Notification,DOC-0068,,,,,,,Preliminary_Notification_PCL-0427_v1.pdf,,,,,,,,,,,,,,,,PCL-0427,,,PRJ-003,,,,55881776265f87a637b6c21973968ba80574f2cd09d749253ce2cdf5880982d5,,,,,,,,,,,,Landowner,2026-05-04,1,,,,
document,DOC-0069,,,,,,,,,,,,Possession_Certificate,DOC-0069,,,,,,,Possession_Certificate_PCL-0800_v1.pdf,,,,,,,,,,,,,,,,PCL-0800,,,PRJ-006,,,,078e55d27444683d783eb4e487c574c212b76527fe6e1d83f471b8ae26f88dcd,,,,,,,,,,,,Landowner,2026-03-03,1,,,,
document,DOC-0070,,,,,,,,,,,,Preliminary_Notification,DOC-0070,,,,,,,Preliminary_Notification_PCL-0088_v1.pdf,,,,,,,,,,,,,,,,PCL-0088,,,PRJ-001,,,,4268f80458a27e7023c704f4c084078a3889e9c6b4d9e50f3e33ff5fd0be5617,,,,,,,,,,,,Project Implementing Body,2026-06-22,1,,,,
document,DOC-0071,,,,,,,,,,,,Objection_Reply,DOC-0071,,,,,,,Objection_Reply_PCL-0520_v1.pdf,,,,,,,,,,,,,,,,PCL-0520,,,PRJ-004,,,,518faea5bc3cfeff8d8c0c7811ecc8be71d5579de8ffcbfdd47f8535151bfd0e,,,,,,,,,,,,Project Implementing Body,2026-02-13,1,,,,
document,DOC-0072,,,,,,,,,,,,Possession_Certificate,DOC-0072,,,,,,,Possession_Certificate_PCL-0279_v2.pdf,,,,,,,,,,,,,,,,PCL-0279,,,PRJ-002,,,,0f391a44545434a1be9f57ca6fefc9b46f97a1b0960fc2c7f16529428718dc01,,,,,,,,,,,,Landowner,2026-08-21,2,,,,
document,DOC-0073,,,,,,,,,,,,Ownership_Proof,DOC-0073,,,,,,,Ownership_Proof_PCL-0363_v1.pdf,,,,,,,,,,,,,,,,PCL-0363,,,PRJ-003,,,,0fc5c81eddef78a21cce4eae8b92e3a9a8b1d4b595e89e35868dd83941234a87,,,,,,,,,,,,Landowner,2026-01-04,1,,,,
document,DOC-0074,,,,,,,,,,,,Preliminary_Notification,DOC-0074,,,,,,,Preliminary_Notification_PCL-0883_v2.pdf,,,,,,,,,,,,,,,,PCL-0883,,,PRJ-006,,,,337d6ecc1225ea598020b5ea434746581574f899e1c1bf8cd9199b2b4dd45829,,,,,,,,,,,,Landowner,2025-10-05,2,,,,
document,DOC-0075,,,,,,,,,,,,Survey_Report,DOC-0075,,,,,,,Survey_Report_PCL-0351_v2.pdf,,,,,,,,,,,,,,,,PCL-0351,,,PRJ-002,,,,92c3ff4ed627f0446f537e07981067b676afbda76afa19ff0f9d02ab53b0b268,,,,,,,,,,,,Project Implementing Body,2026-03-28,2,,,,
document,DOC-0076,,,,,,,,,,,,Possession_Certificate,DOC-0076,,,,,,,Possession_Certificate_PCL-0494_v2.pdf,,,,,,,,,,,,,,,,PCL-0494,,,PRJ-003,,,,ebcadec3414e4a8b04a899db4ae2918a94f64cec1a89e23c116fe6f99ae24f87,,,,,,,,,,,,Landowner,2025-10-06,2,,,,
document,DOC-0077,,,,,,,,,,,,Possession_Certificate,DOC-0077,,,,,,,Possession_Certificate_PCL-0464_v1.pdf,,,,,,,,,,,,,,,,PCL-0464,,,PRJ-003,,,,69603a9a64215d29ccb13fdefdd49afd18e57bb9de1d23cd11dd5fcdb4e60194,,,,,,,,,,,,Project Implementing Body,2026-06-15,1,,,,
document,DOC-0078,,,,,,,,,,,,Possession_Certificate,DOC-0078,,,,,,,Possession_Certificate_PCL-0827_v1.pdf,,,,,,,,,,,,,,,,PCL-0827,,,PRJ-006,,,,5a8ef36b1115058f3dde323628f4bbc5e1d0f011639bfd3720e372c95af6d9c3,,,,,,,,,,,,District Collector / CALA,2026-01-02,1,,,,
document,DOC-0079,,,,,,,,,,,,Preliminary_Notification,DOC-0079,,,,,,,Preliminary_Notification_PCL-0732_v1.pdf,,,,,,,,,,,,,,,,PCL-0732,,,PRJ-005,,,,59684aba19a4f0966b99f13633ac44f0f6604fdd6dd6e78b7248172bb2e0e10c,,,,,,,,,,,,Project Implementing Body,2026-03-29,1,,,,
document,DOC-0080,,,,,,,,,,,,Award_Order,DOC-0080,,,,,,,Award_Order_PCL-0508_v1.pdf,,,,,,,,,,,,,,,,PCL-0508,,,PRJ-004,,,,14451d7dd0d06852472e1c97dcce8ea57f1649ec309c7d6ce998630a3de7fd8c,,,,,,,,,,,,Landowner,2026-02-03,1,,,,
document,DOC-0081,,,,,,,,,,,,Preliminary_Notification,DOC-0081,,,,,,,Preliminary_Notification_PCL-0538_v1.pdf,,,,,,,,,,,,,,,,PCL-0538,,,PRJ-004,,,,bdb7232568f6a864acee1550a3c2bf44c0b2479a78a5b748116fd2f1f225a5bb,,,,,,,,,,,,Landowner,2026-03-23,1,,,,
document,DOC-0082,,,,,,,,,,,,Compensation_Statement,DOC-0082,,,,,,,Compensation_Statement_PCL-0371_v1.pdf,,,,,,,,,,,,,,,,PCL-0371,,,PRJ-003,,,,1e0ccce599d84aeaf2ca59cb14c1d32adfd2fce3bd78630f3ee818a103d52f65,,,,,,,,,,,,Landowner,2026-04-20,1,,,,
document,DOC-0083,,,,,,,,,,,,Preliminary_Notification,DOC-0083,,,,,,,Preliminary_Notification_PCL-0577_v1.pdf,,,,,,,,,,,,,,,,PCL-0577,,,PRJ-004,,,,f2927eaf9fde8cba2c99be02d970aa8d5082718b42e40ad7e31723e62f4d02f4,,,,,,,,,,,,Project Implementing Body,2026-03-21,1,,,,
document,DOC-0084,,,,,,,,,,,,Compensation_Statement,DOC-0084,,,,,,,Compensation_Statement_PCL-0142_v1.pdf,,,,,,,,,,,,,,,,PCL-0142,,,PRJ-001,,,,055d9e5a4c3e57e61f9d65b1df74e3257971dde760f1b4b032281eaf1a303717,,,,,,,,,,,,Project Implementing Body,2026-01-10,1,,,,
document,DOC-0085,,,,,,,,,,,,Survey_Report,DOC-0085,,,,,,,Survey_Report_PCL-0705_v1.pdf,,,,,,,,,,,,,,,,PCL-0705,,,PRJ-005,,,,96ffa4006b15362629870909f81ba847884ffcf8dba82569d2e5499924c5ce5f,,,,,,,,,,,,Field Officer,2025-10-23,1,,,,
document,DOC-0086,,,,,,,,,,,,Award_Order,DOC-0086,,,,,,,Award_Order_PCL-0625_v1.pdf,,,,,,,,,,,,,,,,PCL-0625,,,PRJ-004,,,,e51184038e8f4b4d423af2bb1cb99af874ca95e2e7746177d11f3e7688649ebe,,,,,,,,,,,,Landowner,2026-03-14,1,,,,
document,DOC-0087,,,,,,,,,,,,Award_Order,DOC-0087,,,,,,,Award_Order_PCL-0284_v1.pdf,,,,,,,,,,,,,,,,PCL-0284,,,PRJ-002,,,,52a0ee11a0efec402ea9681f57412fa18914c800345ed278436a6969616127ee,,,,,,,,,,,,District Collector / CALA,2025-10-10,1,,,,
document,DOC-0088,,,,,,,,,,,,Objection_Reply,DOC-0088,,,,,,,Objection_Reply_PCL-0348_v1.pdf,,,,,,,,,,,,,,,,PCL-0348,,,PRJ-002,,,,e5f3e6d1154528d399fb5ab639518934a0c3651ea20f4c204cf87a18ee3e0121,,,,,,,,,,,,Project Implementing Body,2026-01-09,1,,,,
document,DOC-0089,,,,,,,,,,,,Survey_Report,DOC-0089,,,,,,,Survey_Report_PCL-0518_v1.pdf,,,,,,,,,,,,,,,,PCL-0518,,,PRJ-004,,,,f1e1973bb846c15b15deaf19d1f9519efb6c7a7cebdd52a65dcd806043759c08,,,,,,,,,,,,District Collector / CALA,2025-09-13,1,,,,
document,DOC-0090,,,,,,,,,,,,Ownership_Proof,DOC-0090,,,,,,,Ownership_Proof_PCL-0240_v1.pdf,,,,,,,,,,,,,,,,PCL-0240,,,PRJ-002,,,,3c38ed7539e4b3a5b0e68fa2f9173567481e8eaaf38925750d41c1f32555f598,,,,,,,,,,,,District Collector / CALA,2026-03-01,1,,,,
document,DOC-0091,,,,,,,,,,,,Award_Order,DOC-0091,,,,,,,Award_Order_PCL-0424_v2.pdf,,,,,,,,,,,,,,,,PCL-0424,,,PRJ-003,,,,84c7541af352489981023c3a224a323d3ba2faa6c715642263ec869b1dcad4f0,,,,,,,,,,,,Field Officer,2025-09-14,2,,,,
document,DOC-0092,,,,,,,,,,,,Compensation_Statement,DOC-0092,,,,,,,Compensation_Statement_PCL-0076_v1.pdf,,,,,,,,,,,,,,,,PCL-0076,,,PRJ-001,,,,bf4ffe5b47e2718e5aec04323bafec54b9fc7fb031a6398e36153a0706ae3ea0,,,,,,,,,,,,Landowner,2026-05-27,1,,,,
document,DOC-0093,,,,,,,,,,,,Possession_Certificate,DOC-0093,,,,,,,Possession_Certificate_PCL-0549_v2.pdf,,,,,,,,,,,,,,,,PCL-0549,,,PRJ-004,,,,70c50e0707516e5cd519464d4d2df1acb0be2cce9c9c7b368f981c2178244e60,,,,,,,,,,,,District Collector / CALA,2025-09-20,2,,,,
document,DOC-0094,,,,,,,,,,,,Preliminary_Notification,DOC-0094,,,,,,,Preliminary_Notification_PCL-0698_v1.pdf,,,,,,,,,,,,,,,,PCL-0698,,,PRJ-005,,,,269c10fa921992eb32db2c82c9376199d0b395c907c81adc22e8c1b93258b434,,,,,,,,,,,,Project Implementing Body,2025-12-06,1,,,,
document,DOC-0095,,,,,,,,,,,,Preliminary_Notification,DOC-0095,,,,,,,Preliminary_Notification_PCL-0526_v1.pdf,,,,,,,,,,,,,,,,PCL-0526,,,PRJ-004,,,,444ef6e7df64e2d46b7c42844a292b042131c588bea8537cf2c19f191984452d,,,,,,,,,,,,Project Implementing Body,2026-02-01,1,,,,
document,DOC-0096,,,,,,,,,,,,Preliminary_Notification,DOC-0096,,,,,,,Preliminary_Notification_PCL-0851_v1.pdf,,,,,,,,,,,,,,,,PCL-0851,,,PRJ-006,,,,8db6fa6b4e3c7da3a8255a1e7ebdbc9d1a67ba90480cf285777959e48278049a,,,,,,,,,,,,District Collector / CALA,2026-02-08,1,,,,
document,DOC-0097,,,,,,,,,,,,Objection_Reply,DOC-0097,,,,,,,Objection_Reply_PCL-0197_v2.pdf,,,,,,,,,,,,,,,,PCL-0197,,,PRJ-002,,,,9016c2fe1c3546dce5b39fd46ec73638bc02ce1123f15dc972a228c40016a87e,,,,,,,,,,,,Field Officer,2026-05-22,2,,,,
document,DOC-0098,,,,,,,,,,,,Objection_Reply,DOC-0098,,,,,,,Objection_Reply_PCL-0451_v1.pdf,,,,,,,,,,,,,,,,PCL-0451,,,PRJ-003,,,,42bec97d3abccc37d226e75a45f4dce94d10cc274de9d5d266d62b746ba5fbe0,,,,,,,,,,,,Project Implementing Body,2026-04-25,1,,,,
document,DOC-0099,,,,,,,,,,,,Possession_Certificate,DOC-0099,,,,,,,Possession_Certificate_PCL-0853_v2.pdf,,,,,,,,,,,,,,,,PCL-0853,,,PRJ-006,,,,d9f6829c72276c7cd2d48fe45ff994b1fb4b2214524d5f8b9c01957c7cbb487e,,,,,,,,,,,,District Collector / CALA,2026-07-31,2,,,,
document,DOC-0100,,,,,,,,,,,,Ownership_Proof,DOC-0100,,,,,,,Ownership_Proof_PCL-0320_v1.pdf,,,,,,,,,,,,,,,,PCL-0320,,,PRJ-002,,,,66a9ea28c9071bb69b015c70a686c58b8c49073a8c29b157002d003a31ec7df9,,,,,,,,,,,,Landowner,2026-04-18,1,,,,
document,DOC-0101,,,,,,,,,,,,Ownership_Proof,DOC-0101,,,,,,,Ownership_Proof_PCL-0555_v1.pdf,,,,,,,,,,,,,,,,PCL-0555,,,PRJ-004,,,,596a83d146dce0a77558b4a8b180967db3c1f62b136d6ab8b8add5180686ec8b,,,,,,,,,,,,Project Implementing Body,2025-12-25,1,,,,
document,DOC-0102,,,,,,,,,,,,Award_Order,DOC-0102,,,,,,,Award_Order_PCL-0580_v1.pdf,,,,,,,,,,,,,,,,PCL-0580,,,PRJ-004,,,,770f5af6331bd7f879b4618d019d511e741d1d4a5c6a41ab93d0028e35b798fd,,,,,,,,,,,,Landowner,2026-07-13,1,,,,
document,DOC-0103,,,,,,,,,,,,Compensation_Statement,DOC-0103,,,,,,,Compensation_Statement_PCL-0171_v1.pdf,,,,,,,,,,,,,,,,PCL-0171,,,PRJ-001,,,,175783c5269d23e34883e76183bd7f3577ef8903202a7e4f2f03f69a16b486ac,,,,,,,,,,,,District Collector / CALA,2025-10-18,1,,,,
document,DOC-0104,,,,,,,,,,,,Survey_Report,DOC-0104,,,,,,,Survey_Report_PCL-0195_v1.pdf,,,,,,,,,,,,,,,,PCL-0195,,,PRJ-002,,,,b0ed1efb7c3f87207a5bba94a3957a642e270c633ded92426acbee527e6b0a0a,,,,,,,,,,,,Field Officer,2026-02-12,1,,,,
document,DOC-0105,,,,,,,,,,,,Possession_Certificate,DOC-0105,,,,,,,Possession_Certificate_PCL-0872_v2.pdf,,,,,,,,,,,,,,,,PCL-0872,,,PRJ-006,,,,e71c86326cf0992a46da464f01892ce376389b60bc1ae3a369796bfed6062957,,,,,,,,,,,,Landowner,2025-10-13,2,,,,
document,DOC-0106,,,,,,,,,,,,Possession_Certificate,DOC-0106,,,,,,,Possession_Certificate_PCL-0635_v1.pdf,,,,,,,,,,,,,,,,PCL-0635,,,PRJ-004,,,,e6b44f9fc6cb6379511a200f9c1572358ca2f672385a4dbefe6478afb755aad2,,,,,,,,,,,,Field Officer,2025-09-28,1,,,,
document,DOC-0107,,,,,,,,,,,,Objection_Reply,DOC-0107,,,,,,,Objection_Reply_PCL-0387_v2.pdf,,,,,,,,,,,,,,,,PCL-0387,,,PRJ-003,,,,be9b0f01ff93c81b9defa098b4468b080d84601de44cdfbc258f6850c8282e54,,,,,,,,,,,,Field Officer,2025-10-04,2,,,,
document,DOC-0108,,,,,,,,,,,,Preliminary_Notification,DOC-0108,,,,,,,Preliminary_Notification_PCL-0039_v1.pdf,,,,,,,,,,,,,,,,PCL-0039,,,PRJ-001,,,,5b157b3fc9fb66e39726301defbcb73e66a24701e3c801935c001ed2ccc01266,,,,,,,,,,,,District Collector / CALA,2026-06-01,1,,,,
document,DOC-0109,,,,,,,,,,,,Compensation_Statement,DOC-0109,,,,,,,Compensation_Statement_PCL-0289_v1.pdf,,,,,,,,,,,,,,,,PCL-0289,,,PRJ-002,,,,1a7c19efcbc4392611c53aad912c2017504d66b98d0c6b12f57269469deba9b3,,,,,,,,,,,,Landowner,2026-01-04,1,,,,
document,DOC-0110,,,,,,,,,,,,Objection_Reply,DOC-0110,,,,,,,Objection_Reply_PCL-0880_v1.pdf,,,,,,,,,,,,,,,,PCL-0880,,,PRJ-006,,,,11947532bfa148463039818b719deb24feb843e3f019adad76433e3ff7ff64c8,,,,,,,,,,,,Landowner,2026-03-08,1,,,,
document,DOC-0111,,,,,,,,,,,,Ownership_Proof,DOC-0111,,,,,,,Ownership_Proof_PCL-0276_v1.pdf,,,,,,,,,,,,,,,,PCL-0276,,,PRJ-002,,,,f4e874260bb775db9515fb6a42c970d1cd2d6525e2491c2f3f66491fda98899a,,,,,,,,,,,,Project Implementing Body,2026-01-09,1,,,,
document,DOC-0112,,,,,,,,,,,,Objection_Reply,DOC-0112,,,,,,,Objection_Reply_PCL-0274_v2.pdf,,,,,,,,,,,,,,,,PCL-0274,,,PRJ-002,,,,6621f49aab609de69ff1c77a519f788526796a182a0b7b35cf087fb67c825c46,,,,,,,,,,,,Field Officer,2026-08-25,2,,,,
document,DOC-0113,,,,,,,,,,,,Compensation_Statement,DOC-0113,,,,,,,Compensation_Statement_PCL-0333_v1.pdf,,,,,,,,,,,,,,,,PCL-0333,,,PRJ-002,,,,124093abe6f0a47f3fbcead393668e3a08736f9f983f998c8b9d7db534ac338a,,,,,,,,,,,,Landowner,2025-10-03,1,,,,
document,DOC-0114,,,,,,,,,,,,Award_Order,DOC-0114,,,,,,,Award_Order_PCL-0005_v1.pdf,,,,,,,,,,,,,,,,PCL-0005,,,PRJ-001,,,,383c2ba82f0421fa6d3afd43f2531c77f777701b42c0f3285542cae1d7978cb5,,,,,,,,,,,,Project Implementing Body,2026-06-05,1,,,,
document,DOC-0115,,,,,,,,,,,,Compensation_Statement,DOC-0115,,,,,,,Compensation_Statement_PCL-0187_v2.pdf,,,,,,,,,,,,,,,,PCL-0187,,,PRJ-002,,,,f20c21f61a0a185782ada34bc942fb5798c7b031a1e229ea22e01945d229990b,,,,,,,,,,,,Landowner,2026-08-12,2,,,,
document,DOC-0116,,,,,,,,,,,,Award_Order,DOC-0116,,,,,,,Award_Order_PCL-0360_v2.pdf,,,,,,,,,,,,,,,,PCL-0360,,,PRJ-003,,,,ddc1e273b547c02891cb2e92d6b9928e85a6460dbd86a39909416cad382203bd,,,,,,,,,,,,Field Officer,2026-02-02,2,,,,
document,DOC-0117,,,,,,,,,,,,Objection_Reply,DOC-0117,,,,,,,Objection_Reply_PCL-0400_v1.pdf,,,,,,,,,,,,,,,,PCL-0400,,,PRJ-003,,,,93dd685cde97892329b5a6cba1b382eca926f8bda3be226c2ffb117243c84d44,,,,,,,,,,,,District Collector / CALA,2026-07-06,1,,,,
document,DOC-0118,,,,,,,,,,,,Ownership_Proof,DOC-0118,,,,,,,Ownership_Proof_PCL-0509_v1.pdf,,,,,,,,,,,,,,,,PCL-0509,,,PRJ-004,,,,02744895b5261980dc78fe72ddb73cd35a794bbced2b7ebdd23fc8c6b53b1a55,,,,,,,,,,,,District Collector / CALA,2026-02-01,1,,,,
document,DOC-0119,,,,,,,,,,,,Objection_Reply,DOC-0119,,,,,,,Objection_Reply_PCL-0866_v1.pdf,,,,,,,,,,,,,,,,PCL-0866,,,PRJ-006,,,,29f759d5bca9fd0f5465ce3d5ecd971bda0dbcfab34b47632b5503ead2479c2c,,,,,,,,,,,,Field Officer,2025-12-18,1,,,,
document,DOC-0120,,,,,,,,,,,,Compensation_Statement,DOC-0120,,,,,,,Compensation_Statement_PCL-0064_v1.pdf,,,,,,,,,,,,,,,,PCL-0064,,,PRJ-001,,,,f8dfaf55d560d5ca2b97d858efc4b41f1e169e738cb28791a002e513e1bd8e48,,,,,,,,,,,,Project Implementing Body,2026-02-23,1,,,,
document,DOC-0121,,,,,,,,,,,,Objection_Reply,DOC-0121,,,,,,,Objection_Reply_PCL-0160_v2.pdf,,,,,,,,,,,,,,,,PCL-0160,,,PRJ-001,,,,45a60b91f902b1afbbeb799053d474cd5861b8c603a11d0c00c5eeebe72cc047,,,,,,,,,,,,Project Implementing Body,2026-05-31,2,,,,
document,DOC-0122,,,,,,,,,,,,Objection_Reply,DOC-0122,,,,,,,Objection_Reply_PCL-0124_v2.pdf,,,,,,,,,,,,,,,,PCL-0124,,,PRJ-001,,,,f7111aa28d6d15573caafc06a6e208803d88a9db73cccfe7a66aa20cd5c79dee,,,,,,,,,,,,District Collector / CALA,2026-05-13,2,,,,
document,DOC-0123,,,,,,,,,,,,Objection_Reply,DOC-0123,,,,,,,Objection_Reply_PCL-0491_v1.pdf,,,,,,,,,,,,,,,,PCL-0491,,,PRJ-003,,,,6da65d138d2eccd2491c650f9adf773a3b4c47f2efd0132535fcbe91dbcd983f,,,,,,,,,,,,Project Implementing Body,2026-05-18,1,,,,
document,DOC-0124,,,,,,,,,,,,Compensation_Statement,DOC-0124,,,,,,,Compensation_Statement_PCL-0530_v2.pdf,,,,,,,,,,,,,,,,PCL-0530,,,PRJ-004,,,,702e343c4162fdf3d745e71e63539a8e5cd1fc63b4d71533f07553d0646fc6e6,,,,,,,,,,,,Field Officer,2025-10-08,2,,,,
document,DOC-0125,,,,,,,,,,,,Award_Order,DOC-0125,,,,,,,Award_Order_PCL-0178_v1.pdf,,,,,,,,,,,,,,,,PCL-0178,,,PRJ-002,,,,3f2f4ebc6e899af63696c11e9bde99cd12fd34af1df447d88d974d1b3c6446af,,,,,,,,,,,,District Collector / CALA,2026-04-26,1,,,,
document,DOC-0126,,,,,,,,,,,,Objection_Reply,DOC-0126,,,,,,,Objection_Reply_PCL-0633_v1.pdf,,,,,,,,,,,,,,,,PCL-0633,,,PRJ-004,,,,dab1f47a2a85a82f5817e102b44d361caf566647fd70f8256c939f090d581f0b,,,,,,,,,,,,District Collector / CALA,2026-05-16,1,,,,
document,DOC-0127,,,,,,,,,,,,Ownership_Proof,DOC-0127,,,,,,,Ownership_Proof_PCL-0341_v1.pdf,,,,,,,,,,,,,,,,PCL-0341,,,PRJ-002,,,,f7c0bc1234e1f5abccc9d64fe01e4723625626e79acd3bfba6e84d4899519843,,,,,,,,,,,,District Collector / CALA,2026-03-11,1,,,,
document,DOC-0128,,,,,,,,,,,,Objection_Reply,DOC-0128,,,,,,,Objection_Reply_PCL-0602_v1.pdf,,,,,,,,,,,,,,,,PCL-0602,,,PRJ-004,,,,259a0083b7d4d6dc7e9f6f85db712e429eae35cbbf78fe0eb6c4c0df2f62ace9,,,,,,,,,,,,Field Officer,2025-09-27,1,,,,
document,DOC-0129,,,,,,,,,,,,Ownership_Proof,DOC-0129,,,,,,,Ownership_Proof_PCL-0569_v1.pdf,,,,,,,,,,,,,,,,PCL-0569,,,PRJ-004,,,,b79b3301b55a12849f773c17d68d103a40fc8abe836eb84c6a1a5863a65504dd,,,,,,,,,,,,Field Officer,2026-01-16,1,,,,
document,DOC-0130,,,,,,,,,,,,Possession_Certificate,DOC-0130,,,,,,,Possession_Certificate_PCL-0560_v1.pdf,,,,,,,,,,,,,,,,PCL-0560,,,PRJ-004,,,,a5da71bff9a5eb647c7a678b0ce43237856a3818fa5f0cb9d7aae085fa0b2fb3,,,,,,,,,,,,District Collector / CALA,2025-11-07,1,,,,
document,DOC-0131,,,,,,,,,,,,Preliminary_Notification,DOC-0131,,,,,,,Preliminary_Notification_PCL-0074_v2.pdf,,,,,,,,,,,,,,,,PCL-0074,,,PRJ-001,,,,12c19006cafd9c3706e6cf50ad7e087cdd694c3777b8fccb38de426bb022438b,,,,,,,,,,,,District Collector / CALA,2026-08-05,2,,,,
document,DOC-0132,,,,,,,,,,,,Objection_Reply,DOC-0132,,,,,,,Objection_Reply_PCL-0408_v2.pdf,,,,,,,,,,,,,,,,PCL-0408,,,PRJ-003,,,,52abc730314d4040db68f2b6ba2c375a19f1c739882e83cbbb24ba35090375e1,,,,,,,,,,,,District Collector / CALA,2025-10-20,2,,,,
document,DOC-0133,,,,,,,,,,,,Survey_Report,DOC-0133,,,,,,,Survey_Report_PCL-0112_v1.pdf,,,,,,,,,,,,,,,,PCL-0112,,,PRJ-001,,,,f117cea7a5f284ee50a620f15ef8f2cecff76fc971a9b1488c4c0f14bedf98eb,,,,,,,,,,,,Landowner,2025-12-21,1,,,,
document,DOC-0134,,,,,,,,,,,,Objection_Reply,DOC-0134,,,,,,,Objection_Reply_PCL-0741_v2.pdf,,,,,,,,,,,,,,,,PCL-0741,,,PRJ-005,,,,f46cfce69b9e11822c52df11377c6639bb0c02ec5e2904720e3cb031ab83bc39,,,,,,,,,,,,Project Implementing Body,2026-02-16,2,,,,
document,DOC-0135,,,,,,,,,,,,Award_Order,DOC-0135,,,,,,,Award_Order_PCL-0004_v1.pdf,,,,,,,,,,,,,,,,PCL-0004,,,PRJ-001,,,,f7a00b0c3812affe47d13bffe69a8f47cebd326c10f9076d8fffae90c1781d9b,,,,,,,,,,,,Project Implementing Body,2025-10-31,1,,,,
document,DOC-0136,,,,,,,,,,,,Compensation_Statement,DOC-0136,,,,,,,Compensation_Statement_PCL-0813_v1.pdf,,,,,,,,,,,,,,,,PCL-0813,,,PRJ-006,,,,22580227b788977964a4f24b7336ba894e7eb1e700929b653e946e8b37bcc9be,,,,,,,,,,,,Landowner,2026-02-06,1,,,,
document,DOC-0137,,,,,,,,,,,,Award_Order,DOC-0137,,,,,,,Award_Order_PCL-0449_v1.pdf,,,,,,,,,,,,,,,,PCL-0449,,,PRJ-003,,,,48a3f49a49c02cc07b396afc985e15d060df95f9ea4e459ef033ce65249d9bb1,,,,,,,,,,,,Field Officer,2025-11-05,1,,,,
document,DOC-0138,,,,,,,,,,,,Survey_Report,DOC-0138,,,,,,,Survey_Report_PCL-0739_v1.pdf,,,,,,,,,,,,,,,,PCL-0739,,,PRJ-005,,,,312907419b6b24d22a89b108193e42b2983df552a633a7af61a04de53ba9477e,,,,,,,,,,,,Field Officer,2026-01-09,1,,,,
document,DOC-0139,,,,,,,,,,,,Objection_Reply,DOC-0139,,,,,,,Objection_Reply_PCL-0421_v1.pdf,,,,,,,,,,,,,,,,PCL-0421,,,PRJ-003,,,,403cf62d7bd8120d35ab948bc480ca7aa6cfa63164f3ff9e2e32c5cb569f4be5,,,,,,,,,,,,District Collector / CALA,2026-06-27,1,,,,
document,DOC-0140,,,,,,,,,,,,Award_Order,DOC-0140,,,,,,,Award_Order_PCL-0214_v1.pdf,,,,,,,,,,,,,,,,PCL-0214,,,PRJ-002,,,,6aca6be68955d52fa35a6047fa3ff2bc29a1fb5a9734b10650bdd761fc8dde96,,,,,,,,,,,,District Collector / CALA,2026-06-22,1,,,,
document,DOC-0141,,,,,,,,,,,,Compensation_Statement,DOC-0141,,,,,,,Compensation_Statement_PCL-0166_v1.pdf,,,,,,,,,,,,,,,,PCL-0166,,,PRJ-001,,,,ad836af74314bf9fe834fcd26fca0ead8728003b1ec7aca1c81e6eda0f6cde92,,,,,,,,,,,,Landowner,2026-06-14,1,,,,
document,DOC-0142,,,,,,,,,,,,Possession_Certificate,DOC-0142,,,,,,,Possession_Certificate_PCL-0604_v1.pdf,,,,,,,,,,,,,,,,PCL-0604,,,PRJ-004,,,,d4fcf748f308ebbecfb5badfda248d1a45e9d03502ef3f6f61f770fa08baacad,,,,,,,,,,,,District Collector / CALA,2026-02-23,1,,,,
document,DOC-0143,,,,,,,,,,,,Objection_Reply,DOC-0143,,,,,,,Objection_Reply_PCL-0804_v1.pdf,,,,,,,,,,,,,,,,PCL-0804,,,PRJ-006,,,,f864963fab27ead4dfc937f8a3ae1578ddc78ffa5555db27ee088045c04bde74,,,,,,,,,,,,District Collector / CALA,2025-09-20,1,,,,
document,DOC-0144,,,,,,,,,,,,Award_Order,DOC-0144,,,,,,,Award_Order_PCL-0003_v1.pdf,,,,,,,,,,,,,,,,PCL-0003,,,PRJ-001,,,,eb6b7b21e36fc2536637bd2f83dbac3775341dd816d82c6a1742cca96218f7c0,,,,,,,,,,,,Project Implementing Body,2025-12-05,1,,,,
document,DOC-0145,,,,,,,,,,,,Objection_Reply,DOC-0145,,,,,,,Objection_Reply_PCL-0229_v1.pdf,,,,,,,,,,,,,,,,PCL-0229,,,PRJ-002,,,,9dcbf291fd17544691f34d3a5d729613b1b6d4af52cf383d334f1a54d711b35c,,,,,,,,,,,,Landowner,2025-11-12,1,,,,
document,DOC-0146,,,,,,,,,,,,Preliminary_Notification,DOC-0146,,,,,,,Preliminary_Notification_PCL-0521_v1.pdf,,,,,,,,,,,,,,,,PCL-0521,,,PRJ-004,,,,36c87458e8fe09a9a4580fab6cb1c035a8c64a31663eec608bd61b8ce7afebe9,,,,,,,,,,,,Field Officer,2026-08-30,1,,,,
document,DOC-0147,,,,,,,,,,,,Compensation_Statement,DOC-0147,,,,,,,Compensation_Statement_PCL-0744_v1.pdf,,,,,,,,,,,,,,,,PCL-0744,,,PRJ-005,,,,64d1597a5e0141c6e3322083bac3addf902bca46afa6d8f659dd98bce8360d34,,,,,,,,,,,,Landowner,2025-11-15,1,,,,
document,DOC-0148,,,,,,,,,,,,Survey_Report,DOC-0148,,,,,,,Survey_Report_PCL-0032_v1.pdf,,,,,,,,,,,,,,,,PCL-0032,,,PRJ-001,,,,f9a89d8e99ae9c4bb63df48d633e04963f13b74614cdce3e8add174149545c82,,,,,,,,,,,,Landowner,2026-03-10,1,,,,
document,DOC-0149,,,,,,,,,,,,Possession_Certificate,DOC-0149,,,,,,,Possession_Certificate_PCL-0312_v1.pdf,,,,,,,,,,,,,,,,PCL-0312,,,PRJ-002,,,,d4b3fb2240fcb75cef7a39c89eff198e4621cdf5cafc3f9c8e67a7ec960943a5,,,,,,,,,,,,Landowner,2026-06-07,1,,,,
document,DOC-0150,,,,,,,,,,,,Objection_Reply,DOC-0150,,,,,,,Objection_Reply_PCL-0893_v1.pdf,,,,,,,,,,,,,,,,PCL-0893,,,PRJ-006,,,,9ff8d4fe369ae9d8645ddba5df988df3eaa8260cfc661e4ec6209b8739c77e41,,,,,,,,,,,,Project Implementing Body,2026-07-02,1,,,,
document,DOC-0151,,,,,,,,,,,,Award_Order,DOC-0151,,,,,,,Award_Order_PCL-0503_v1.pdf,,,,,,,,,,,,,,,,PCL-0503,,,PRJ-003,,,,31e698e55166265b72b5a64f6d9f2b9c29856a127440255ac7d114883aab1e31,,,,,,,,,,,,Project Implementing Body,2025-10-07,1,,,,
document,DOC-0152,,,,,,,,,,,,Preliminary_Notification,DOC-0152,,,,,,,Preliminary_Notification_PCL-0262_v1.pdf,,,,,,,,,,,,,,,,PCL-0262,,,PRJ-002,,,,e66b2b924d970e65875c7b02f347669d84b5be1edcb7796958ee94392316cbdb,,,,,,,,,,,,District Collector / CALA,2026-06-04,1,,,,
document,DOC-0153,,,,,,,,,,,,Survey_Report,DOC-0153,,,,,,,Survey_Report_PCL-0093_v1.pdf,,,,,,,,,,,,,,,,PCL-0093,,,PRJ-001,,,,3aeee3b2ff89c56e225ac522cf3b4d006610170cf4ac4b9cdb1f1c06cd79103b,,,,,,,,,,,,Landowner,2026-06-08,1,,,,
document,DOC-0154,,,,,,,,,,,,Possession_Certificate,DOC-0154,,,,,,,Possession_Certificate_PCL-0641_v1.pdf,,,,,,,,,,,,,,,,PCL-0641,,,PRJ-005,,,,9b235c03367556b4584d132e36426a5774677e702aa5c661566e7bcff9480fd7,,,,,,,,,,,,District Collector / CALA,2026-08-14,1,,,,
document,DOC-0155,,,,,,,,,,,,Ownership_Proof,DOC-0155,,,,,,,Ownership_Proof_PCL-0161_v1.pdf,,,,,,,,,,,,,,,,PCL-0161,,,PRJ-001,,,,ca6d4795c5b2d78a0a491989c7452bd27b0175170576922b7e8bd1c610e50204,,,,,,,,,,,,Landowner,2025-12-02,1,,,,
document,DOC-0156,,,,,,,,,,,,Objection_Reply,DOC-0156,,,,,,,Objection_Reply_PCL-0448_v1.pdf,,,,,,,,,,,,,,,,PCL-0448,,,PRJ-003,,,,ceb159238df0188bf2b53363be659df601bc780ecceca3b40653f92f2c4fa526,,,,,,,,,,,,Landowner,2026-05-24,1,,,,
document,DOC-0157,,,,,,,,,,,,Award_Order,DOC-0157,,,,,,,Award_Order_PCL-0870_v1.pdf,,,,,,,,,,,,,,,,PCL-0870,,,PRJ-006,,,,7a8a8d102fa0568f418db24dcc1ff523caa3800ae9195563de8d5af2a1873a1a,,,,,,,,,,,,District Collector / CALA,2026-06-15,1,,,,
document,DOC-0158,,,,,,,,,,,,Survey_Report,DOC-0158,,,,,,,Survey_Report_PCL-0563_v2.pdf,,,,,,,,,,,,,,,,PCL-0563,,,PRJ-004,,,,1fa0f9f636c648efe2f4eb110fb69f4826e407a4cab7ae87b98a4a4c2c87213c,,,,,,,,,,,,Field Officer,2026-07-21,2,,,,
document,DOC-0159,,,,,,,,,,,,Objection_Reply,DOC-0159,,,,,,,Objection_Reply_PCL-0010_v1.pdf,,,,,,,,,,,,,,,,PCL-0010,,,PRJ-001,,,,557e0a92a912331efe19b04f509c90f999c2440e2b93b381f1ea560dc213d8d0,,,,,,,,,,,,Landowner,2026-07-23,1,,,,
document,DOC-0160,,,,,,,,,,,,Objection_Reply,DOC-0160,,,,,,,Objection_Reply_PCL-0525_v1.pdf,,,,,,,,,,,,,,,,PCL-0525,,,PRJ-004,,,,fd6258f79bed3f2fedc7caa6e4010b48ecdaaeed15cd28d69bb30bb672669ec5,,,,,,,,,,,,Landowner,2026-01-28,1,,,,
document,DOC-0161,,,,,,,,,,,,Compensation_Statement,DOC-0161,,,,,,,Compensation_Statement_PCL-0385_v2.pdf,,,,,,,,,,,,,,,,PCL-0385,,,PRJ-003,,,,4ad4c8499421d81f8de9fac913f418553e3391435ffe896cd1e1d5fd5523077f,,,,,,,,,,,,Project Implementing Body,2026-08-09,2,,,,
document,DOC-0162,,,,,,,,,,,,Compensation_Statement,DOC-0162,,,,,,,Compensation_Statement_PCL-0327_v2.pdf,,,,,,,,,,,,,,,,PCL-0327,,,PRJ-002,,,,2d784361f8ff5ef3a62337f8d43957ef151daa466bfae563c6da7ad1d018bfbd,,,,,,,,,,,,Landowner,2025-09-02,2,,,,
document,DOC-0163,,,,,,,,,,,,Award_Order,DOC-0163,,,,,,,Award_Order_PCL-0769_v1.pdf,,,,,,,,,,,,,,,,PCL-0769,,,PRJ-006,,,,24a5f90b381b9bf5df9f68b139b25554931bcc46915a3ebaedbe83b15915f391,,,,,,,,,,,,Landowner,2025-10-21,1,,,,
document,DOC-0164,,,,,,,,,,,,Survey_Report,DOC-0164,,,,,,,Survey_Report_PCL-0781_v2.pdf,,,,,,,,,,,,,,,,PCL-0781,,,PRJ-006,,,,5c8afeee5bf10094d80a7c9fcaa091f8ad8a8f224e815533b2fe581a6e963cbd,,,,,,,,,,,,Field Officer,2026-05-25,2,,,,
document,DOC-0165,,,,,,,,,,,,Possession_Certificate,DOC-0165,,,,,,,Possession_Certificate_PCL-0016_v1.pdf,,,,,,,,,,,,,,,,PCL-0016,,,PRJ-001,,,,29f66e59e2a84dd7b9aeb588c83ba091545182fb5e1cdab2499b01458d84bd70,,,,,,,,,,,,District Collector / CALA,2026-06-24,1,,,,
document,DOC-0166,,,,,,,,,,,,Survey_Report,DOC-0166,,,,,,,Survey_Report_PCL-0537_v1.pdf,,,,,,,,,,,,,,,,PCL-0537,,,PRJ-004,,,,341bf965cc49c1b091d28972e50ae431621bcbd226c4a6e0eb40b1a74abfad20,,,,,,,,,,,,Project Implementing Body,2025-09-18,1,,,,
document,DOC-0167,,,,,,,,,,,,Possession_Certificate,DOC-0167,,,,,,,Possession_Certificate_PCL-0812_v1.pdf,,,,,,,,,,,,,,,,PCL-0812,,,PRJ-006,,,,f27ed0a3ab46e7b52d224b64fb4a6223cd86f22b42105958a3bbfe9acef35142,,,,,,,,,,,,Project Implementing Body,2025-09-24,1,,,,
document,DOC-0168,,,,,,,,,,,,Compensation_Statement,DOC-0168,,,,,,,Compensation_Statement_PCL-0105_v2.pdf,,,,,,,,,,,,,,,,PCL-0105,,,PRJ-001,,,,97f1d8ce97fbfb2849c07da95bef7067dd391cd96693c8fabe2d09b8ec61102e,,,,,,,,,,,,District Collector / CALA,2026-04-25,2,,,,
document,DOC-0169,,,,,,,,,,,,Compensation_Statement,DOC-0169,,,,,,,Compensation_Statement_PCL-0630_v1.pdf,,,,,,,,,,,,,,,,PCL-0630,,,PRJ-004,,,,f87a5c3e1b77790d19a02a27a914bc070bdbaf54f28556cac93f504a66634660,,,,,,,,,,,,District Collector / CALA,2026-07-21,1,,,,
document,DOC-0170,,,,,,,,,,,,Possession_Certificate,DOC-0170,,,,,,,Possession_Certificate_PCL-0849_v1.pdf,,,,,,,,,,,,,,,,PCL-0849,,,PRJ-006,,,,bbef5a86cadea24370df8723aa9656bad0014515688aac56b7661cb0685372c9,,,,,,,,,,,,Field Officer,2026-05-04,1,,,,
document,DOC-0171,,,,,,,,,,,,Possession_Certificate,DOC-0171,,,,,,,Possession_Certificate_PCL-0474_v1.pdf,,,,,,,,,,,,,,,,PCL-0474,,,PRJ-003,,,,e931bf2bbd236357ebd38e525d22bee26041fd230f5b76b03ae88edeaf409930,,,,,,,,,,,,Project Implementing Body,2025-09-22,1,,,,
document,DOC-0172,,,,,,,,,,,,Award_Order,DOC-0172,,,,,,,Award_Order_PCL-0768_v1.pdf,,,,,,,,,,,,,,,,PCL-0768,,,PRJ-006,,,,bb6b33cdcf3db0542f1aa2eb19ca74e6ea311a9d45b2690abc09fa0c37f84dba,,,,,,,,,,,,Field Officer,2026-01-16,1,,,,
document,DOC-0173,,,,,,,,,,,,Preliminary_Notification,DOC-0173,,,,,,,Preliminary_Notification_PCL-0882_v2.pdf,,,,,,,,,,,,,,,,PCL-0882,,,PRJ-006,,,,8e85762ef96893f5ff92bca0ec88710cf970b145a5a95e63579ca00082e6390e,,,,,,,,,,,,Project Implementing Body,2026-07-23,2,,,,
document,DOC-0174,,,,,,,,,,,,Preliminary_Notification,DOC-0174,,,,,,,Preliminary_Notification_PCL-0515_v2.pdf,,,,,,,,,,,,,,,,PCL-0515,,,PRJ-004,,,,c87b2188d6b92e5e8115c8e11d94533c77d9fd84927f0c05c305433ae8f05617,,,,,,,,,,,,District Collector / CALA,2026-06-05,2,,,,
document,DOC-0175,,,,,,,,,,,,Objection_Reply,DOC-0175,,,,,,,Objection_Reply_PCL-0212_v1.pdf,,,,,,,,,,,,,,,,PCL-0212,,,PRJ-002,,,,adb81924407fa47458e7777f983f14f293133d1b22cdf5b9382ceac4686df5e8,,,,,,,,,,,,District Collector / CALA,2025-10-05,1,,,,
document,DOC-0176,,,,,,,,,,,,Award_Order,DOC-0176,,,,,,,Award_Order_PCL-0640_v1.pdf,,,,,,,,,,,,,,,,PCL-0640,,,PRJ-005,,,,85b4d11dd29315ddca45558033bcf7ac78c6e5f2cf6a917c0f516f3cd7b6a7bd,,,,,,,,,,,,Project Implementing Body,2026-03-23,1,,,,
document,DOC-0177,,,,,,,,,,,,Possession_Certificate,DOC-0177,,,,,,,Possession_Certificate_PCL-0728_v1.pdf,,,,,,,,,,,,,,,,PCL-0728,,,PRJ-005,,,,fed2bfcb76fa72c3801bbc59887cb59f8755695758a2a73a4f4af091f26ec56a,,,,,,,,,,,,District Collector / CALA,2026-03-22,1,,,,
document,DOC-0178,,,,,,,,,,,,Survey_Report,DOC-0178,,,,,,,Survey_Report_PCL-0695_v1.pdf,,,,,,,,,,,,,,,,PCL-0695,,,PRJ-005,,,,eefc1ffb2eea9d8eccc9f6eb02f2edaf2ce372336cd410bd323be7bd80c302d7,,,,,,,,,,,,Project Implementing Body,2026-04-10,1,,,,
document,DOC-0179,,,,,,,,,,,,Preliminary_Notification,DOC-0179,,,,,,,Preliminary_Notification_PCL-0082_v2.pdf,,,,,,,,,,,,,,,,PCL-0082,,,PRJ-001,,,,aafe53354613cca588df99b6b974a06bb92c322181c8c941f83ead5b05e64b83,,,,,,,,,,,,Landowner,2026-08-06,2,,,,
document,DOC-0180,,,,,,,,,,,,Possession_Certificate,DOC-0180,,,,,,,Possession_Certificate_PCL-0241_v1.pdf,,,,,,,,,,,,,,,,PCL-0241,,,PRJ-002,,,,0ce1c91e8ba2abdc8798efe279d4a5769cb5d7f29c84da1254b6c39d01b77b73,,,,,,,,,,,,Landowner,2025-10-04,1,,,,
document,DOC-0181,,,,,,,,,,,,Preliminary_Notification,DOC-0181,,,,,,,Preliminary_Notification_PCL-0131_v2.pdf,,,,,,,,,,,,,,,,PCL-0131,,,PRJ-001,,,,4e5893d0a1dec1bc3c76df490a540ab8177aef04e0a11e1b730162eba9ed81b3,,,,,,,,,,,,Project Implementing Body,2026-02-25,2,,,,
document,DOC-0182,,,,,,,,,,,,Award_Order,DOC-0182,,,,,,,Award_Order_PCL-0638_v2.pdf,,,,,,,,,,,,,,,,PCL-0638,,,PRJ-004,,,,428c8d0a0561ee3be32241b7ee08dde3feb2f649838df8c0a1bee15d9d5d9c79,,,,,,,,,,,,Field Officer,2026-04-04,2,,,,
document,DOC-0183,,,,,,,,,,,,Compensation_Statement,DOC-0183,,,,,,,Compensation_Statement_PCL-0754_v1.pdf,,,,,,,,,,,,,,,,PCL-0754,,,PRJ-006,,,,e8fea8bc9f739252eac7b139989f3aa471938d1c0469f5f542c468c7ef90557d,,,,,,,,,,,,District Collector / CALA,2026-06-06,1,,,,
document,DOC-0184,,,,,,,,,,,,Award_Order,DOC-0184,,,,,,,Award_Order_PCL-0034_v1.pdf,,,,,,,,,,,,,,,,PCL-0034,,,PRJ-001,,,,a7d3dea2dc8908fa2ca76e481cd4d66e373cfe81cf71670b661ae649f05c1b6e,,,,,,,,,,,,Project Implementing Body,2025-09-06,1,,,,
document,DOC-0185,,,,,,,,,,,,Objection_Reply,DOC-0185,,,,,,,Objection_Reply_PCL-0834_v1.pdf,,,,,,,,,,,,,,,,PCL-0834,,,PRJ-006,,,,84c67984fd386aadec71d4201a5a5861fe442e02a913b5d3194077b0ce02eda7,,,,,,,,,,,,District Collector / CALA,2026-03-17,1,,,,
document,DOC-0186,,,,,,,,,,,,Preliminary_Notification,DOC-0186,,,,,,,Preliminary_Notification_PCL-0693_v1.pdf,,,,,,,,,,,,,,,,PCL-0693,,,PRJ-005,,,,e6372f3e77066b05889ba07c653b5f7f102776f475c5ecbab142335336e4fc1d,,,,,,,,,,,,Project Implementing Body,2025-10-17,1,,,,
document,DOC-0187,,,,,,,,,,,,Compensation_Statement,DOC-0187,,,,,,,Compensation_Statement_PCL-0483_v1.pdf,,,,,,,,,,,,,,,,PCL-0483,,,PRJ-003,,,,8fafeba57a2d7b8dafbfa9509bd37648274e77576cef7ab82e8c4f0154a6c992,,,,,,,,,,,,District Collector / CALA,2025-10-01,1,,,,
document,DOC-0188,,,,,,,,,,,,Ownership_Proof,DOC-0188,,,,,,,Ownership_Proof_PCL-0376_v2.pdf,,,,,,,,,,,,,,,,PCL-0376,,,PRJ-003,,,,555c933a55b0d83c594a6e787b852a0a7013308a0ecec0e57d4b40b9883929d0,,,,,,,,,,,,Field Officer,2025-10-06,2,,,,
document,DOC-0189,,,,,,,,,,,,Ownership_Proof,DOC-0189,,,,,,,Ownership_Proof_PCL-0603_v2.pdf,,,,,,,,,,,,,,,,PCL-0603,,,PRJ-004,,,,4c329ac5ade2a7806863635a49a77d6945c89a30a0f565924053fb3b410a41d4,,,,,,,,,,,,Landowner,2026-08-31,2,,,,
document,DOC-0190,,,,,,,,,,,,Objection_Reply,DOC-0190,,,,,,,Objection_Reply_PCL-0298_v1.pdf,,,,,,,,,,,,,,,,PCL-0298,,,PRJ-002,,,,1c06e3b1295978f7457d3dffac18f5bc823b0c88a4a926c7407e41ed3b2e3b73,,,,,,,,,,,,Project Implementing Body,2025-09-20,1,,,,
document,DOC-0191,,,,,,,,,,,,Survey_Report,DOC-0191,,,,,,,Survey_Report_PCL-0186_v2.pdf,,,,,,,,,,,,,,,,PCL-0186,,,PRJ-002,,,,287bcfb519846ed2c61c3cb07b1c2402bfbdd4101f4276f271a1498cfb58e615,,,,,,,,,,,,District Collector / CALA,2026-01-30,2,,,,
document,DOC-0192,,,,,,,,,,,,Award_Order,DOC-0192,,,,,,,Award_Order_PCL-0368_v1.pdf,,,,,,,,,,,,,,,,PCL-0368,,,PRJ-003,,,,93fc265c35556a5460523bc18b429440d686aa6de04430556d9ec5be505474db,,,,,,,,,,,,District Collector / CALA,2026-03-23,1,,,,
document,DOC-0193,,,,,,,,,,,,Possession_Certificate,DOC-0193,,,,,,,Possession_Certificate_PCL-0044_v1.pdf,,,,,,,,,,,,,,,,PCL-0044,,,PRJ-001,,,,34f0caeb4fd041c6fae238a665e0c064c8fbb69f11c157026cfd2124c00903f6,,,,,,,,,,,,Project Implementing Body,2025-11-06,1,,,,
document,DOC-0194,,,,,,,,,,,,Ownership_Proof,DOC-0194,,,,,,,Ownership_Proof_PCL-0865_v1.pdf,,,,,,,,,,,,,,,,PCL-0865,,,PRJ-006,,,,c783d1b814e38c7ab9d8adbe91d38188ded2b6df677d39dd1df7b908cb401952,,,,,,,,,,,,Landowner,2026-01-08,1,,,,
document,DOC-0195,,,,,,,,,,,,Compensation_Statement,DOC-0195,,,,,,,Compensation_Statement_PCL-0414_v2.pdf,,,,,,,,,,,,,,,,PCL-0414,,,PRJ-003,,,,1483699fab0a193b48b9bc52882c47cfae6f60512553cf742c03755fcb232a51,,,,,,,,,,,,District Collector / CALA,2025-09-20,2,,,,
document,DOC-0196,,,,,,,,,,,,Possession_Certificate,DOC-0196,,,,,,,Possession_Certificate_PCL-0383_v1.pdf,,,,,,,,,,,,,,,,PCL-0383,,,PRJ-003,,,,aefce77d6d9877c560bd6dae42822b1ce31ccb7be9a6446b659e82622d769373,,,,,,,,,,,,Landowner,2025-10-02,1,,,,
document,DOC-0197,,,,,,,,,,,,Possession_Certificate,DOC-0197,,,,,,,Possession_Certificate_PCL-0891_v2.pdf,,,,,,,,,,,,,,,,PCL-0891,,,PRJ-006,,,,452d54e3f124740b7a1e6f08d8b2d092ca025090afc292ec452f1b0ce328d379,,,,,,,,,,,,Project Implementing Body,2026-05-10,2,,,,
document,DOC-0198,,,,,,,,,,,,Possession_Certificate,DOC-0198,,,,,,,Possession_Certificate_PCL-0374_v1.pdf,,,,,,,,,,,,,,,,PCL-0374,,,PRJ-003,,,,3a315ee4ec3083842ebb892c664ba3d688d0c149c3d422d60cdb3d3888580050,,,,,,,,,,,,District Collector / CALA,2026-01-09,1,,,,
document,DOC-0199,,,,,,,,,,,,Preliminary_Notification,DOC-0199,,,,,,,Preliminary_Notification_PCL-0818_v1.pdf,,,,,,,,,,,,,,,,PCL-0818,,,PRJ-006,,,,b619e12339aac754ad062f97f6bccee7a3666386c807b73e97c824562f0d7d3c,,,,,,,,,,,,District Collector / CALA,2025-10-01,1,,,,
document,DOC-0200,,,,,,,,,,,,Possession_Certificate,DOC-0200,,,,,,,Possession_Certificate_PCL-0328_v1.pdf,,,,,,,,,,,,,,,,PCL-0328,,,PRJ-002,,,,ab00202cfcffa4fbcb426b1a1cd24013d844476ed4b842c001223ead778147a4,,,,,,,,,,,,District Collector / CALA,2026-05-16,1,,,,
user,ministry.demo@lams.test,,,,,,,,,,,,,,ministry.demo@lams.test,,,,,,,,,,,,,,,,,,,,,,,Demo@123,,,,Central Ministry,,,,,,,,,,,,,,,,,,,,
user,state.demo@lams.test,,,,,,,,,,,,,,state.demo@lams.test,,,,,,,,,,,,,,Madhya Pradesh,,,,,,,,,Demo@123,,,,State Government,,,,,,,,,,,,,,,,,,,,
user,collector.demo@lams.test,,,,,,,,,,,,,,collector.demo@lams.test,,,,,,,,,,,,,,Narmadapuram,,,,,,,,,Demo@123,,,,District Collector / CALA,,,,,,,,,,,,,,,,,,,,
user,collector.raisen.demo@lams.test,,,,,,,,,,,,,,collector.raisen.demo@lams.test,,,,,,,,,,,,,,Raisen,,,,,,,,,Demo@123,,,,District Collector / CALA,,,,,,,,,,,,,,,,,,,,
user,projectbody.demo@lams.test,,,,,,,,,,,,,,projectbody.demo@lams.test,,,,,,,,,,,,,,PRJ-001,,,,,,,,,Demo@123,,,,Project Implementing Body,,,,,,,,,,,,,,,,,,,,
user,fieldofficer.demo@lams.test,,,,,,,,,,,,,,fieldofficer.demo@lams.test,,,,,,,,,,,,,,Narmadapuram,,,,,,,,,Demo@123,,,,Field Officer,,,,,,,,,,,,,,,,,,,,
user,admin.demo@lams.test,,,,,,,,,,,,,,admin.demo@lams.test,,,,,,,,,,,,,,,,,,,,,,,Demo@123,,,,Admin,,,,,,,,,,,,,,,,,,,,
user,landowner.own-0677@lams.test,,,,,,,,,,,,,,landowner.own-0677@lams.test,,,,,,,,,,,,,,OWN-0677,,,,,,,,,Demo@123,,,,Landowner / Citizen,,,,,,,,,,,,,,,,,,,,
user,landowner.own-0264@lams.test,,,,,,,,,,,,,,landowner.own-0264@lams.test,,,,,,,,,,,,,,OWN-0264,,,,,,,,,Demo@123,,,,Landowner / Citizen,,,,,,,,,,,,,,,,,,,,
user,landowner.own-0483@lams.test,,,,,,,,,,,,,,landowner.own-0483@lams.test,,,,,,,,,,,,,,OWN-0483,,,,,,,,,Demo@123,,,,Landowner / Citizen,,,,,,,,,,,,,,,,,,,,
user,landowner.own-0636@lams.test,,,,,,,,,,,,,,landowner.own-0636@lams.test,,,,,,,,,,,,,,OWN-0636,,,,,,,,,Demo@123,,,,Landowner / Citizen,,,,,,,,,,,,,,,,,,,,
user,landowner.own-0546@lams.test,,,,,,,,,,,,,,landowner.own-0546@lams.test,,,,,,,,,,,,,,OWN-0546,,,,,,,,,Demo@123,,,,Landowner / Citizen,,,,,,,,,,,,,,,,,,,,
